# Columbia Active-Camouflage HOA Surveillance Cruiser OBJ
mtllib CTStealth.mtl
o BODY
usemtl ObjectsGDI
v 22 -9.2 1.8
v 22 9.2 1.8
v 22 9.2 4
v 22 -9.2 4
v 22 -9.2 4
v 22 9.2 4
v 5 9.2 7.8
v 5 -9.2 7.8
v 5 -8.5 7.8
v 5 8.5 7.8
v -1 7.5 11.5
v -1 -7.5 11.5
v -1 -7.5 11.5
v -1 7.5 11.5
v -21 9.2 7.5
v -21 -9.2 7.5
v 22 9.2 1.8
v 5 9.2 2.5
v 5 9.2 7.8
v 22 9.2 4
v 5 9.2 2.5
v -21 9.2 2.5
v -21 9.2 7.5
v 5 9.2 7.8
v 5 9.2 7.8
v -1 9.2 7.8
v -1 7.5 11.5
v -1 9.2 7.8
v -21 9.2 7.5
v -1 7.5 11.5
v 5 -9.2 2.5
v 22 -9.2 1.8
v 22 -9.2 4
v 5 -9.2 7.8
v -21 -9.2 2.5
v 5 -9.2 2.5
v 5 -9.2 7.8
v -21 -9.2 7.5
v -1 -9.2 7.8
v 5 -9.2 7.8
v -1 -7.5 11.5
v -21 -9.2 7.5
v -1 -9.2 7.5
v -1 -7.5 11.5
v -21 9.2 2.5
v -21 -9.2 2.5
v -21 -9.2 7.5
v -21 9.2 7.5
v 22 9.2 1.8
v -21 9.2 2.5
v -21 -9.2 2.5
v 22 -9.2 1.8
v 16.5 9.2 4.5
v 16.5 10.8 4.5
v 16.5 10.8 7.5
v 16.5 9.2 7.5
v 7.5 10.8 4.5
v 7.5 9.2 4.5
v 7.5 9.2 7.5
v 7.5 10.8 7.5
v 16.5 10.8 4.5
v 7.5 10.8 4.5
v 7.5 10.8 7.5
v 16.5 10.8 7.5
v 7.5 9.2 4.5
v 16.5 9.2 4.5
v 16.5 9.2 7.5
v 7.5 9.2 7.5
v 7.5 9.2 7.5
v 16.5 9.2 7.5
v 16.5 10.8 7.5
v 7.5 10.8 7.5
v 16.5 9.2 4.5
v 7.5 9.2 4.5
v 7.5 10.8 4.5
v 16.5 10.8 4.5
v 16.5 -10.8 4.5
v 16.5 -9.2 4.5
v 16.5 -9.2 7.5
v 16.5 -10.8 7.5
v 7.5 -9.2 4.5
v 7.5 -10.8 4.5
v 7.5 -10.8 7.5
v 7.5 -9.2 7.5
v 16.5 -9.2 4.5
v 7.5 -9.2 4.5
v 7.5 -9.2 7.5
v 16.5 -9.2 7.5
v 7.5 -10.8 4.5
v 16.5 -10.8 4.5
v 16.5 -10.8 7.5
v 7.5 -10.8 7.5
v 7.5 -10.8 7.5
v 16.5 -10.8 7.5
v 16.5 -9.2 7.5
v 7.5 -9.2 7.5
v 16.5 -10.8 4.5
v 7.5 -10.8 4.5
v 7.5 -9.2 4.5
v 16.5 -9.2 4.5
v -7.5 9.2 4.5
v -7.5 10.8 4.5
v -7.5 10.8 7.5
v -7.5 9.2 7.5
v -16.5 10.8 4.5
v -16.5 9.2 4.5
v -16.5 9.2 7.5
v -16.5 10.8 7.5
v -7.5 10.8 4.5
v -16.5 10.8 4.5
v -16.5 10.8 7.5
v -7.5 10.8 7.5
v -16.5 9.2 4.5
v -7.5 9.2 4.5
v -7.5 9.2 7.5
v -16.5 9.2 7.5
v -16.5 9.2 7.5
v -7.5 9.2 7.5
v -7.5 10.8 7.5
v -16.5 10.8 7.5
v -7.5 9.2 4.5
v -16.5 9.2 4.5
v -16.5 10.8 4.5
v -7.5 10.8 4.5
v -7.5 -10.8 4.5
v -7.5 -9.2 4.5
v -7.5 -9.2 7.5
v -7.5 -10.8 7.5
v -16.5 -9.2 4.5
v -16.5 -10.8 4.5
v -16.5 -10.8 7.5
v -16.5 -9.2 7.5
v -7.5 -9.2 4.5
v -16.5 -9.2 4.5
v -16.5 -9.2 7.5
v -7.5 -9.2 7.5
v -16.5 -10.8 4.5
v -7.5 -10.8 4.5
v -7.5 -10.8 7.5
v -16.5 -10.8 7.5
v -16.5 -10.8 7.5
v -7.5 -10.8 7.5
v -7.5 -9.2 7.5
v -16.5 -9.2 7.5
v -7.5 -10.8 4.5
v -16.5 -10.8 4.5
v -16.5 -9.2 4.5
v -7.5 -9.2 4.5
v 16.8 9.2 7.3
v 16.8 11 7.3
v 16.8 11 7.7
v 16.8 9.2 7.7
v 7.2 11 7.3
v 7.2 9.2 7.3
v 7.2 9.2 7.7
v 7.2 11 7.7
v 16.8 11 7.3
v 7.2 11 7.3
v 7.2 11 7.7
v 16.8 11 7.7
v 7.2 9.2 7.3
v 16.8 9.2 7.3
v 16.8 9.2 7.7
v 7.2 9.2 7.7
v 7.2 9.2 7.7
v 16.8 9.2 7.7
v 16.8 11 7.7
v 7.2 11 7.7
v 16.8 9.2 7.3
v 7.2 9.2 7.3
v 7.2 11 7.3
v 16.8 11 7.3
v 16.8 -11 7.3
v 16.8 -9.2 7.3
v 16.8 -9.2 7.7
v 16.8 -11 7.7
v 7.2 -9.2 7.3
v 7.2 -11 7.3
v 7.2 -11 7.7
v 7.2 -9.2 7.7
v 16.8 -9.2 7.3
v 7.2 -9.2 7.3
v 7.2 -9.2 7.7
v 16.8 -9.2 7.7
v 7.2 -11 7.3
v 16.8 -11 7.3
v 16.8 -11 7.7
v 7.2 -11 7.7
v 7.2 -11 7.7
v 16.8 -11 7.7
v 16.8 -9.2 7.7
v 7.2 -9.2 7.7
v 16.8 -11 7.3
v 7.2 -11 7.3
v 7.2 -9.2 7.3
v 16.8 -9.2 7.3
v -7.2 9.2 7.3
v -7.2 11 7.3
v -7.2 11 7.7
v -7.2 9.2 7.7
v -16.8 11 7.3
v -16.8 9.2 7.3
v -16.8 9.2 7.7
v -16.8 11 7.7
v -7.2 11 7.3
v -16.8 11 7.3
v -16.8 11 7.7
v -7.2 11 7.7
v -16.8 9.2 7.3
v -7.2 9.2 7.3
v -7.2 9.2 7.7
v -16.8 9.2 7.7
v -16.8 9.2 7.7
v -7.2 9.2 7.7
v -7.2 11 7.7
v -16.8 11 7.7
v -7.2 9.2 7.3
v -16.8 9.2 7.3
v -16.8 11 7.3
v -7.2 11 7.3
v -7.2 -11 7.3
v -7.2 -9.2 7.3
v -7.2 -9.2 7.7
v -7.2 -11 7.7
v -16.8 -9.2 7.3
v -16.8 -11 7.3
v -16.8 -11 7.7
v -16.8 -9.2 7.7
v -7.2 -9.2 7.3
v -16.8 -9.2 7.3
v -16.8 -9.2 7.7
v -7.2 -9.2 7.7
v -16.8 -11 7.3
v -7.2 -11 7.3
v -7.2 -11 7.7
v -16.8 -11 7.7
v -16.8 -11 7.7
v -7.2 -11 7.7
v -7.2 -9.2 7.7
v -16.8 -9.2 7.7
v -7.2 -11 7.3
v -16.8 -11 7.3
v -16.8 -9.2 7.3
v -7.2 -9.2 7.3
v 21.5 9.25 1
v -20.5 9.25 1
v -20.5 9.25 2.8
v 21.5 9.25 2.8
v -20.5 -9.25 1
v 21.5 -9.25 1
v 21.5 -9.25 2.8
v -20.5 -9.25 2.8
v 23.5 -10.5 0.8
v 23.5 10.5 0.8
v 23.5 10.5 1.8
v 23.5 -10.5 1.8
v 18.5 10.5 0.8
v 18.5 -10.5 0.8
v 18.5 -10.5 1.8
v 18.5 10.5 1.8
v 23.5 10.5 0.8
v 18.5 10.5 0.8
v 18.5 10.5 1.8
v 23.5 10.5 1.8
v 18.5 -10.5 0.8
v 23.5 -10.5 0.8
v 23.5 -10.5 1.8
v 18.5 -10.5 1.8
v 18.5 -10.5 1.8
v 23.5 -10.5 1.8
v 23.5 10.5 1.8
v 18.5 10.5 1.8
v 23.5 -10.5 0.8
v 18.5 -10.5 0.8
v 18.5 10.5 0.8
v 23.5 10.5 0.8
v 23 9.2 1.8
v 23 10.5 1.8
v 23 10.5 3.2
v 23 9.2 3.2
v 19 10.5 1.8
v 19 9.2 1.8
v 19 9.2 3.2
v 19 10.5 3.2
v 23 10.5 1.8
v 19 10.5 1.8
v 19 10.5 3.2
v 23 10.5 3.2
v 19 9.2 1.8
v 23 9.2 1.8
v 23 9.2 3.2
v 19 9.2 3.2
v 19 9.2 3.2
v 23 9.2 3.2
v 23 10.5 3.2
v 19 10.5 3.2
v 23 9.2 1.8
v 19 9.2 1.8
v 19 10.5 1.8
v 23 10.5 1.8
v 23 -10.5 1.8
v 23 -9.2 1.8
v 23 -9.2 3.2
v 23 -10.5 3.2
v 19 -9.2 1.8
v 19 -10.5 1.8
v 19 -10.5 3.2
v 19 -9.2 3.2
v 23 -9.2 1.8
v 19 -9.2 1.8
v 19 -9.2 3.2
v 23 -9.2 3.2
v 19 -10.5 1.8
v 23 -10.5 1.8
v 23 -10.5 3.2
v 19 -10.5 3.2
v 19 -10.5 3.2
v 23 -10.5 3.2
v 23 -9.2 3.2
v 19 -9.2 3.2
v 23 -10.5 1.8
v 19 -10.5 1.8
v 19 -9.2 1.8
v 23 -9.2 1.8
v -20.5 -9 0.8
v -20.5 9 0.8
v -20.5 9 2.5
v -20.5 -9 2.5
v -23 9 0.8
v -23 -9 0.8
v -23 -9 2.5
v -23 9 2.5
v -20.5 9 0.8
v -23 9 0.8
v -23 9 2.5
v -20.5 9 2.5
v -23 -9 0.8
v -20.5 -9 0.8
v -20.5 -9 2.5
v -23 -9 2.5
v -23 -9 2.5
v -20.5 -9 2.5
v -20.5 9 2.5
v -23 9 2.5
v -20.5 -9 0.8
v -23 -9 0.8
v -23 9 0.8
v -20.5 9 0.8
v -20.5 -7.15 0.8
v -20.5 -6.85 0.8
v -20.5 -6.85 2.2
v -20.5 -7.15 2.2
v -23.2 -6.85 0.8
v -23.2 -7.15 0.8
v -23.2 -7.15 2.2
v -23.2 -6.85 2.2
v -20.5 -6.85 0.8
v -23.2 -6.85 0.8
v -23.2 -6.85 2.2
v -20.5 -6.85 2.2
v -23.2 -7.15 0.8
v -20.5 -7.15 0.8
v -20.5 -7.15 2.2
v -23.2 -7.15 2.2
v -23.2 -7.15 2.2
v -20.5 -7.15 2.2
v -20.5 -6.85 2.2
v -23.2 -6.85 2.2
v -20.5 -7.15 0.8
v -23.2 -7.15 0.8
v -23.2 -6.85 0.8
v -20.5 -6.85 0.8
v -20.5 -2.65 0.8
v -20.5 -2.35 0.8
v -20.5 -2.35 2.2
v -20.5 -2.65 2.2
v -23.2 -2.35 0.8
v -23.2 -2.65 0.8
v -23.2 -2.65 2.2
v -23.2 -2.35 2.2
v -20.5 -2.35 0.8
v -23.2 -2.35 0.8
v -23.2 -2.35 2.2
v -20.5 -2.35 2.2
v -23.2 -2.65 0.8
v -20.5 -2.65 0.8
v -20.5 -2.65 2.2
v -23.2 -2.65 2.2
v -23.2 -2.65 2.2
v -20.5 -2.65 2.2
v -20.5 -2.35 2.2
v -23.2 -2.35 2.2
v -20.5 -2.65 0.8
v -23.2 -2.65 0.8
v -23.2 -2.35 0.8
v -20.5 -2.35 0.8
v -20.5 2.35 0.8
v -20.5 2.65 0.8
v -20.5 2.65 2.2
v -20.5 2.35 2.2
v -23.2 2.65 0.8
v -23.2 2.35 0.8
v -23.2 2.35 2.2
v -23.2 2.65 2.2
v -20.5 2.65 0.8
v -23.2 2.65 0.8
v -23.2 2.65 2.2
v -20.5 2.65 2.2
v -23.2 2.35 0.8
v -20.5 2.35 0.8
v -20.5 2.35 2.2
v -23.2 2.35 2.2
v -23.2 2.35 2.2
v -20.5 2.35 2.2
v -20.5 2.65 2.2
v -23.2 2.65 2.2
v -20.5 2.35 0.8
v -23.2 2.35 0.8
v -23.2 2.65 0.8
v -20.5 2.65 0.8
v -20.5 6.85 0.8
v -20.5 7.15 0.8
v -20.5 7.15 2.2
v -20.5 6.85 2.2
v -23.2 7.15 0.8
v -23.2 6.85 0.8
v -23.2 6.85 2.2
v -23.2 7.15 2.2
v -20.5 7.15 0.8
v -23.2 7.15 0.8
v -23.2 7.15 2.2
v -20.5 7.15 2.2
v -23.2 6.85 0.8
v -20.5 6.85 0.8
v -20.5 6.85 2.2
v -23.2 6.85 2.2
v -23.2 6.85 2.2
v -20.5 6.85 2.2
v -20.5 7.15 2.2
v -23.2 7.15 2.2
v -20.5 6.85 0.8
v -23.2 6.85 0.8
v -23.2 7.15 0.8
v -20.5 7.15 0.8
v 3.5 9.28 3.8
v -3.5 9.28 3.8
v -3.5 9.28 7
v 3.5 9.28 7
v -3.5 -9.28 3.8
v 3.5 -9.28 3.8
v 3.5 -9.28 7
v -3.5 -9.28 7
v -8 9.28 3.8
v -16 9.28 3.8
v -16 9.28 6.8
v -8 9.28 6.8
v -16 -9.28 3.8
v -8 -9.28 3.8
v -8 -9.28 6.8
v -16 -9.28 6.8
v 6.5 9.2 7.8
v 6.5 11.2 7.8
v 6.5 11.2 8.8
v 6.5 9.2 8.8
v 4 11.2 7.8
v 4 9.2 7.8
v 4 9.2 8.8
v 4 11.2 8.8
v 6.5 11.2 7.8
v 4 11.2 7.8
v 4 11.2 8.8
v 6.5 11.2 8.8
v 4 9.2 7.8
v 6.5 9.2 7.8
v 6.5 9.2 8.8
v 4 9.2 8.8
v 4 9.2 8.8
v 6.5 9.2 8.8
v 6.5 11.2 8.8
v 4 11.2 8.8
v 6.5 9.2 7.8
v 4 9.2 7.8
v 4 11.2 7.8
v 6.5 11.2 7.8
v 6.2 10.95 8.3
v 6.2 10.903109 8.475
v 6.6 10.903109 8.475
v 6.6 10.95 8.3
v 6.6 10.6 8.3
v 6.6 10.903109 8.475
v 6.6 10.95 8.3
v 6.2 10.903109 8.475
v 6.2 10.775 8.603109
v 6.6 10.775 8.603109
v 6.6 10.903109 8.475
v 6.6 10.6 8.3
v 6.6 10.775 8.603109
v 6.6 10.903109 8.475
v 6.2 10.775 8.603109
v 6.2 10.6 8.65
v 6.6 10.6 8.65
v 6.6 10.775 8.603109
v 6.6 10.6 8.3
v 6.6 10.6 8.65
v 6.6 10.775 8.603109
v 6.2 10.6 8.65
v 6.2 10.425 8.603109
v 6.6 10.425 8.603109
v 6.6 10.6 8.65
v 6.6 10.6 8.3
v 6.6 10.425 8.603109
v 6.6 10.6 8.65
v 6.2 10.425 8.603109
v 6.2 10.296891 8.475
v 6.6 10.296891 8.475
v 6.6 10.425 8.603109
v 6.6 10.6 8.3
v 6.6 10.296891 8.475
v 6.6 10.425 8.603109
v 6.2 10.296891 8.475
v 6.2 10.25 8.3
v 6.6 10.25 8.3
v 6.6 10.296891 8.475
v 6.6 10.6 8.3
v 6.6 10.25 8.3
v 6.6 10.296891 8.475
v 6.2 10.25 8.3
v 6.2 10.296891 8.125
v 6.6 10.296891 8.125
v 6.6 10.25 8.3
v 6.6 10.6 8.3
v 6.6 10.296891 8.125
v 6.6 10.25 8.3
v 6.2 10.296891 8.125
v 6.2 10.425 7.996891
v 6.6 10.425 7.996891
v 6.6 10.296891 8.125
v 6.6 10.6 8.3
v 6.6 10.425 7.996891
v 6.6 10.296891 8.125
v 6.2 10.425 7.996891
v 6.2 10.6 7.95
v 6.6 10.6 7.95
v 6.6 10.425 7.996891
v 6.6 10.6 8.3
v 6.6 10.6 7.95
v 6.6 10.425 7.996891
v 6.2 10.6 7.95
v 6.2 10.775 7.996891
v 6.6 10.775 7.996891
v 6.6 10.6 7.95
v 6.6 10.6 8.3
v 6.6 10.775 7.996891
v 6.6 10.6 7.95
v 6.2 10.775 7.996891
v 6.2 10.903109 8.125
v 6.6 10.903109 8.125
v 6.6 10.775 7.996891
v 6.6 10.6 8.3
v 6.6 10.903109 8.125
v 6.6 10.775 7.996891
v 6.2 10.903109 8.125
v 6.2 10.95 8.3
v 6.6 10.95 8.3
v 6.6 10.903109 8.125
v 6.6 10.6 8.3
v 6.6 10.95 8.3
v 6.6 10.903109 8.125
v 6.5 -11.2 7.8
v 6.5 -9.2 7.8
v 6.5 -9.2 8.8
v 6.5 -11.2 8.8
v 4 -9.2 7.8
v 4 -11.2 7.8
v 4 -11.2 8.8
v 4 -9.2 8.8
v 6.5 -9.2 7.8
v 4 -9.2 7.8
v 4 -9.2 8.8
v 6.5 -9.2 8.8
v 4 -11.2 7.8
v 6.5 -11.2 7.8
v 6.5 -11.2 8.8
v 4 -11.2 8.8
v 4 -11.2 8.8
v 6.5 -11.2 8.8
v 6.5 -9.2 8.8
v 4 -9.2 8.8
v 6.5 -11.2 7.8
v 4 -11.2 7.8
v 4 -9.2 7.8
v 6.5 -9.2 7.8
v 6.2 -10.25 8.3
v 6.2 -10.296891 8.475
v 6.6 -10.296891 8.475
v 6.6 -10.25 8.3
v 6.6 -10.6 8.3
v 6.6 -10.296891 8.475
v 6.6 -10.25 8.3
v 6.2 -10.296891 8.475
v 6.2 -10.425 8.603109
v 6.6 -10.425 8.603109
v 6.6 -10.296891 8.475
v 6.6 -10.6 8.3
v 6.6 -10.425 8.603109
v 6.6 -10.296891 8.475
v 6.2 -10.425 8.603109
v 6.2 -10.6 8.65
v 6.6 -10.6 8.65
v 6.6 -10.425 8.603109
v 6.6 -10.6 8.3
v 6.6 -10.6 8.65
v 6.6 -10.425 8.603109
v 6.2 -10.6 8.65
v 6.2 -10.775 8.603109
v 6.6 -10.775 8.603109
v 6.6 -10.6 8.65
v 6.6 -10.6 8.3
v 6.6 -10.775 8.603109
v 6.6 -10.6 8.65
v 6.2 -10.775 8.603109
v 6.2 -10.903109 8.475
v 6.6 -10.903109 8.475
v 6.6 -10.775 8.603109
v 6.6 -10.6 8.3
v 6.6 -10.903109 8.475
v 6.6 -10.775 8.603109
v 6.2 -10.903109 8.475
v 6.2 -10.95 8.3
v 6.6 -10.95 8.3
v 6.6 -10.903109 8.475
v 6.6 -10.6 8.3
v 6.6 -10.95 8.3
v 6.6 -10.903109 8.475
v 6.2 -10.95 8.3
v 6.2 -10.903109 8.125
v 6.6 -10.903109 8.125
v 6.6 -10.95 8.3
v 6.6 -10.6 8.3
v 6.6 -10.903109 8.125
v 6.6 -10.95 8.3
v 6.2 -10.903109 8.125
v 6.2 -10.775 7.996891
v 6.6 -10.775 7.996891
v 6.6 -10.903109 8.125
v 6.6 -10.6 8.3
v 6.6 -10.775 7.996891
v 6.6 -10.903109 8.125
v 6.2 -10.775 7.996891
v 6.2 -10.6 7.95
v 6.6 -10.6 7.95
v 6.6 -10.775 7.996891
v 6.6 -10.6 8.3
v 6.6 -10.6 7.95
v 6.6 -10.775 7.996891
v 6.2 -10.6 7.95
v 6.2 -10.425 7.996891
v 6.6 -10.425 7.996891
v 6.6 -10.6 7.95
v 6.6 -10.6 8.3
v 6.6 -10.425 7.996891
v 6.6 -10.6 7.95
v 6.2 -10.425 7.996891
v 6.2 -10.296891 8.125
v 6.6 -10.296891 8.125
v 6.6 -10.425 7.996891
v 6.6 -10.6 8.3
v 6.6 -10.296891 8.125
v 6.6 -10.425 7.996891
v 6.2 -10.296891 8.125
v 6.2 -10.25 8.3
v 6.6 -10.25 8.3
v 6.6 -10.296891 8.125
v 6.6 -10.6 8.3
v 6.6 -10.25 8.3
v 6.6 -10.296891 8.125
v 4 -3.2 11.2
v 4 3.2 11.2
v 4 3.2 12.6
v 4 -3.2 12.6
v 0 3.2 11.2
v 0 -3.2 11.2
v 0 -3.2 12.6
v 0 3.2 12.6
v 4 3.2 11.2
v 0 3.2 11.2
v 0 3.2 12.6
v 4 3.2 12.6
v 0 -3.2 11.2
v 4 -3.2 11.2
v 4 -3.2 12.6
v 0 -3.2 12.6
v 0 -3.2 12.6
v 4 -3.2 12.6
v 4 3.2 12.6
v 0 3.2 12.6
v 4 -3.2 11.2
v 0 -3.2 11.2
v 0 3.2 11.2
v 4 3.2 11.2
v 3.8 0 12.15
v 3.738666 0.465874 12.15
v 3.738666 0.465874 13.05
v 3.8 0 13.05
v 2 0 13.05
v 3.8 0 13.05
v 3.738666 0.465874 13.05
v 3.738666 0.465874 12.15
v 3.558846 0.9 12.15
v 3.558846 0.9 13.05
v 3.738666 0.465874 13.05
v 2 0 13.05
v 3.738666 0.465874 13.05
v 3.558846 0.9 13.05
v 3.558846 0.9 12.15
v 3.272792 1.272792 12.15
v 3.272792 1.272792 13.05
v 3.558846 0.9 13.05
v 2 0 13.05
v 3.558846 0.9 13.05
v 3.272792 1.272792 13.05
v 3.272792 1.272792 12.15
v 2.9 1.558846 12.15
v 2.9 1.558846 13.05
v 3.272792 1.272792 13.05
v 2 0 13.05
v 3.272792 1.272792 13.05
v 2.9 1.558846 13.05
v 2.9 1.558846 12.15
v 2.465874 1.738666 12.15
v 2.465874 1.738666 13.05
v 2.9 1.558846 13.05
v 2 0 13.05
v 2.9 1.558846 13.05
v 2.465874 1.738666 13.05
v 2.465874 1.738666 12.15
v 2 1.8 12.15
v 2 1.8 13.05
v 2.465874 1.738666 13.05
v 2 0 13.05
v 2.465874 1.738666 13.05
v 2 1.8 13.05
v 2 1.8 12.15
v 1.534126 1.738666 12.15
v 1.534126 1.738666 13.05
v 2 1.8 13.05
v 2 0 13.05
v 2 1.8 13.05
v 1.534126 1.738666 13.05
v 1.534126 1.738666 12.15
v 1.1 1.558846 12.15
v 1.1 1.558846 13.05
v 1.534126 1.738666 13.05
v 2 0 13.05
v 1.534126 1.738666 13.05
v 1.1 1.558846 13.05
v 1.1 1.558846 12.15
v 0.727208 1.272792 12.15
v 0.727208 1.272792 13.05
v 1.1 1.558846 13.05
v 2 0 13.05
v 1.1 1.558846 13.05
v 0.727208 1.272792 13.05
v 0.727208 1.272792 12.15
v 0.441154 0.9 12.15
v 0.441154 0.9 13.05
v 0.727208 1.272792 13.05
v 2 0 13.05
v 0.727208 1.272792 13.05
v 0.441154 0.9 13.05
v 0.441154 0.9 12.15
v 0.261334 0.465874 12.15
v 0.261334 0.465874 13.05
v 0.441154 0.9 13.05
v 2 0 13.05
v 0.441154 0.9 13.05
v 0.261334 0.465874 13.05
v 0.261334 0.465874 12.15
v 0.2 0 12.15
v 0.2 0 13.05
v 0.261334 0.465874 13.05
v 2 0 13.05
v 0.261334 0.465874 13.05
v 0.2 0 13.05
v 0.2 0 12.15
v 0.261334 -0.465874 12.15
v 0.261334 -0.465874 13.05
v 0.2 0 13.05
v 2 0 13.05
v 0.2 0 13.05
v 0.261334 -0.465874 13.05
v 0.261334 -0.465874 12.15
v 0.441154 -0.9 12.15
v 0.441154 -0.9 13.05
v 0.261334 -0.465874 13.05
v 2 0 13.05
v 0.261334 -0.465874 13.05
v 0.441154 -0.9 13.05
v 0.441154 -0.9 12.15
v 0.727208 -1.272792 12.15
v 0.727208 -1.272792 13.05
v 0.441154 -0.9 13.05
v 2 0 13.05
v 0.441154 -0.9 13.05
v 0.727208 -1.272792 13.05
v 0.727208 -1.272792 12.15
v 1.1 -1.558846 12.15
v 1.1 -1.558846 13.05
v 0.727208 -1.272792 13.05
v 2 0 13.05
v 0.727208 -1.272792 13.05
v 1.1 -1.558846 13.05
v 1.1 -1.558846 12.15
v 1.534126 -1.738666 12.15
v 1.534126 -1.738666 13.05
v 1.1 -1.558846 13.05
v 2 0 13.05
v 1.1 -1.558846 13.05
v 1.534126 -1.738666 13.05
v 1.534126 -1.738666 12.15
v 2 -1.8 12.15
v 2 -1.8 13.05
v 1.534126 -1.738666 13.05
v 2 0 13.05
v 1.534126 -1.738666 13.05
v 2 -1.8 13.05
v 2 -1.8 12.15
v 2.465874 -1.738666 12.15
v 2.465874 -1.738666 13.05
v 2 -1.8 13.05
v 2 0 13.05
v 2 -1.8 13.05
v 2.465874 -1.738666 13.05
v 2.465874 -1.738666 12.15
v 2.9 -1.558846 12.15
v 2.9 -1.558846 13.05
v 2.465874 -1.738666 13.05
v 2 0 13.05
v 2.465874 -1.738666 13.05
v 2.9 -1.558846 13.05
v 2.9 -1.558846 12.15
v 3.272792 -1.272792 12.15
v 3.272792 -1.272792 13.05
v 2.9 -1.558846 13.05
v 2 0 13.05
v 2.9 -1.558846 13.05
v 3.272792 -1.272792 13.05
v 3.272792 -1.272792 12.15
v 3.558846 -0.9 12.15
v 3.558846 -0.9 13.05
v 3.272792 -1.272792 13.05
v 2 0 13.05
v 3.272792 -1.272792 13.05
v 3.558846 -0.9 13.05
v 3.558846 -0.9 12.15
v 3.738666 -0.465874 12.15
v 3.738666 -0.465874 13.05
v 3.558846 -0.9 13.05
v 2 0 13.05
v 3.558846 -0.9 13.05
v 3.738666 -0.465874 13.05
v 3.738666 -0.465874 12.15
v 3.8 0 12.15
v 3.8 0 13.05
v 3.738666 -0.465874 13.05
v 2 0 13.05
v 3.738666 -0.465874 13.05
v 3.8 0 13.05
v 4.2 0 13
v 4.125037 0.569402 13
v 4.125037 0.569402 14
v 4.2 0 14
v 2 0 14
v 4.2 0 14
v 4.125037 0.569402 14
v 4.125037 0.569402 13
v 3.905256 1.1 13
v 3.905256 1.1 14
v 4.125037 0.569402 14
v 2 0 14
v 4.125037 0.569402 14
v 3.905256 1.1 14
v 3.905256 1.1 13
v 3.555635 1.555635 13
v 3.555635 1.555635 14
v 3.905256 1.1 14
v 2 0 14
v 3.905256 1.1 14
v 3.555635 1.555635 14
v 3.555635 1.555635 13
v 3.1 1.905256 13
v 3.1 1.905256 14
v 3.555635 1.555635 14
v 2 0 14
v 3.555635 1.555635 14
v 3.1 1.905256 14
v 3.1 1.905256 13
v 2.569402 2.125037 13
v 2.569402 2.125037 14
v 3.1 1.905256 14
v 2 0 14
v 3.1 1.905256 14
v 2.569402 2.125037 14
v 2.569402 2.125037 13
v 2 2.2 13
v 2 2.2 14
v 2.569402 2.125037 14
v 2 0 14
v 2.569402 2.125037 14
v 2 2.2 14
v 2 2.2 13
v 1.430598 2.125037 13
v 1.430598 2.125037 14
v 2 2.2 14
v 2 0 14
v 2 2.2 14
v 1.430598 2.125037 14
v 1.430598 2.125037 13
v 0.9 1.905256 13
v 0.9 1.905256 14
v 1.430598 2.125037 14
v 2 0 14
v 1.430598 2.125037 14
v 0.9 1.905256 14
v 0.9 1.905256 13
v 0.444365 1.555635 13
v 0.444365 1.555635 14
v 0.9 1.905256 14
v 2 0 14
v 0.9 1.905256 14
v 0.444365 1.555635 14
v 0.444365 1.555635 13
v 0.094744 1.1 13
v 0.094744 1.1 14
v 0.444365 1.555635 14
v 2 0 14
v 0.444365 1.555635 14
v 0.094744 1.1 14
v 0.094744 1.1 13
v -0.125037 0.569402 13
v -0.125037 0.569402 14
v 0.094744 1.1 14
v 2 0 14
v 0.094744 1.1 14
v -0.125037 0.569402 14
v -0.125037 0.569402 13
v -0.2 0 13
v -0.2 0 14
v -0.125037 0.569402 14
v 2 0 14
v -0.125037 0.569402 14
v -0.2 0 14
v -0.2 0 13
v -0.125037 -0.569402 13
v -0.125037 -0.569402 14
v -0.2 0 14
v 2 0 14
v -0.2 0 14
v -0.125037 -0.569402 14
v -0.125037 -0.569402 13
v 0.094744 -1.1 13
v 0.094744 -1.1 14
v -0.125037 -0.569402 14
v 2 0 14
v -0.125037 -0.569402 14
v 0.094744 -1.1 14
v 0.094744 -1.1 13
v 0.444365 -1.555635 13
v 0.444365 -1.555635 14
v 0.094744 -1.1 14
v 2 0 14
v 0.094744 -1.1 14
v 0.444365 -1.555635 14
v 0.444365 -1.555635 13
v 0.9 -1.905256 13
v 0.9 -1.905256 14
v 0.444365 -1.555635 14
v 2 0 14
v 0.444365 -1.555635 14
v 0.9 -1.905256 14
v 0.9 -1.905256 13
v 1.430598 -2.125037 13
v 1.430598 -2.125037 14
v 0.9 -1.905256 14
v 2 0 14
v 0.9 -1.905256 14
v 1.430598 -2.125037 14
v 1.430598 -2.125037 13
v 2 -2.2 13
v 2 -2.2 14
v 1.430598 -2.125037 14
v 2 0 14
v 1.430598 -2.125037 14
v 2 -2.2 14
v 2 -2.2 13
v 2.569402 -2.125037 13
v 2.569402 -2.125037 14
v 2 -2.2 14
v 2 0 14
v 2 -2.2 14
v 2.569402 -2.125037 14
v 2.569402 -2.125037 13
v 3.1 -1.905256 13
v 3.1 -1.905256 14
v 2.569402 -2.125037 14
v 2 0 14
v 2.569402 -2.125037 14
v 3.1 -1.905256 14
v 3.1 -1.905256 13
v 3.555635 -1.555635 13
v 3.555635 -1.555635 14
v 3.1 -1.905256 14
v 2 0 14
v 3.1 -1.905256 14
v 3.555635 -1.555635 14
v 3.555635 -1.555635 13
v 3.905256 -1.1 13
v 3.905256 -1.1 14
v 3.555635 -1.555635 14
v 2 0 14
v 3.555635 -1.555635 14
v 3.905256 -1.1 14
v 3.905256 -1.1 13
v 4.125037 -0.569402 13
v 4.125037 -0.569402 14
v 3.905256 -1.1 14
v 2 0 14
v 3.905256 -1.1 14
v 4.125037 -0.569402 14
v 4.125037 -0.569402 13
v 4.2 0 13
v 4.2 0 14
v 4.125037 -0.569402 14
v 2 0 14
v 4.125037 -0.569402 14
v 4.2 0 14
v 3.8 0 14.15
v 3.738666 0.465874 14.15
v 3.738666 0.465874 14.65
v 3.8 0 14.65
v 2 0 14.65
v 3.8 0 14.65
v 3.738666 0.465874 14.65
v 3.738666 0.465874 14.15
v 3.558846 0.9 14.15
v 3.558846 0.9 14.65
v 3.738666 0.465874 14.65
v 2 0 14.65
v 3.738666 0.465874 14.65
v 3.558846 0.9 14.65
v 3.558846 0.9 14.15
v 3.272792 1.272792 14.15
v 3.272792 1.272792 14.65
v 3.558846 0.9 14.65
v 2 0 14.65
v 3.558846 0.9 14.65
v 3.272792 1.272792 14.65
v 3.272792 1.272792 14.15
v 2.9 1.558846 14.15
v 2.9 1.558846 14.65
v 3.272792 1.272792 14.65
v 2 0 14.65
v 3.272792 1.272792 14.65
v 2.9 1.558846 14.65
v 2.9 1.558846 14.15
v 2.465874 1.738666 14.15
v 2.465874 1.738666 14.65
v 2.9 1.558846 14.65
v 2 0 14.65
v 2.9 1.558846 14.65
v 2.465874 1.738666 14.65
v 2.465874 1.738666 14.15
v 2 1.8 14.15
v 2 1.8 14.65
v 2.465874 1.738666 14.65
v 2 0 14.65
v 2.465874 1.738666 14.65
v 2 1.8 14.65
v 2 1.8 14.15
v 1.534126 1.738666 14.15
v 1.534126 1.738666 14.65
v 2 1.8 14.65
v 2 0 14.65
v 2 1.8 14.65
v 1.534126 1.738666 14.65
v 1.534126 1.738666 14.15
v 1.1 1.558846 14.15
v 1.1 1.558846 14.65
v 1.534126 1.738666 14.65
v 2 0 14.65
v 1.534126 1.738666 14.65
v 1.1 1.558846 14.65
v 1.1 1.558846 14.15
v 0.727208 1.272792 14.15
v 0.727208 1.272792 14.65
v 1.1 1.558846 14.65
v 2 0 14.65
v 1.1 1.558846 14.65
v 0.727208 1.272792 14.65
v 0.727208 1.272792 14.15
v 0.441154 0.9 14.15
v 0.441154 0.9 14.65
v 0.727208 1.272792 14.65
v 2 0 14.65
v 0.727208 1.272792 14.65
v 0.441154 0.9 14.65
v 0.441154 0.9 14.15
v 0.261334 0.465874 14.15
v 0.261334 0.465874 14.65
v 0.441154 0.9 14.65
v 2 0 14.65
v 0.441154 0.9 14.65
v 0.261334 0.465874 14.65
v 0.261334 0.465874 14.15
v 0.2 0 14.15
v 0.2 0 14.65
v 0.261334 0.465874 14.65
v 2 0 14.65
v 0.261334 0.465874 14.65
v 0.2 0 14.65
v 0.2 0 14.15
v 0.261334 -0.465874 14.15
v 0.261334 -0.465874 14.65
v 0.2 0 14.65
v 2 0 14.65
v 0.2 0 14.65
v 0.261334 -0.465874 14.65
v 0.261334 -0.465874 14.15
v 0.441154 -0.9 14.15
v 0.441154 -0.9 14.65
v 0.261334 -0.465874 14.65
v 2 0 14.65
v 0.261334 -0.465874 14.65
v 0.441154 -0.9 14.65
v 0.441154 -0.9 14.15
v 0.727208 -1.272792 14.15
v 0.727208 -1.272792 14.65
v 0.441154 -0.9 14.65
v 2 0 14.65
v 0.441154 -0.9 14.65
v 0.727208 -1.272792 14.65
v 0.727208 -1.272792 14.15
v 1.1 -1.558846 14.15
v 1.1 -1.558846 14.65
v 0.727208 -1.272792 14.65
v 2 0 14.65
v 0.727208 -1.272792 14.65
v 1.1 -1.558846 14.65
v 1.1 -1.558846 14.15
v 1.534126 -1.738666 14.15
v 1.534126 -1.738666 14.65
v 1.1 -1.558846 14.65
v 2 0 14.65
v 1.1 -1.558846 14.65
v 1.534126 -1.738666 14.65
v 1.534126 -1.738666 14.15
v 2 -1.8 14.15
v 2 -1.8 14.65
v 1.534126 -1.738666 14.65
v 2 0 14.65
v 1.534126 -1.738666 14.65
v 2 -1.8 14.65
v 2 -1.8 14.15
v 2.465874 -1.738666 14.15
v 2.465874 -1.738666 14.65
v 2 -1.8 14.65
v 2 0 14.65
v 2 -1.8 14.65
v 2.465874 -1.738666 14.65
v 2.465874 -1.738666 14.15
v 2.9 -1.558846 14.15
v 2.9 -1.558846 14.65
v 2.465874 -1.738666 14.65
v 2 0 14.65
v 2.465874 -1.738666 14.65
v 2.9 -1.558846 14.65
v 2.9 -1.558846 14.15
v 3.272792 -1.272792 14.15
v 3.272792 -1.272792 14.65
v 2.9 -1.558846 14.65
v 2 0 14.65
v 2.9 -1.558846 14.65
v 3.272792 -1.272792 14.65
v 3.272792 -1.272792 14.15
v 3.558846 -0.9 14.15
v 3.558846 -0.9 14.65
v 3.272792 -1.272792 14.65
v 2 0 14.65
v 3.272792 -1.272792 14.65
v 3.558846 -0.9 14.65
v 3.558846 -0.9 14.15
v 3.738666 -0.465874 14.15
v 3.738666 -0.465874 14.65
v 3.558846 -0.9 14.65
v 2 0 14.65
v 3.558846 -0.9 14.65
v 3.738666 -0.465874 14.65
v 3.738666 -0.465874 14.15
v 3.8 0 14.15
v 3.8 0 14.65
v 3.738666 -0.465874 14.65
v 2 0 14.65
v 3.738666 -0.465874 14.65
v 3.8 0 14.65
vt 0.03 0.72
vt 0.22 0.72
vt 0.22 0.53
vt 0.03 0.53
vt 0.03 0.22
vt 0.22 0.22
vt 0.22 0.03
vt 0.03 0.03
vt 0.03 0.47
vt 0.22 0.47
vt 0.22 0.28
vt 0.03 0.28
vt 0.03 0.47
vt 0.22 0.47
vt 0.22 0.28
vt 0.03 0.28
vt 0.03 0.22
vt 0.22 0.22
vt 0.22 0.03
vt 0.03 0.03
vt 0.03 0.22
vt 0.22 0.22
vt 0.22 0.03
vt 0.03 0.03
vt 0.03 0.47
vt 0.22 0.47
vt 0.22 0.28
vt 0.03 0.47
vt 0.22 0.47
vt 0.03 0.28
vt 0.03 0.22
vt 0.22 0.22
vt 0.22 0.03
vt 0.03 0.03
vt 0.03 0.22
vt 0.22 0.22
vt 0.22 0.03
vt 0.03 0.03
vt 0.03 0.47
vt 0.22 0.47
vt 0.22 0.28
vt 0.03 0.47
vt 0.22 0.47
vt 0.03 0.28
vt 0.78 0.72
vt 0.97 0.72
vt 0.97 0.53
vt 0.78 0.53
vt 0.53 0.22
vt 0.72 0.22
vt 0.72 0.03
vt 0.53 0.03
vt 0.03 0.22
vt 0.22 0.22
vt 0.22 0.03
vt 0.03 0.03
vt 0.03 0.22
vt 0.22 0.22
vt 0.22 0.03
vt 0.03 0.03
vt 0.03 0.22
vt 0.22 0.22
vt 0.22 0.03
vt 0.03 0.03
vt 0.03 0.22
vt 0.22 0.22
vt 0.22 0.03
vt 0.03 0.03
vt 0.03 0.22
vt 0.22 0.22
vt 0.22 0.03
vt 0.03 0.03
vt 0.03 0.22
vt 0.22 0.22
vt 0.22 0.03
vt 0.03 0.03
vt 0.03 0.22
vt 0.22 0.22
vt 0.22 0.03
vt 0.03 0.03
vt 0.03 0.22
vt 0.22 0.22
vt 0.22 0.03
vt 0.03 0.03
vt 0.03 0.22
vt 0.22 0.22
vt 0.22 0.03
vt 0.03 0.03
vt 0.03 0.22
vt 0.22 0.22
vt 0.22 0.03
vt 0.03 0.03
vt 0.03 0.22
vt 0.22 0.22
vt 0.22 0.03
vt 0.03 0.03
vt 0.03 0.22
vt 0.22 0.22
vt 0.22 0.03
vt 0.03 0.03
vt 0.03 0.22
vt 0.22 0.22
vt 0.22 0.03
vt 0.03 0.03
vt 0.03 0.22
vt 0.22 0.22
vt 0.22 0.03
vt 0.03 0.03
vt 0.03 0.22
vt 0.22 0.22
vt 0.22 0.03
vt 0.03 0.03
vt 0.03 0.22
vt 0.22 0.22
vt 0.22 0.03
vt 0.03 0.03
vt 0.03 0.22
vt 0.22 0.22
vt 0.22 0.03
vt 0.03 0.03
vt 0.03 0.22
vt 0.22 0.22
vt 0.22 0.03
vt 0.03 0.03
vt 0.03 0.22
vt 0.22 0.22
vt 0.22 0.03
vt 0.03 0.03
vt 0.03 0.22
vt 0.22 0.22
vt 0.22 0.03
vt 0.03 0.03
vt 0.03 0.22
vt 0.22 0.22
vt 0.22 0.03
vt 0.03 0.03
vt 0.03 0.22
vt 0.22 0.22
vt 0.22 0.03
vt 0.03 0.03
vt 0.03 0.22
vt 0.22 0.22
vt 0.22 0.03
vt 0.03 0.03
vt 0.03 0.22
vt 0.22 0.22
vt 0.22 0.03
vt 0.03 0.03
vt 0.53 0.22
vt 0.72 0.22
vt 0.72 0.03
vt 0.53 0.03
vt 0.53 0.22
vt 0.72 0.22
vt 0.72 0.03
vt 0.53 0.03
vt 0.53 0.22
vt 0.72 0.22
vt 0.72 0.03
vt 0.53 0.03
vt 0.53 0.22
vt 0.72 0.22
vt 0.72 0.03
vt 0.53 0.03
vt 0.53 0.22
vt 0.72 0.22
vt 0.72 0.03
vt 0.53 0.03
vt 0.53 0.22
vt 0.72 0.22
vt 0.72 0.03
vt 0.53 0.03
vt 0.53 0.22
vt 0.72 0.22
vt 0.72 0.03
vt 0.53 0.03
vt 0.53 0.22
vt 0.72 0.22
vt 0.72 0.03
vt 0.53 0.03
vt 0.53 0.22
vt 0.72 0.22
vt 0.72 0.03
vt 0.53 0.03
vt 0.53 0.22
vt 0.72 0.22
vt 0.72 0.03
vt 0.53 0.03
vt 0.53 0.22
vt 0.72 0.22
vt 0.72 0.03
vt 0.53 0.03
vt 0.53 0.22
vt 0.72 0.22
vt 0.72 0.03
vt 0.53 0.03
vt 0.53 0.22
vt 0.72 0.22
vt 0.72 0.03
vt 0.53 0.03
vt 0.53 0.22
vt 0.72 0.22
vt 0.72 0.03
vt 0.53 0.03
vt 0.53 0.22
vt 0.72 0.22
vt 0.72 0.03
vt 0.53 0.03
vt 0.53 0.22
vt 0.72 0.22
vt 0.72 0.03
vt 0.53 0.03
vt 0.53 0.22
vt 0.72 0.22
vt 0.72 0.03
vt 0.53 0.03
vt 0.53 0.22
vt 0.72 0.22
vt 0.72 0.03
vt 0.53 0.03
vt 0.53 0.22
vt 0.72 0.22
vt 0.72 0.03
vt 0.53 0.03
vt 0.53 0.22
vt 0.72 0.22
vt 0.72 0.03
vt 0.53 0.03
vt 0.53 0.22
vt 0.72 0.22
vt 0.72 0.03
vt 0.53 0.03
vt 0.53 0.22
vt 0.72 0.22
vt 0.72 0.03
vt 0.53 0.03
vt 0.53 0.22
vt 0.72 0.22
vt 0.72 0.03
vt 0.53 0.03
vt 0.53 0.22
vt 0.72 0.22
vt 0.72 0.03
vt 0.53 0.03
vt 0.28 0.22
vt 0.47 0.22
vt 0.47 0.03
vt 0.28 0.03
vt 0.28 0.22
vt 0.47 0.22
vt 0.47 0.03
vt 0.28 0.03
vt 0.53 0.22
vt 0.72 0.22
vt 0.72 0.03
vt 0.53 0.03
vt 0.53 0.22
vt 0.72 0.22
vt 0.72 0.03
vt 0.53 0.03
vt 0.53 0.22
vt 0.72 0.22
vt 0.72 0.03
vt 0.53 0.03
vt 0.53 0.22
vt 0.72 0.22
vt 0.72 0.03
vt 0.53 0.03
vt 0.53 0.22
vt 0.72 0.22
vt 0.72 0.03
vt 0.53 0.03
vt 0.53 0.22
vt 0.72 0.22
vt 0.72 0.03
vt 0.53 0.03
vt 0.53 0.22
vt 0.72 0.22
vt 0.72 0.03
vt 0.53 0.03
vt 0.53 0.22
vt 0.72 0.22
vt 0.72 0.03
vt 0.53 0.03
vt 0.53 0.22
vt 0.72 0.22
vt 0.72 0.03
vt 0.53 0.03
vt 0.53 0.22
vt 0.72 0.22
vt 0.72 0.03
vt 0.53 0.03
vt 0.53 0.22
vt 0.72 0.22
vt 0.72 0.03
vt 0.53 0.03
vt 0.53 0.22
vt 0.72 0.22
vt 0.72 0.03
vt 0.53 0.03
vt 0.53 0.22
vt 0.72 0.22
vt 0.72 0.03
vt 0.53 0.03
vt 0.53 0.22
vt 0.72 0.22
vt 0.72 0.03
vt 0.53 0.03
vt 0.53 0.22
vt 0.72 0.22
vt 0.72 0.03
vt 0.53 0.03
vt 0.53 0.22
vt 0.72 0.22
vt 0.72 0.03
vt 0.53 0.03
vt 0.53 0.22
vt 0.72 0.22
vt 0.72 0.03
vt 0.53 0.03
vt 0.53 0.22
vt 0.72 0.22
vt 0.72 0.03
vt 0.53 0.03
vt 0.28 0.97
vt 0.47 0.97
vt 0.47 0.78
vt 0.28 0.78
vt 0.28 0.97
vt 0.47 0.97
vt 0.47 0.78
vt 0.28 0.78
vt 0.28 0.97
vt 0.47 0.97
vt 0.47 0.78
vt 0.28 0.78
vt 0.28 0.97
vt 0.47 0.97
vt 0.47 0.78
vt 0.28 0.78
vt 0.28 0.97
vt 0.47 0.97
vt 0.47 0.78
vt 0.28 0.78
vt 0.28 0.97
vt 0.47 0.97
vt 0.47 0.78
vt 0.28 0.78
vt 0.53 0.22
vt 0.72 0.22
vt 0.72 0.03
vt 0.53 0.03
vt 0.53 0.22
vt 0.72 0.22
vt 0.72 0.03
vt 0.53 0.03
vt 0.53 0.22
vt 0.72 0.22
vt 0.72 0.03
vt 0.53 0.03
vt 0.53 0.22
vt 0.72 0.22
vt 0.72 0.03
vt 0.53 0.03
vt 0.53 0.22
vt 0.72 0.22
vt 0.72 0.03
vt 0.53 0.03
vt 0.53 0.22
vt 0.72 0.22
vt 0.72 0.03
vt 0.53 0.03
vt 0.53 0.22
vt 0.72 0.22
vt 0.72 0.03
vt 0.53 0.03
vt 0.53 0.22
vt 0.72 0.22
vt 0.72 0.03
vt 0.53 0.03
vt 0.53 0.22
vt 0.72 0.22
vt 0.72 0.03
vt 0.53 0.03
vt 0.53 0.22
vt 0.72 0.22
vt 0.72 0.03
vt 0.53 0.03
vt 0.53 0.22
vt 0.72 0.22
vt 0.72 0.03
vt 0.53 0.03
vt 0.53 0.22
vt 0.72 0.22
vt 0.72 0.03
vt 0.53 0.03
vt 0.53 0.22
vt 0.72 0.22
vt 0.72 0.03
vt 0.53 0.03
vt 0.53 0.22
vt 0.72 0.22
vt 0.72 0.03
vt 0.53 0.03
vt 0.53 0.22
vt 0.72 0.22
vt 0.72 0.03
vt 0.53 0.03
vt 0.53 0.22
vt 0.72 0.22
vt 0.72 0.03
vt 0.53 0.03
vt 0.53 0.22
vt 0.72 0.22
vt 0.72 0.03
vt 0.53 0.03
vt 0.53 0.22
vt 0.72 0.22
vt 0.72 0.03
vt 0.53 0.03
vt 0.53 0.22
vt 0.72 0.22
vt 0.72 0.03
vt 0.53 0.03
vt 0.53 0.22
vt 0.72 0.22
vt 0.72 0.03
vt 0.53 0.03
vt 0.53 0.22
vt 0.72 0.22
vt 0.72 0.03
vt 0.53 0.03
vt 0.53 0.22
vt 0.72 0.22
vt 0.72 0.03
vt 0.53 0.03
vt 0.53 0.22
vt 0.72 0.22
vt 0.72 0.03
vt 0.53 0.03
vt 0.53 0.22
vt 0.72 0.22
vt 0.72 0.03
vt 0.53 0.03
vt 0.28 0.72
vt 0.47 0.72
vt 0.47 0.53
vt 0.28 0.53
vt 0.28 0.72
vt 0.47 0.72
vt 0.47 0.53
vt 0.28 0.53
vt 0.53 0.72
vt 0.72 0.72
vt 0.72 0.53
vt 0.53 0.53
vt 0.53 0.97
vt 0.72 0.97
vt 0.72 0.78
vt 0.53 0.78
vt 0.53 0.22
vt 0.72 0.22
vt 0.72 0.03
vt 0.53 0.03
vt 0.53 0.22
vt 0.72 0.22
vt 0.72 0.03
vt 0.53 0.03
vt 0.53 0.22
vt 0.72 0.22
vt 0.72 0.03
vt 0.53 0.03
vt 0.53 0.22
vt 0.72 0.22
vt 0.72 0.03
vt 0.53 0.03
vt 0.53 0.22
vt 0.72 0.22
vt 0.72 0.03
vt 0.53 0.03
vt 0.53 0.22
vt 0.72 0.22
vt 0.72 0.03
vt 0.53 0.03
vt 0.03 0.97
vt 0.045833 0.97
vt 0.045833 0.78
vt 0.03 0.78
vt 0.625 0.375
vt 0.699045 0.33225
vt 0.7105 0.375
vt 0.045833 0.97
vt 0.061667 0.97
vt 0.061667 0.78
vt 0.045833 0.78
vt 0.625 0.375
vt 0.66775 0.300955
vt 0.699045 0.33225
vt 0.061667 0.97
vt 0.0775 0.97
vt 0.0775 0.78
vt 0.061667 0.78
vt 0.625 0.375
vt 0.625 0.2895
vt 0.66775 0.300955
vt 0.0775 0.97
vt 0.093333 0.97
vt 0.093333 0.78
vt 0.0775 0.78
vt 0.625 0.375
vt 0.58225 0.300955
vt 0.625 0.2895
vt 0.093333 0.97
vt 0.109167 0.97
vt 0.109167 0.78
vt 0.093333 0.78
vt 0.625 0.375
vt 0.550955 0.33225
vt 0.58225 0.300955
vt 0.109167 0.97
vt 0.125 0.97
vt 0.125 0.78
vt 0.109167 0.78
vt 0.625 0.375
vt 0.5395 0.375
vt 0.550955 0.33225
vt 0.125 0.97
vt 0.140833 0.97
vt 0.140833 0.78
vt 0.125 0.78
vt 0.625 0.375
vt 0.550955 0.41775
vt 0.5395 0.375
vt 0.140833 0.97
vt 0.156667 0.97
vt 0.156667 0.78
vt 0.140833 0.78
vt 0.625 0.375
vt 0.58225 0.449045
vt 0.550955 0.41775
vt 0.156667 0.97
vt 0.1725 0.97
vt 0.1725 0.78
vt 0.156667 0.78
vt 0.625 0.375
vt 0.625 0.4605
vt 0.58225 0.449045
vt 0.1725 0.97
vt 0.188333 0.97
vt 0.188333 0.78
vt 0.1725 0.78
vt 0.625 0.375
vt 0.66775 0.449045
vt 0.625 0.4605
vt 0.188333 0.97
vt 0.204167 0.97
vt 0.204167 0.78
vt 0.188333 0.78
vt 0.625 0.375
vt 0.699045 0.41775
vt 0.66775 0.449045
vt 0.204167 0.97
vt 0.22 0.97
vt 0.22 0.78
vt 0.204167 0.78
vt 0.625 0.375
vt 0.7105 0.375
vt 0.699045 0.41775
vt 0.53 0.22
vt 0.72 0.22
vt 0.72 0.03
vt 0.53 0.03
vt 0.53 0.22
vt 0.72 0.22
vt 0.72 0.03
vt 0.53 0.03
vt 0.53 0.22
vt 0.72 0.22
vt 0.72 0.03
vt 0.53 0.03
vt 0.53 0.22
vt 0.72 0.22
vt 0.72 0.03
vt 0.53 0.03
vt 0.53 0.22
vt 0.72 0.22
vt 0.72 0.03
vt 0.53 0.03
vt 0.53 0.22
vt 0.72 0.22
vt 0.72 0.03
vt 0.53 0.03
vt 0.03 0.97
vt 0.045833 0.97
vt 0.045833 0.78
vt 0.03 0.78
vt 0.625 0.375
vt 0.699045 0.33225
vt 0.7105 0.375
vt 0.045833 0.97
vt 0.061667 0.97
vt 0.061667 0.78
vt 0.045833 0.78
vt 0.625 0.375
vt 0.66775 0.300955
vt 0.699045 0.33225
vt 0.061667 0.97
vt 0.0775 0.97
vt 0.0775 0.78
vt 0.061667 0.78
vt 0.625 0.375
vt 0.625 0.2895
vt 0.66775 0.300955
vt 0.0775 0.97
vt 0.093333 0.97
vt 0.093333 0.78
vt 0.0775 0.78
vt 0.625 0.375
vt 0.58225 0.300955
vt 0.625 0.2895
vt 0.093333 0.97
vt 0.109167 0.97
vt 0.109167 0.78
vt 0.093333 0.78
vt 0.625 0.375
vt 0.550955 0.33225
vt 0.58225 0.300955
vt 0.109167 0.97
vt 0.125 0.97
vt 0.125 0.78
vt 0.109167 0.78
vt 0.625 0.375
vt 0.5395 0.375
vt 0.550955 0.33225
vt 0.125 0.97
vt 0.140833 0.97
vt 0.140833 0.78
vt 0.125 0.78
vt 0.625 0.375
vt 0.550955 0.41775
vt 0.5395 0.375
vt 0.140833 0.97
vt 0.156667 0.97
vt 0.156667 0.78
vt 0.140833 0.78
vt 0.625 0.375
vt 0.58225 0.449045
vt 0.550955 0.41775
vt 0.156667 0.97
vt 0.1725 0.97
vt 0.1725 0.78
vt 0.156667 0.78
vt 0.625 0.375
vt 0.625 0.4605
vt 0.58225 0.449045
vt 0.1725 0.97
vt 0.188333 0.97
vt 0.188333 0.78
vt 0.1725 0.78
vt 0.625 0.375
vt 0.66775 0.449045
vt 0.625 0.4605
vt 0.188333 0.97
vt 0.204167 0.97
vt 0.204167 0.78
vt 0.188333 0.78
vt 0.625 0.375
vt 0.699045 0.41775
vt 0.66775 0.449045
vt 0.204167 0.97
vt 0.22 0.97
vt 0.22 0.78
vt 0.204167 0.78
vt 0.625 0.375
vt 0.7105 0.375
vt 0.699045 0.41775
vt 0.53 0.22
vt 0.72 0.22
vt 0.72 0.03
vt 0.53 0.03
vt 0.53 0.22
vt 0.72 0.22
vt 0.72 0.03
vt 0.53 0.03
vt 0.53 0.22
vt 0.72 0.22
vt 0.72 0.03
vt 0.53 0.03
vt 0.53 0.22
vt 0.72 0.22
vt 0.72 0.03
vt 0.53 0.03
vt 0.53 0.22
vt 0.72 0.22
vt 0.72 0.03
vt 0.53 0.03
vt 0.53 0.22
vt 0.72 0.22
vt 0.72 0.03
vt 0.53 0.03
vt 0.53 0.22
vt 0.537917 0.22
vt 0.537917 0.03
vt 0.53 0.03
vt 0.125 0.875
vt 0.2105 0.875
vt 0.207587 0.852871
vt 0.537917 0.22
vt 0.545833 0.22
vt 0.545833 0.03
vt 0.537917 0.03
vt 0.125 0.875
vt 0.207587 0.852871
vt 0.199045 0.83225
vt 0.545833 0.22
vt 0.55375 0.22
vt 0.55375 0.03
vt 0.545833 0.03
vt 0.125 0.875
vt 0.199045 0.83225
vt 0.185458 0.814542
vt 0.55375 0.22
vt 0.561667 0.22
vt 0.561667 0.03
vt 0.55375 0.03
vt 0.125 0.875
vt 0.185458 0.814542
vt 0.16775 0.800955
vt 0.561667 0.22
vt 0.569583 0.22
vt 0.569583 0.03
vt 0.561667 0.03
vt 0.125 0.875
vt 0.16775 0.800955
vt 0.147129 0.792413
vt 0.569583 0.22
vt 0.5775 0.22
vt 0.5775 0.03
vt 0.569583 0.03
vt 0.125 0.875
vt 0.147129 0.792413
vt 0.125 0.7895
vt 0.5775 0.22
vt 0.585417 0.22
vt 0.585417 0.03
vt 0.5775 0.03
vt 0.125 0.875
vt 0.125 0.7895
vt 0.102871 0.792413
vt 0.585417 0.22
vt 0.593333 0.22
vt 0.593333 0.03
vt 0.585417 0.03
vt 0.125 0.875
vt 0.102871 0.792413
vt 0.08225 0.800955
vt 0.593333 0.22
vt 0.60125 0.22
vt 0.60125 0.03
vt 0.593333 0.03
vt 0.125 0.875
vt 0.08225 0.800955
vt 0.064542 0.814542
vt 0.60125 0.22
vt 0.609167 0.22
vt 0.609167 0.03
vt 0.60125 0.03
vt 0.125 0.875
vt 0.064542 0.814542
vt 0.050955 0.83225
vt 0.609167 0.22
vt 0.617083 0.22
vt 0.617083 0.03
vt 0.609167 0.03
vt 0.125 0.875
vt 0.050955 0.83225
vt 0.042413 0.852871
vt 0.617083 0.22
vt 0.625 0.22
vt 0.625 0.03
vt 0.617083 0.03
vt 0.125 0.875
vt 0.042413 0.852871
vt 0.0395 0.875
vt 0.625 0.22
vt 0.632917 0.22
vt 0.632917 0.03
vt 0.625 0.03
vt 0.125 0.875
vt 0.0395 0.875
vt 0.042413 0.897129
vt 0.632917 0.22
vt 0.640833 0.22
vt 0.640833 0.03
vt 0.632917 0.03
vt 0.125 0.875
vt 0.042413 0.897129
vt 0.050955 0.91775
vt 0.640833 0.22
vt 0.64875 0.22
vt 0.64875 0.03
vt 0.640833 0.03
vt 0.125 0.875
vt 0.050955 0.91775
vt 0.064542 0.935458
vt 0.64875 0.22
vt 0.656667 0.22
vt 0.656667 0.03
vt 0.64875 0.03
vt 0.125 0.875
vt 0.064542 0.935458
vt 0.08225 0.949045
vt 0.656667 0.22
vt 0.664583 0.22
vt 0.664583 0.03
vt 0.656667 0.03
vt 0.125 0.875
vt 0.08225 0.949045
vt 0.102871 0.957587
vt 0.664583 0.22
vt 0.6725 0.22
vt 0.6725 0.03
vt 0.664583 0.03
vt 0.125 0.875
vt 0.102871 0.957587
vt 0.125 0.9605
vt 0.6725 0.22
vt 0.680417 0.22
vt 0.680417 0.03
vt 0.6725 0.03
vt 0.125 0.875
vt 0.125 0.9605
vt 0.147129 0.957587
vt 0.680417 0.22
vt 0.688333 0.22
vt 0.688333 0.03
vt 0.680417 0.03
vt 0.125 0.875
vt 0.147129 0.957587
vt 0.16775 0.949045
vt 0.688333 0.22
vt 0.69625 0.22
vt 0.69625 0.03
vt 0.688333 0.03
vt 0.125 0.875
vt 0.16775 0.949045
vt 0.185458 0.935458
vt 0.69625 0.22
vt 0.704167 0.22
vt 0.704167 0.03
vt 0.69625 0.03
vt 0.125 0.875
vt 0.185458 0.935458
vt 0.199045 0.91775
vt 0.704167 0.22
vt 0.712083 0.22
vt 0.712083 0.03
vt 0.704167 0.03
vt 0.125 0.875
vt 0.199045 0.91775
vt 0.207587 0.897129
vt 0.712083 0.22
vt 0.72 0.22
vt 0.72 0.03
vt 0.712083 0.03
vt 0.125 0.875
vt 0.207587 0.897129
vt 0.2105 0.875
vt 0.03 0.97
vt 0.037917 0.97
vt 0.037917 0.78
vt 0.03 0.78
vt 0.125 0.875
vt 0.2105 0.875
vt 0.207587 0.852871
vt 0.037917 0.97
vt 0.045833 0.97
vt 0.045833 0.78
vt 0.037917 0.78
vt 0.125 0.875
vt 0.207587 0.852871
vt 0.199045 0.83225
vt 0.045833 0.97
vt 0.05375 0.97
vt 0.05375 0.78
vt 0.045833 0.78
vt 0.125 0.875
vt 0.199045 0.83225
vt 0.185458 0.814542
vt 0.05375 0.97
vt 0.061667 0.97
vt 0.061667 0.78
vt 0.05375 0.78
vt 0.125 0.875
vt 0.185458 0.814542
vt 0.16775 0.800955
vt 0.061667 0.97
vt 0.069583 0.97
vt 0.069583 0.78
vt 0.061667 0.78
vt 0.125 0.875
vt 0.16775 0.800955
vt 0.147129 0.792413
vt 0.069583 0.97
vt 0.0775 0.97
vt 0.0775 0.78
vt 0.069583 0.78
vt 0.125 0.875
vt 0.147129 0.792413
vt 0.125 0.7895
vt 0.0775 0.97
vt 0.085417 0.97
vt 0.085417 0.78
vt 0.0775 0.78
vt 0.125 0.875
vt 0.125 0.7895
vt 0.102871 0.792413
vt 0.085417 0.97
vt 0.093333 0.97
vt 0.093333 0.78
vt 0.085417 0.78
vt 0.125 0.875
vt 0.102871 0.792413
vt 0.08225 0.800955
vt 0.093333 0.97
vt 0.10125 0.97
vt 0.10125 0.78
vt 0.093333 0.78
vt 0.125 0.875
vt 0.08225 0.800955
vt 0.064542 0.814542
vt 0.10125 0.97
vt 0.109167 0.97
vt 0.109167 0.78
vt 0.10125 0.78
vt 0.125 0.875
vt 0.064542 0.814542
vt 0.050955 0.83225
vt 0.109167 0.97
vt 0.117083 0.97
vt 0.117083 0.78
vt 0.109167 0.78
vt 0.125 0.875
vt 0.050955 0.83225
vt 0.042413 0.852871
vt 0.117083 0.97
vt 0.125 0.97
vt 0.125 0.78
vt 0.117083 0.78
vt 0.125 0.875
vt 0.042413 0.852871
vt 0.0395 0.875
vt 0.125 0.97
vt 0.132917 0.97
vt 0.132917 0.78
vt 0.125 0.78
vt 0.125 0.875
vt 0.0395 0.875
vt 0.042413 0.897129
vt 0.132917 0.97
vt 0.140833 0.97
vt 0.140833 0.78
vt 0.132917 0.78
vt 0.125 0.875
vt 0.042413 0.897129
vt 0.050955 0.91775
vt 0.140833 0.97
vt 0.14875 0.97
vt 0.14875 0.78
vt 0.140833 0.78
vt 0.125 0.875
vt 0.050955 0.91775
vt 0.064542 0.935458
vt 0.14875 0.97
vt 0.156667 0.97
vt 0.156667 0.78
vt 0.14875 0.78
vt 0.125 0.875
vt 0.064542 0.935458
vt 0.08225 0.949045
vt 0.156667 0.97
vt 0.164583 0.97
vt 0.164583 0.78
vt 0.156667 0.78
vt 0.125 0.875
vt 0.08225 0.949045
vt 0.102871 0.957587
vt 0.164583 0.97
vt 0.1725 0.97
vt 0.1725 0.78
vt 0.164583 0.78
vt 0.125 0.875
vt 0.102871 0.957587
vt 0.125 0.9605
vt 0.1725 0.97
vt 0.180417 0.97
vt 0.180417 0.78
vt 0.1725 0.78
vt 0.125 0.875
vt 0.125 0.9605
vt 0.147129 0.957587
vt 0.180417 0.97
vt 0.188333 0.97
vt 0.188333 0.78
vt 0.180417 0.78
vt 0.125 0.875
vt 0.147129 0.957587
vt 0.16775 0.949045
vt 0.188333 0.97
vt 0.19625 0.97
vt 0.19625 0.78
vt 0.188333 0.78
vt 0.125 0.875
vt 0.16775 0.949045
vt 0.185458 0.935458
vt 0.19625 0.97
vt 0.204167 0.97
vt 0.204167 0.78
vt 0.19625 0.78
vt 0.125 0.875
vt 0.185458 0.935458
vt 0.199045 0.91775
vt 0.204167 0.97
vt 0.212083 0.97
vt 0.212083 0.78
vt 0.204167 0.78
vt 0.125 0.875
vt 0.199045 0.91775
vt 0.207587 0.897129
vt 0.212083 0.97
vt 0.22 0.97
vt 0.22 0.78
vt 0.212083 0.78
vt 0.125 0.875
vt 0.207587 0.897129
vt 0.2105 0.875
vt 0.78 0.22
vt 0.787917 0.22
vt 0.787917 0.03
vt 0.78 0.03
vt 0.125 0.875
vt 0.2105 0.875
vt 0.207587 0.852871
vt 0.787917 0.22
vt 0.795833 0.22
vt 0.795833 0.03
vt 0.787917 0.03
vt 0.125 0.875
vt 0.207587 0.852871
vt 0.199045 0.83225
vt 0.795833 0.22
vt 0.80375 0.22
vt 0.80375 0.03
vt 0.795833 0.03
vt 0.125 0.875
vt 0.199045 0.83225
vt 0.185458 0.814542
vt 0.80375 0.22
vt 0.811667 0.22
vt 0.811667 0.03
vt 0.80375 0.03
vt 0.125 0.875
vt 0.185458 0.814542
vt 0.16775 0.800955
vt 0.811667 0.22
vt 0.819583 0.22
vt 0.819583 0.03
vt 0.811667 0.03
vt 0.125 0.875
vt 0.16775 0.800955
vt 0.147129 0.792413
vt 0.819583 0.22
vt 0.8275 0.22
vt 0.8275 0.03
vt 0.819583 0.03
vt 0.125 0.875
vt 0.147129 0.792413
vt 0.125 0.7895
vt 0.8275 0.22
vt 0.835417 0.22
vt 0.835417 0.03
vt 0.8275 0.03
vt 0.125 0.875
vt 0.125 0.7895
vt 0.102871 0.792413
vt 0.835417 0.22
vt 0.843333 0.22
vt 0.843333 0.03
vt 0.835417 0.03
vt 0.125 0.875
vt 0.102871 0.792413
vt 0.08225 0.800955
vt 0.843333 0.22
vt 0.85125 0.22
vt 0.85125 0.03
vt 0.843333 0.03
vt 0.125 0.875
vt 0.08225 0.800955
vt 0.064542 0.814542
vt 0.85125 0.22
vt 0.859167 0.22
vt 0.859167 0.03
vt 0.85125 0.03
vt 0.125 0.875
vt 0.064542 0.814542
vt 0.050955 0.83225
vt 0.859167 0.22
vt 0.867083 0.22
vt 0.867083 0.03
vt 0.859167 0.03
vt 0.125 0.875
vt 0.050955 0.83225
vt 0.042413 0.852871
vt 0.867083 0.22
vt 0.875 0.22
vt 0.875 0.03
vt 0.867083 0.03
vt 0.125 0.875
vt 0.042413 0.852871
vt 0.0395 0.875
vt 0.875 0.22
vt 0.882917 0.22
vt 0.882917 0.03
vt 0.875 0.03
vt 0.125 0.875
vt 0.0395 0.875
vt 0.042413 0.897129
vt 0.882917 0.22
vt 0.890833 0.22
vt 0.890833 0.03
vt 0.882917 0.03
vt 0.125 0.875
vt 0.042413 0.897129
vt 0.050955 0.91775
vt 0.890833 0.22
vt 0.89875 0.22
vt 0.89875 0.03
vt 0.890833 0.03
vt 0.125 0.875
vt 0.050955 0.91775
vt 0.064542 0.935458
vt 0.89875 0.22
vt 0.906667 0.22
vt 0.906667 0.03
vt 0.89875 0.03
vt 0.125 0.875
vt 0.064542 0.935458
vt 0.08225 0.949045
vt 0.906667 0.22
vt 0.914583 0.22
vt 0.914583 0.03
vt 0.906667 0.03
vt 0.125 0.875
vt 0.08225 0.949045
vt 0.102871 0.957587
vt 0.914583 0.22
vt 0.9225 0.22
vt 0.9225 0.03
vt 0.914583 0.03
vt 0.125 0.875
vt 0.102871 0.957587
vt 0.125 0.9605
vt 0.9225 0.22
vt 0.930417 0.22
vt 0.930417 0.03
vt 0.9225 0.03
vt 0.125 0.875
vt 0.125 0.9605
vt 0.147129 0.957587
vt 0.930417 0.22
vt 0.938333 0.22
vt 0.938333 0.03
vt 0.930417 0.03
vt 0.125 0.875
vt 0.147129 0.957587
vt 0.16775 0.949045
vt 0.938333 0.22
vt 0.94625 0.22
vt 0.94625 0.03
vt 0.938333 0.03
vt 0.125 0.875
vt 0.16775 0.949045
vt 0.185458 0.935458
vt 0.94625 0.22
vt 0.954167 0.22
vt 0.954167 0.03
vt 0.94625 0.03
vt 0.125 0.875
vt 0.185458 0.935458
vt 0.199045 0.91775
vt 0.954167 0.22
vt 0.962083 0.22
vt 0.962083 0.03
vt 0.954167 0.03
vt 0.125 0.875
vt 0.199045 0.91775
vt 0.207587 0.897129
vt 0.962083 0.22
vt 0.97 0.22
vt 0.97 0.03
vt 0.962083 0.03
vt 0.125 0.875
vt 0.207587 0.897129
vt 0.2105 0.875
vn 1 0 0
vn 1 0 0
vn 1 0 0
vn 1 0 0
vn 0.218146 0 0.975916
vn 0.218146 0 0.975916
vn 0.218146 0 0.975916
vn 0.218146 0 0.975916
vn 0.524889 0 0.851171
vn 0.524889 0 0.851171
vn 0.524889 0 0.851171
vn 0.524889 0 0.851171
vn -0.196116 0 0.980581
vn -0.196116 0 0.980581
vn -0.196116 0 0.980581
vn -0.196116 0 0.980581
vn 0 1 0
vn 0 1 0
vn 0 1 0
vn 0 1 0
vn 0 1 0
vn 0 1 0
vn 0 1 0
vn 0 1 0
vn 0 0.908677 0.4175
vn 0 0.908677 0.4175
vn 0 0.908677 0.4175
vn -0.006262 0.908659 0.417492
vn -0.006262 0.908659 0.417492
vn -0.006262 0.908659 0.417492
vn 0 -1 0
vn 0 -1 0
vn 0 -1 0
vn 0 -1 0
vn 0 -1 0
vn 0 -1 0
vn 0 -1 0
vn 0 -1 0
vn 0 -0.908677 0.4175
vn 0 -0.908677 0.4175
vn 0 -0.908677 0.4175
vn 0 -0.920331 0.391141
vn 0 -0.920331 0.391141
vn 0 -0.920331 0.391141
vn -1 0 0
vn -1 0 0
vn -1 0 0
vn -1 0 0
vn 0.016277 0 0.999868
vn 0.016277 0 0.999868
vn 0.016277 0 0.999868
vn 0.016277 0 0.999868
vn 1 0 0
vn 1 0 0
vn 1 0 0
vn 1 0 0
vn -1 0 0
vn -1 0 0
vn -1 0 0
vn -1 0 0
vn 0 1 0
vn 0 1 0
vn 0 1 0
vn 0 1 0
vn 0 -1 0
vn 0 -1 0
vn 0 -1 0
vn 0 -1 0
vn 0 0 1
vn 0 0 1
vn 0 0 1
vn 0 0 1
vn 0 0 -1
vn 0 0 -1
vn 0 0 -1
vn 0 0 -1
vn 1 0 0
vn 1 0 0
vn 1 0 0
vn 1 0 0
vn -1 0 0
vn -1 0 0
vn -1 0 0
vn -1 0 0
vn 0 1 0
vn 0 1 0
vn 0 1 0
vn 0 1 0
vn 0 -1 0
vn 0 -1 0
vn 0 -1 0
vn 0 -1 0
vn 0 0 1
vn 0 0 1
vn 0 0 1
vn 0 0 1
vn 0 0 -1
vn 0 0 -1
vn 0 0 -1
vn 0 0 -1
vn 1 0 0
vn 1 0 0
vn 1 0 0
vn 1 0 0
vn -1 0 0
vn -1 0 0
vn -1 0 0
vn -1 0 0
vn 0 1 0
vn 0 1 0
vn 0 1 0
vn 0 1 0
vn 0 -1 0
vn 0 -1 0
vn 0 -1 0
vn 0 -1 0
vn 0 0 1
vn 0 0 1
vn 0 0 1
vn 0 0 1
vn 0 0 -1
vn 0 0 -1
vn 0 0 -1
vn 0 0 -1
vn 1 0 0
vn 1 0 0
vn 1 0 0
vn 1 0 0
vn -1 0 0
vn -1 0 0
vn -1 0 0
vn -1 0 0
vn 0 1 0
vn 0 1 0
vn 0 1 0
vn 0 1 0
vn 0 -1 0
vn 0 -1 0
vn 0 -1 0
vn 0 -1 0
vn 0 0 1
vn 0 0 1
vn 0 0 1
vn 0 0 1
vn 0 0 -1
vn 0 0 -1
vn 0 0 -1
vn 0 0 -1
vn 1 0 0
vn 1 0 0
vn 1 0 0
vn 1 0 0
vn -1 0 0
vn -1 0 0
vn -1 0 0
vn -1 0 0
vn 0 1 0
vn 0 1 0
vn 0 1 0
vn 0 1 0
vn 0 -1 0
vn 0 -1 0
vn 0 -1 0
vn 0 -1 0
vn 0 0 1
vn 0 0 1
vn 0 0 1
vn 0 0 1
vn 0 0 -1
vn 0 0 -1
vn 0 0 -1
vn 0 0 -1
vn 1 0 0
vn 1 0 0
vn 1 0 0
vn 1 0 0
vn -1 0 0
vn -1 0 0
vn -1 0 0
vn -1 0 0
vn 0 1 0
vn 0 1 0
vn 0 1 0
vn 0 1 0
vn 0 -1 0
vn 0 -1 0
vn 0 -1 0
vn 0 -1 0
vn 0 0 1
vn 0 0 1
vn 0 0 1
vn 0 0 1
vn 0 0 -1
vn 0 0 -1
vn 0 0 -1
vn 0 0 -1
vn 1 0 0
vn 1 0 0
vn 1 0 0
vn 1 0 0
vn -1 0 0
vn -1 0 0
vn -1 0 0
vn -1 0 0
vn 0 1 0
vn 0 1 0
vn 0 1 0
vn 0 1 0
vn 0 -1 0
vn 0 -1 0
vn 0 -1 0
vn 0 -1 0
vn 0 0 1
vn 0 0 1
vn 0 0 1
vn 0 0 1
vn 0 0 -1
vn 0 0 -1
vn 0 0 -1
vn 0 0 -1
vn 1 0 0
vn 1 0 0
vn 1 0 0
vn 1 0 0
vn -1 0 0
vn -1 0 0
vn -1 0 0
vn -1 0 0
vn 0 1 0
vn 0 1 0
vn 0 1 0
vn 0 1 0
vn 0 -1 0
vn 0 -1 0
vn 0 -1 0
vn 0 -1 0
vn 0 0 1
vn 0 0 1
vn 0 0 1
vn 0 0 1
vn 0 0 -1
vn 0 0 -1
vn 0 0 -1
vn 0 0 -1
vn 0 1 0
vn 0 1 0
vn 0 1 0
vn 0 1 0
vn 0 -1 0
vn 0 -1 0
vn 0 -1 0
vn 0 -1 0
vn 1 0 0
vn 1 0 0
vn 1 0 0
vn 1 0 0
vn -1 0 0
vn -1 0 0
vn -1 0 0
vn -1 0 0
vn 0 1 0
vn 0 1 0
vn 0 1 0
vn 0 1 0
vn 0 -1 0
vn 0 -1 0
vn 0 -1 0
vn 0 -1 0
vn 0 0 1
vn 0 0 1
vn 0 0 1
vn 0 0 1
vn 0 0 -1
vn 0 0 -1
vn 0 0 -1
vn 0 0 -1
vn 1 0 0
vn 1 0 0
vn 1 0 0
vn 1 0 0
vn -1 0 0
vn -1 0 0
vn -1 0 0
vn -1 0 0
vn 0 1 0
vn 0 1 0
vn 0 1 0
vn 0 1 0
vn 0 -1 0
vn 0 -1 0
vn 0 -1 0
vn 0 -1 0
vn 0 0 1
vn 0 0 1
vn 0 0 1
vn 0 0 1
vn 0 0 -1
vn 0 0 -1
vn 0 0 -1
vn 0 0 -1
vn 1 0 0
vn 1 0 0
vn 1 0 0
vn 1 0 0
vn -1 0 0
vn -1 0 0
vn -1 0 0
vn -1 0 0
vn 0 1 0
vn 0 1 0
vn 0 1 0
vn 0 1 0
vn 0 -1 0
vn 0 -1 0
vn 0 -1 0
vn 0 -1 0
vn 0 0 1
vn 0 0 1
vn 0 0 1
vn 0 0 1
vn 0 0 -1
vn 0 0 -1
vn 0 0 -1
vn 0 0 -1
vn 1 0 0
vn 1 0 0
vn 1 0 0
vn 1 0 0
vn -1 0 0
vn -1 0 0
vn -1 0 0
vn -1 0 0
vn 0 1 0
vn 0 1 0
vn 0 1 0
vn 0 1 0
vn 0 -1 0
vn 0 -1 0
vn 0 -1 0
vn 0 -1 0
vn 0 0 1
vn 0 0 1
vn 0 0 1
vn 0 0 1
vn 0 0 -1
vn 0 0 -1
vn 0 0 -1
vn 0 0 -1
vn 1 0 0
vn 1 0 0
vn 1 0 0
vn 1 0 0
vn -1 0 0
vn -1 0 0
vn -1 0 0
vn -1 0 0
vn 0 1 0
vn 0 1 0
vn 0 1 0
vn 0 1 0
vn 0 -1 0
vn 0 -1 0
vn 0 -1 0
vn 0 -1 0
vn 0 0 1
vn 0 0 1
vn 0 0 1
vn 0 0 1
vn 0 0 -1
vn 0 0 -1
vn 0 0 -1
vn 0 0 -1
vn 1 0 0
vn 1 0 0
vn 1 0 0
vn 1 0 0
vn -1 0 0
vn -1 0 0
vn -1 0 0
vn -1 0 0
vn 0 1 0
vn 0 1 0
vn 0 1 0
vn 0 1 0
vn 0 -1 0
vn 0 -1 0
vn 0 -1 0
vn 0 -1 0
vn 0 0 1
vn 0 0 1
vn 0 0 1
vn 0 0 1
vn 0 0 -1
vn 0 0 -1
vn 0 0 -1
vn 0 0 -1
vn 1 0 0
vn 1 0 0
vn 1 0 0
vn 1 0 0
vn -1 0 0
vn -1 0 0
vn -1 0 0
vn -1 0 0
vn 0 1 0
vn 0 1 0
vn 0 1 0
vn 0 1 0
vn 0 -1 0
vn 0 -1 0
vn 0 -1 0
vn 0 -1 0
vn 0 0 1
vn 0 0 1
vn 0 0 1
vn 0 0 1
vn 0 0 -1
vn 0 0 -1
vn 0 0 -1
vn 0 0 -1
vn 1 0 0
vn 1 0 0
vn 1 0 0
vn 1 0 0
vn -1 0 0
vn -1 0 0
vn -1 0 0
vn -1 0 0
vn 0 1 0
vn 0 1 0
vn 0 1 0
vn 0 1 0
vn 0 -1 0
vn 0 -1 0
vn 0 -1 0
vn 0 -1 0
vn 0 0 1
vn 0 0 1
vn 0 0 1
vn 0 0 1
vn 0 0 -1
vn 0 0 -1
vn 0 0 -1
vn 0 0 -1
vn 0 1 0
vn 0 1 0
vn 0 1 0
vn 0 1 0
vn 0 -1 0
vn 0 -1 0
vn 0 -1 0
vn 0 -1 0
vn 0 1 0
vn 0 1 0
vn 0 1 0
vn 0 1 0
vn 0 -1 0
vn 0 -1 0
vn 0 -1 0
vn 0 -1 0
vn 1 0 0
vn 1 0 0
vn 1 0 0
vn 1 0 0
vn -1 0 0
vn -1 0 0
vn -1 0 0
vn -1 0 0
vn 0 1 0
vn 0 1 0
vn 0 1 0
vn 0 1 0
vn 0 -1 0
vn 0 -1 0
vn 0 -1 0
vn 0 -1 0
vn 0 0 1
vn 0 0 1
vn 0 0 1
vn 0 0 1
vn 0 0 -1
vn 0 0 -1
vn 0 0 -1
vn 0 0 -1
vn 0 0.965926 0.258819
vn 0 0.965926 0.258819
vn 0 0.965926 0.258819
vn 0 0.965926 0.258819
vn -1 0 0
vn -1 0 0
vn -1 0 0
vn 0 0.707107 0.707107
vn 0 0.707107 0.707107
vn 0 0.707107 0.707107
vn 0 0.707107 0.707107
vn -1 0 0
vn -1 0 0
vn -1 0 0
vn 0 0.258819 0.965926
vn 0 0.258819 0.965926
vn 0 0.258819 0.965926
vn 0 0.258819 0.965926
vn -1 0 0
vn -1 0 0
vn -1 0 0
vn 0 -0.258819 0.965926
vn 0 -0.258819 0.965926
vn 0 -0.258819 0.965926
vn 0 -0.258819 0.965926
vn -1 0 0
vn -1 0 0
vn -1 0 0
vn 0 -0.707107 0.707107
vn 0 -0.707107 0.707107
vn 0 -0.707107 0.707107
vn 0 -0.707107 0.707107
vn -1 0 0
vn -1 0 0
vn -1 0 0
vn 0 -0.965926 0.258819
vn 0 -0.965926 0.258819
vn 0 -0.965926 0.258819
vn 0 -0.965926 0.258819
vn -1 0 0
vn -1 0 0
vn -1 0 0
vn 0 -0.965926 -0.258819
vn 0 -0.965926 -0.258819
vn 0 -0.965926 -0.258819
vn 0 -0.965926 -0.258819
vn -1 0 0
vn -1 0 0
vn -1 0 0
vn 0 -0.707107 -0.707107
vn 0 -0.707107 -0.707107
vn 0 -0.707107 -0.707107
vn 0 -0.707107 -0.707107
vn -1 0 0
vn -1 0 0
vn -1 0 0
vn 0 -0.258819 -0.965926
vn 0 -0.258819 -0.965926
vn 0 -0.258819 -0.965926
vn 0 -0.258819 -0.965926
vn -1 0 0
vn -1 0 0
vn -1 0 0
vn 0 0.258819 -0.965926
vn 0 0.258819 -0.965926
vn 0 0.258819 -0.965926
vn 0 0.258819 -0.965926
vn -1 0 0
vn -1 0 0
vn -1 0 0
vn 0 0.707107 -0.707107
vn 0 0.707107 -0.707107
vn 0 0.707107 -0.707107
vn 0 0.707107 -0.707107
vn -1 0 0
vn -1 0 0
vn -1 0 0
vn 0 0.965926 -0.258819
vn 0 0.965926 -0.258819
vn 0 0.965926 -0.258819
vn 0 0.965926 -0.258819
vn -1 0 0
vn -1 0 0
vn -1 0 0
vn 1 0 0
vn 1 0 0
vn 1 0 0
vn 1 0 0
vn -1 0 0
vn -1 0 0
vn -1 0 0
vn -1 0 0
vn 0 1 0
vn 0 1 0
vn 0 1 0
vn 0 1 0
vn 0 -1 0
vn 0 -1 0
vn 0 -1 0
vn 0 -1 0
vn 0 0 1
vn 0 0 1
vn 0 0 1
vn 0 0 1
vn 0 0 -1
vn 0 0 -1
vn 0 0 -1
vn 0 0 -1
vn 0 0.965926 0.258819
vn 0 0.965926 0.258819
vn 0 0.965926 0.258819
vn 0 0.965926 0.258819
vn -1 0 0
vn -1 0 0
vn -1 0 0
vn 0 0.707107 0.707107
vn 0 0.707107 0.707107
vn 0 0.707107 0.707107
vn 0 0.707107 0.707107
vn -1 0 0
vn -1 0 0
vn -1 0 0
vn 0 0.258819 0.965926
vn 0 0.258819 0.965926
vn 0 0.258819 0.965926
vn 0 0.258819 0.965926
vn -1 0 0
vn -1 0 0
vn -1 0 0
vn 0 -0.258819 0.965926
vn 0 -0.258819 0.965926
vn 0 -0.258819 0.965926
vn 0 -0.258819 0.965926
vn -1 0 0
vn -1 0 0
vn -1 0 0
vn 0 -0.707107 0.707107
vn 0 -0.707107 0.707107
vn 0 -0.707107 0.707107
vn 0 -0.707107 0.707107
vn -1 0 0
vn -1 0 0
vn -1 0 0
vn 0 -0.965926 0.258819
vn 0 -0.965926 0.258819
vn 0 -0.965926 0.258819
vn 0 -0.965926 0.258819
vn -1 0 0
vn -1 0 0
vn -1 0 0
vn 0 -0.965926 -0.258819
vn 0 -0.965926 -0.258819
vn 0 -0.965926 -0.258819
vn 0 -0.965926 -0.258819
vn -1 0 0
vn -1 0 0
vn -1 0 0
vn 0 -0.707107 -0.707107
vn 0 -0.707107 -0.707107
vn 0 -0.707107 -0.707107
vn 0 -0.707107 -0.707107
vn -1 0 0
vn -1 0 0
vn -1 0 0
vn 0 -0.258819 -0.965926
vn 0 -0.258819 -0.965926
vn 0 -0.258819 -0.965926
vn 0 -0.258819 -0.965926
vn -1 0 0
vn -1 0 0
vn -1 0 0
vn 0 0.258819 -0.965926
vn 0 0.258819 -0.965926
vn 0 0.258819 -0.965926
vn 0 0.258819 -0.965926
vn -1 0 0
vn -1 0 0
vn -1 0 0
vn 0 0.707107 -0.707107
vn 0 0.707107 -0.707107
vn 0 0.707107 -0.707107
vn 0 0.707107 -0.707107
vn -1 0 0
vn -1 0 0
vn -1 0 0
vn 0 0.965926 -0.258819
vn 0 0.965926 -0.258819
vn 0 0.965926 -0.258819
vn 0 0.965926 -0.258819
vn -1 0 0
vn -1 0 0
vn -1 0 0
vn 1 0 0
vn 1 0 0
vn 1 0 0
vn 1 0 0
vn -1 0 0
vn -1 0 0
vn -1 0 0
vn -1 0 0
vn 0 1 0
vn 0 1 0
vn 0 1 0
vn 0 1 0
vn 0 -1 0
vn 0 -1 0
vn 0 -1 0
vn 0 -1 0
vn 0 0 1
vn 0 0 1
vn 0 0 1
vn 0 0 1
vn 0 0 -1
vn 0 0 -1
vn 0 0 -1
vn 0 0 -1
vn 0.991445 0.130526 0
vn 0.991445 0.130526 0
vn 0.991445 0.130526 0
vn 0.991445 0.130526 0
vn 0 0 1
vn 0 0 1
vn 0 0 1
vn 0.92388 0.382683 0
vn 0.92388 0.382683 0
vn 0.92388 0.382683 0
vn 0.92388 0.382683 0
vn 0 0 1
vn 0 0 1
vn 0 0 1
vn 0.793353 0.608761 0
vn 0.793353 0.608761 0
vn 0.793353 0.608761 0
vn 0.793353 0.608761 0
vn 0 0 1
vn 0 0 1
vn 0 0 1
vn 0.608761 0.793353 0
vn 0.608761 0.793353 0
vn 0.608761 0.793353 0
vn 0.608761 0.793353 0
vn 0 0 1
vn 0 0 1
vn 0 0 1
vn 0.382683 0.92388 0
vn 0.382683 0.92388 0
vn 0.382683 0.92388 0
vn 0.382683 0.92388 0
vn 0 0 1
vn 0 0 1
vn 0 0 1
vn 0.130526 0.991445 0
vn 0.130526 0.991445 0
vn 0.130526 0.991445 0
vn 0.130526 0.991445 0
vn 0 0 1
vn 0 0 1
vn 0 0 1
vn -0.130526 0.991445 0
vn -0.130526 0.991445 0
vn -0.130526 0.991445 0
vn -0.130526 0.991445 0
vn 0 0 1
vn 0 0 1
vn 0 0 1
vn -0.382683 0.92388 0
vn -0.382683 0.92388 0
vn -0.382683 0.92388 0
vn -0.382683 0.92388 0
vn 0 0 1
vn 0 0 1
vn 0 0 1
vn -0.608761 0.793353 0
vn -0.608761 0.793353 0
vn -0.608761 0.793353 0
vn -0.608761 0.793353 0
vn 0 0 1
vn 0 0 1
vn 0 0 1
vn -0.793353 0.608761 0
vn -0.793353 0.608761 0
vn -0.793353 0.608761 0
vn -0.793353 0.608761 0
vn 0 0 1
vn 0 0 1
vn 0 0 1
vn -0.92388 0.382683 0
vn -0.92388 0.382683 0
vn -0.92388 0.382683 0
vn -0.92388 0.382683 0
vn 0 0 1
vn 0 0 1
vn 0 0 1
vn -0.991445 0.130526 0
vn -0.991445 0.130526 0
vn -0.991445 0.130526 0
vn -0.991445 0.130526 0
vn 0 0 1
vn 0 0 1
vn 0 0 1
vn -0.991445 -0.130526 0
vn -0.991445 -0.130526 0
vn -0.991445 -0.130526 0
vn -0.991445 -0.130526 0
vn 0 0 1
vn 0 0 1
vn 0 0 1
vn -0.92388 -0.382683 0
vn -0.92388 -0.382683 0
vn -0.92388 -0.382683 0
vn -0.92388 -0.382683 0
vn 0 0 1
vn 0 0 1
vn 0 0 1
vn -0.793353 -0.608761 0
vn -0.793353 -0.608761 0
vn -0.793353 -0.608761 0
vn -0.793353 -0.608761 0
vn 0 0 1
vn 0 0 1
vn 0 0 1
vn -0.608761 -0.793353 0
vn -0.608761 -0.793353 0
vn -0.608761 -0.793353 0
vn -0.608761 -0.793353 0
vn 0 0 1
vn 0 0 1
vn 0 0 1
vn -0.382683 -0.92388 0
vn -0.382683 -0.92388 0
vn -0.382683 -0.92388 0
vn -0.382683 -0.92388 0
vn 0 0 1
vn 0 0 1
vn 0 0 1
vn -0.130526 -0.991445 0
vn -0.130526 -0.991445 0
vn -0.130526 -0.991445 0
vn -0.130526 -0.991445 0
vn 0 0 1
vn 0 0 1
vn 0 0 1
vn 0.130526 -0.991445 0
vn 0.130526 -0.991445 0
vn 0.130526 -0.991445 0
vn 0.130526 -0.991445 0
vn 0 0 1
vn 0 0 1
vn 0 0 1
vn 0.382683 -0.92388 0
vn 0.382683 -0.92388 0
vn 0.382683 -0.92388 0
vn 0.382683 -0.92388 0
vn 0 0 1
vn 0 0 1
vn 0 0 1
vn 0.608761 -0.793353 0
vn 0.608761 -0.793353 0
vn 0.608761 -0.793353 0
vn 0.608761 -0.793353 0
vn 0 0 1
vn 0 0 1
vn 0 0 1
vn 0.793353 -0.608761 0
vn 0.793353 -0.608761 0
vn 0.793353 -0.608761 0
vn 0.793353 -0.608761 0
vn 0 0 1
vn 0 0 1
vn 0 0 1
vn 0.92388 -0.382683 0
vn 0.92388 -0.382683 0
vn 0.92388 -0.382683 0
vn 0.92388 -0.382683 0
vn 0 0 1
vn 0 0 1
vn 0 0 1
vn 0.991445 -0.130526 0
vn 0.991445 -0.130526 0
vn 0.991445 -0.130526 0
vn 0.991445 -0.130526 0
vn 0 0 1
vn 0 0 1
vn 0 0 1
vn 0.991445 0.130526 0
vn 0.991445 0.130526 0
vn 0.991445 0.130526 0
vn 0.991445 0.130526 0
vn 0 0 1
vn 0 0 1
vn 0 0 1
vn 0.92388 0.382683 0
vn 0.92388 0.382683 0
vn 0.92388 0.382683 0
vn 0.92388 0.382683 0
vn 0 0 1
vn 0 0 1
vn 0 0 1
vn 0.793353 0.608761 0
vn 0.793353 0.608761 0
vn 0.793353 0.608761 0
vn 0.793353 0.608761 0
vn 0 0 1
vn 0 0 1
vn 0 0 1
vn 0.608761 0.793353 0
vn 0.608761 0.793353 0
vn 0.608761 0.793353 0
vn 0.608761 0.793353 0
vn 0 0 1
vn 0 0 1
vn 0 0 1
vn 0.382683 0.92388 0
vn 0.382683 0.92388 0
vn 0.382683 0.92388 0
vn 0.382683 0.92388 0
vn 0 0 1
vn 0 0 1
vn 0 0 1
vn 0.130526 0.991445 0
vn 0.130526 0.991445 0
vn 0.130526 0.991445 0
vn 0.130526 0.991445 0
vn 0 0 1
vn 0 0 1
vn 0 0 1
vn -0.130526 0.991445 0
vn -0.130526 0.991445 0
vn -0.130526 0.991445 0
vn -0.130526 0.991445 0
vn 0 0 1
vn 0 0 1
vn 0 0 1
vn -0.382683 0.92388 0
vn -0.382683 0.92388 0
vn -0.382683 0.92388 0
vn -0.382683 0.92388 0
vn 0 0 1
vn 0 0 1
vn 0 0 1
vn -0.608761 0.793353 0
vn -0.608761 0.793353 0
vn -0.608761 0.793353 0
vn -0.608761 0.793353 0
vn 0 0 1
vn 0 0 1
vn 0 0 1
vn -0.793353 0.608761 0
vn -0.793353 0.608761 0
vn -0.793353 0.608761 0
vn -0.793353 0.608761 0
vn 0 0 1
vn 0 0 1
vn 0 0 1
vn -0.92388 0.382683 0
vn -0.92388 0.382683 0
vn -0.92388 0.382683 0
vn -0.92388 0.382683 0
vn 0 0 1
vn 0 0 1
vn 0 0 1
vn -0.991445 0.130526 0
vn -0.991445 0.130526 0
vn -0.991445 0.130526 0
vn -0.991445 0.130526 0
vn 0 0 1
vn 0 0 1
vn 0 0 1
vn -0.991445 -0.130526 0
vn -0.991445 -0.130526 0
vn -0.991445 -0.130526 0
vn -0.991445 -0.130526 0
vn 0 0 1
vn 0 0 1
vn 0 0 1
vn -0.92388 -0.382683 0
vn -0.92388 -0.382683 0
vn -0.92388 -0.382683 0
vn -0.92388 -0.382683 0
vn 0 0 1
vn 0 0 1
vn 0 0 1
vn -0.793353 -0.608761 0
vn -0.793353 -0.608761 0
vn -0.793353 -0.608761 0
vn -0.793353 -0.608761 0
vn 0 0 1
vn 0 0 1
vn 0 0 1
vn -0.608761 -0.793353 0
vn -0.608761 -0.793353 0
vn -0.608761 -0.793353 0
vn -0.608761 -0.793353 0
vn 0 0 1
vn 0 0 1
vn 0 0 1
vn -0.382683 -0.92388 0
vn -0.382683 -0.92388 0
vn -0.382683 -0.92388 0
vn -0.382683 -0.92388 0
vn 0 0 1
vn 0 0 1
vn 0 0 1
vn -0.130526 -0.991445 0
vn -0.130526 -0.991445 0
vn -0.130526 -0.991445 0
vn -0.130526 -0.991445 0
vn 0 0 1
vn 0 0 1
vn 0 0 1
vn 0.130526 -0.991445 0
vn 0.130526 -0.991445 0
vn 0.130526 -0.991445 0
vn 0.130526 -0.991445 0
vn 0 0 1
vn 0 0 1
vn 0 0 1
vn 0.382683 -0.92388 0
vn 0.382683 -0.92388 0
vn 0.382683 -0.92388 0
vn 0.382683 -0.92388 0
vn 0 0 1
vn 0 0 1
vn 0 0 1
vn 0.608761 -0.793353 0
vn 0.608761 -0.793353 0
vn 0.608761 -0.793353 0
vn 0.608761 -0.793353 0
vn 0 0 1
vn 0 0 1
vn 0 0 1
vn 0.793353 -0.608761 0
vn 0.793353 -0.608761 0
vn 0.793353 -0.608761 0
vn 0.793353 -0.608761 0
vn 0 0 1
vn 0 0 1
vn 0 0 1
vn 0.92388 -0.382683 0
vn 0.92388 -0.382683 0
vn 0.92388 -0.382683 0
vn 0.92388 -0.382683 0
vn 0 0 1
vn 0 0 1
vn 0 0 1
vn 0.991445 -0.130526 0
vn 0.991445 -0.130526 0
vn 0.991445 -0.130526 0
vn 0.991445 -0.130526 0
vn 0 0 1
vn 0 0 1
vn 0 0 1
vn 0.991445 0.130526 0
vn 0.991445 0.130526 0
vn 0.991445 0.130526 0
vn 0.991445 0.130526 0
vn 0 0 1
vn 0 0 1
vn 0 0 1
vn 0.92388 0.382683 0
vn 0.92388 0.382683 0
vn 0.92388 0.382683 0
vn 0.92388 0.382683 0
vn 0 0 1
vn 0 0 1
vn 0 0 1
vn 0.793353 0.608761 0
vn 0.793353 0.608761 0
vn 0.793353 0.608761 0
vn 0.793353 0.608761 0
vn 0 0 1
vn 0 0 1
vn 0 0 1
vn 0.608761 0.793353 0
vn 0.608761 0.793353 0
vn 0.608761 0.793353 0
vn 0.608761 0.793353 0
vn 0 0 1
vn 0 0 1
vn 0 0 1
vn 0.382683 0.92388 0
vn 0.382683 0.92388 0
vn 0.382683 0.92388 0
vn 0.382683 0.92388 0
vn 0 0 1
vn 0 0 1
vn 0 0 1
vn 0.130526 0.991445 0
vn 0.130526 0.991445 0
vn 0.130526 0.991445 0
vn 0.130526 0.991445 0
vn 0 0 1
vn 0 0 1
vn 0 0 1
vn -0.130526 0.991445 0
vn -0.130526 0.991445 0
vn -0.130526 0.991445 0
vn -0.130526 0.991445 0
vn 0 0 1
vn 0 0 1
vn 0 0 1
vn -0.382683 0.92388 0
vn -0.382683 0.92388 0
vn -0.382683 0.92388 0
vn -0.382683 0.92388 0
vn 0 0 1
vn 0 0 1
vn 0 0 1
vn -0.608761 0.793353 0
vn -0.608761 0.793353 0
vn -0.608761 0.793353 0
vn -0.608761 0.793353 0
vn 0 0 1
vn 0 0 1
vn 0 0 1
vn -0.793353 0.608761 0
vn -0.793353 0.608761 0
vn -0.793353 0.608761 0
vn -0.793353 0.608761 0
vn 0 0 1
vn 0 0 1
vn 0 0 1
vn -0.92388 0.382683 0
vn -0.92388 0.382683 0
vn -0.92388 0.382683 0
vn -0.92388 0.382683 0
vn 0 0 1
vn 0 0 1
vn 0 0 1
vn -0.991445 0.130526 0
vn -0.991445 0.130526 0
vn -0.991445 0.130526 0
vn -0.991445 0.130526 0
vn 0 0 1
vn 0 0 1
vn 0 0 1
vn -0.991445 -0.130526 0
vn -0.991445 -0.130526 0
vn -0.991445 -0.130526 0
vn -0.991445 -0.130526 0
vn 0 0 1
vn 0 0 1
vn 0 0 1
vn -0.92388 -0.382683 0
vn -0.92388 -0.382683 0
vn -0.92388 -0.382683 0
vn -0.92388 -0.382683 0
vn 0 0 1
vn 0 0 1
vn 0 0 1
vn -0.793353 -0.608761 0
vn -0.793353 -0.608761 0
vn -0.793353 -0.608761 0
vn -0.793353 -0.608761 0
vn 0 0 1
vn 0 0 1
vn 0 0 1
vn -0.608761 -0.793353 0
vn -0.608761 -0.793353 0
vn -0.608761 -0.793353 0
vn -0.608761 -0.793353 0
vn 0 0 1
vn 0 0 1
vn 0 0 1
vn -0.382683 -0.92388 0
vn -0.382683 -0.92388 0
vn -0.382683 -0.92388 0
vn -0.382683 -0.92388 0
vn 0 0 1
vn 0 0 1
vn 0 0 1
vn -0.130526 -0.991445 0
vn -0.130526 -0.991445 0
vn -0.130526 -0.991445 0
vn -0.130526 -0.991445 0
vn 0 0 1
vn 0 0 1
vn 0 0 1
vn 0.130526 -0.991445 0
vn 0.130526 -0.991445 0
vn 0.130526 -0.991445 0
vn 0.130526 -0.991445 0
vn 0 0 1
vn 0 0 1
vn 0 0 1
vn 0.382683 -0.92388 0
vn 0.382683 -0.92388 0
vn 0.382683 -0.92388 0
vn 0.382683 -0.92388 0
vn 0 0 1
vn 0 0 1
vn 0 0 1
vn 0.608761 -0.793353 0
vn 0.608761 -0.793353 0
vn 0.608761 -0.793353 0
vn 0.608761 -0.793353 0
vn 0 0 1
vn 0 0 1
vn 0 0 1
vn 0.793353 -0.608761 0
vn 0.793353 -0.608761 0
vn 0.793353 -0.608761 0
vn 0.793353 -0.608761 0
vn 0 0 1
vn 0 0 1
vn 0 0 1
vn 0.92388 -0.382683 0
vn 0.92388 -0.382683 0
vn 0.92388 -0.382683 0
vn 0.92388 -0.382683 0
vn 0 0 1
vn 0 0 1
vn 0 0 1
vn 0.991445 -0.130526 0
vn 0.991445 -0.130526 0
vn 0.991445 -0.130526 0
vn 0.991445 -0.130526 0
vn 0 0 1
vn 0 0 1
vn 0 0 1
f 1/1/1 2/2/2 3/3/3
f 1/1/1 3/3/3 4/4/4
f 5/5/5 6/6/6 7/7/7
f 5/5/5 7/7/7 8/8/8
f 9/9/9 10/10/10 11/11/11
f 9/9/9 11/11/11 12/12/12
f 13/13/13 14/14/14 15/15/15
f 13/13/13 15/15/15 16/16/16
f 17/17/17 18/18/18 19/19/19
f 17/17/17 19/19/19 20/20/20
f 21/21/21 22/22/22 23/23/23
f 21/21/21 23/23/23 24/24/24
f 25/25/25 26/26/26 27/27/27
f 28/28/28 29/29/29 30/30/30
f 31/31/31 32/32/32 33/33/33
f 31/31/31 33/33/33 34/34/34
f 35/35/35 36/36/36 37/37/37
f 35/35/35 37/37/37 38/38/38
f 39/39/39 40/40/40 41/41/41
f 42/42/42 43/43/43 44/44/44
f 45/45/45 46/46/46 47/47/47
f 45/45/45 47/47/47 48/48/48
f 49/49/49 50/50/50 51/51/51
f 49/49/49 51/51/51 52/52/52
f 53/53/53 54/54/54 55/55/55
f 53/53/53 55/55/55 56/56/56
f 57/57/57 58/58/58 59/59/59
f 57/57/57 59/59/59 60/60/60
f 61/61/61 62/62/62 63/63/63
f 61/61/61 63/63/63 64/64/64
f 65/65/65 66/66/66 67/67/67
f 65/65/65 67/67/67 68/68/68
f 69/69/69 70/70/70 71/71/71
f 69/69/69 71/71/71 72/72/72
f 73/73/73 74/74/74 75/75/75
f 73/73/73 75/75/75 76/76/76
f 77/77/77 78/78/78 79/79/79
f 77/77/77 79/79/79 80/80/80
f 81/81/81 82/82/82 83/83/83
f 81/81/81 83/83/83 84/84/84
f 85/85/85 86/86/86 87/87/87
f 85/85/85 87/87/87 88/88/88
f 89/89/89 90/90/90 91/91/91
f 89/89/89 91/91/91 92/92/92
f 93/93/93 94/94/94 95/95/95
f 93/93/93 95/95/95 96/96/96
f 97/97/97 98/98/98 99/99/99
f 97/97/97 99/99/99 100/100/100
f 101/101/101 102/102/102 103/103/103
f 101/101/101 103/103/103 104/104/104
f 105/105/105 106/106/106 107/107/107
f 105/105/105 107/107/107 108/108/108
f 109/109/109 110/110/110 111/111/111
f 109/109/109 111/111/111 112/112/112
f 113/113/113 114/114/114 115/115/115
f 113/113/113 115/115/115 116/116/116
f 117/117/117 118/118/118 119/119/119
f 117/117/117 119/119/119 120/120/120
f 121/121/121 122/122/122 123/123/123
f 121/121/121 123/123/123 124/124/124
f 125/125/125 126/126/126 127/127/127
f 125/125/125 127/127/127 128/128/128
f 129/129/129 130/130/130 131/131/131
f 129/129/129 131/131/131 132/132/132
f 133/133/133 134/134/134 135/135/135
f 133/133/133 135/135/135 136/136/136
f 137/137/137 138/138/138 139/139/139
f 137/137/137 139/139/139 140/140/140
f 141/141/141 142/142/142 143/143/143
f 141/141/141 143/143/143 144/144/144
f 145/145/145 146/146/146 147/147/147
f 145/145/145 147/147/147 148/148/148
f 149/149/149 150/150/150 151/151/151
f 149/149/149 151/151/151 152/152/152
f 153/153/153 154/154/154 155/155/155
f 153/153/153 155/155/155 156/156/156
f 157/157/157 158/158/158 159/159/159
f 157/157/157 159/159/159 160/160/160
f 161/161/161 162/162/162 163/163/163
f 161/161/161 163/163/163 164/164/164
f 165/165/165 166/166/166 167/167/167
f 165/165/165 167/167/167 168/168/168
f 169/169/169 170/170/170 171/171/171
f 169/169/169 171/171/171 172/172/172
f 173/173/173 174/174/174 175/175/175
f 173/173/173 175/175/175 176/176/176
f 177/177/177 178/178/178 179/179/179
f 177/177/177 179/179/179 180/180/180
f 181/181/181 182/182/182 183/183/183
f 181/181/181 183/183/183 184/184/184
f 185/185/185 186/186/186 187/187/187
f 185/185/185 187/187/187 188/188/188
f 189/189/189 190/190/190 191/191/191
f 189/189/189 191/191/191 192/192/192
f 193/193/193 194/194/194 195/195/195
f 193/193/193 195/195/195 196/196/196
f 197/197/197 198/198/198 199/199/199
f 197/197/197 199/199/199 200/200/200
f 201/201/201 202/202/202 203/203/203
f 201/201/201 203/203/203 204/204/204
f 205/205/205 206/206/206 207/207/207
f 205/205/205 207/207/207 208/208/208
f 209/209/209 210/210/210 211/211/211
f 209/209/209 211/211/211 212/212/212
f 213/213/213 214/214/214 215/215/215
f 213/213/213 215/215/215 216/216/216
f 217/217/217 218/218/218 219/219/219
f 217/217/217 219/219/219 220/220/220
f 221/221/221 222/222/222 223/223/223
f 221/221/221 223/223/223 224/224/224
f 225/225/225 226/226/226 227/227/227
f 225/225/225 227/227/227 228/228/228
f 229/229/229 230/230/230 231/231/231
f 229/229/229 231/231/231 232/232/232
f 233/233/233 234/234/234 235/235/235
f 233/233/233 235/235/235 236/236/236
f 237/237/237 238/238/238 239/239/239
f 237/237/237 239/239/239 240/240/240
f 241/241/241 242/242/242 243/243/243
f 241/241/241 243/243/243 244/244/244
f 245/245/245 246/246/246 247/247/247
f 245/245/245 247/247/247 248/248/248
f 249/249/249 250/250/250 251/251/251
f 249/249/249 251/251/251 252/252/252
f 253/253/253 254/254/254 255/255/255
f 253/253/253 255/255/255 256/256/256
f 257/257/257 258/258/258 259/259/259
f 257/257/257 259/259/259 260/260/260
f 261/261/261 262/262/262 263/263/263
f 261/261/261 263/263/263 264/264/264
f 265/265/265 266/266/266 267/267/267
f 265/265/265 267/267/267 268/268/268
f 269/269/269 270/270/270 271/271/271
f 269/269/269 271/271/271 272/272/272
f 273/273/273 274/274/274 275/275/275
f 273/273/273 275/275/275 276/276/276
f 277/277/277 278/278/278 279/279/279
f 277/277/277 279/279/279 280/280/280
f 281/281/281 282/282/282 283/283/283
f 281/281/281 283/283/283 284/284/284
f 285/285/285 286/286/286 287/287/287
f 285/285/285 287/287/287 288/288/288
f 289/289/289 290/290/290 291/291/291
f 289/289/289 291/291/291 292/292/292
f 293/293/293 294/294/294 295/295/295
f 293/293/293 295/295/295 296/296/296
f 297/297/297 298/298/298 299/299/299
f 297/297/297 299/299/299 300/300/300
f 301/301/301 302/302/302 303/303/303
f 301/301/301 303/303/303 304/304/304
f 305/305/305 306/306/306 307/307/307
f 305/305/305 307/307/307 308/308/308
f 309/309/309 310/310/310 311/311/311
f 309/309/309 311/311/311 312/312/312
f 313/313/313 314/314/314 315/315/315
f 313/313/313 315/315/315 316/316/316
f 317/317/317 318/318/318 319/319/319
f 317/317/317 319/319/319 320/320/320
f 321/321/321 322/322/322 323/323/323
f 321/321/321 323/323/323 324/324/324
f 325/325/325 326/326/326 327/327/327
f 325/325/325 327/327/327 328/328/328
f 329/329/329 330/330/330 331/331/331
f 329/329/329 331/331/331 332/332/332
f 333/333/333 334/334/334 335/335/335
f 333/333/333 335/335/335 336/336/336
f 337/337/337 338/338/338 339/339/339
f 337/337/337 339/339/339 340/340/340
f 341/341/341 342/342/342 343/343/343
f 341/341/341 343/343/343 344/344/344
f 345/345/345 346/346/346 347/347/347
f 345/345/345 347/347/347 348/348/348
f 349/349/349 350/350/350 351/351/351
f 349/349/349 351/351/351 352/352/352
f 353/353/353 354/354/354 355/355/355
f 353/353/353 355/355/355 356/356/356
f 357/357/357 358/358/358 359/359/359
f 357/357/357 359/359/359 360/360/360
f 361/361/361 362/362/362 363/363/363
f 361/361/361 363/363/363 364/364/364
f 365/365/365 366/366/366 367/367/367
f 365/365/365 367/367/367 368/368/368
f 369/369/369 370/370/370 371/371/371
f 369/369/369 371/371/371 372/372/372
f 373/373/373 374/374/374 375/375/375
f 373/373/373 375/375/375 376/376/376
f 377/377/377 378/378/378 379/379/379
f 377/377/377 379/379/379 380/380/380
f 381/381/381 382/382/382 383/383/383
f 381/381/381 383/383/383 384/384/384
f 385/385/385 386/386/386 387/387/387
f 385/385/385 387/387/387 388/388/388
f 389/389/389 390/390/390 391/391/391
f 389/389/389 391/391/391 392/392/392
f 393/393/393 394/394/394 395/395/395
f 393/393/393 395/395/395 396/396/396
f 397/397/397 398/398/398 399/399/399
f 397/397/397 399/399/399 400/400/400
f 401/401/401 402/402/402 403/403/403
f 401/401/401 403/403/403 404/404/404
f 405/405/405 406/406/406 407/407/407
f 405/405/405 407/407/407 408/408/408
f 409/409/409 410/410/410 411/411/411
f 409/409/409 411/411/411 412/412/412
f 413/413/413 414/414/414 415/415/415
f 413/413/413 415/415/415 416/416/416
f 417/417/417 418/418/418 419/419/419
f 417/417/417 419/419/419 420/420/420
f 421/421/421 422/422/422 423/423/423
f 421/421/421 423/423/423 424/424/424
f 425/425/425 426/426/426 427/427/427
f 425/425/425 427/427/427 428/428/428
f 429/429/429 430/430/430 431/431/431
f 429/429/429 431/431/431 432/432/432
f 433/433/433 434/434/434 435/435/435
f 433/433/433 435/435/435 436/436/436
f 437/437/437 438/438/438 439/439/439
f 437/437/437 439/439/439 440/440/440
f 441/441/441 442/442/442 443/443/443
f 441/441/441 443/443/443 444/444/444
f 445/445/445 446/446/446 447/447/447
f 445/445/445 447/447/447 448/448/448
f 449/449/449 450/450/450 451/451/451
f 449/449/449 451/451/451 452/452/452
f 453/453/453 454/454/454 455/455/455
f 453/453/453 455/455/455 456/456/456
f 457/457/457 458/458/458 459/459/459
f 457/457/457 459/459/459 460/460/460
f 461/461/461 462/462/462 463/463/463
f 461/461/461 463/463/463 464/464/464
f 465/465/465 466/466/466 467/467/467
f 465/465/465 467/467/467 468/468/468
f 469/469/469 470/470/470 471/471/471
f 469/469/469 471/471/471 472/472/472
f 473/473/473 474/474/474 475/475/475
f 473/473/473 475/475/475 476/476/476
f 477/477/477 478/478/478 479/479/479
f 477/477/477 479/479/479 480/480/480
f 481/481/481 482/482/482 483/483/483
f 481/481/481 483/483/483 484/484/484
f 485/485/485 486/486/486 487/487/487
f 485/485/485 487/487/487 488/488/488
f 489/489/489 490/490/490 491/491/491
f 492/492/492 493/493/493 494/494/494
f 492/492/492 494/494/494 495/495/495
f 496/496/496 497/497/497 498/498/498
f 499/499/499 500/500/500 501/501/501
f 499/499/499 501/501/501 502/502/502
f 503/503/503 504/504/504 505/505/505
f 506/506/506 507/507/507 508/508/508
f 506/506/506 508/508/508 509/509/509
f 510/510/510 511/511/511 512/512/512
f 513/513/513 514/514/514 515/515/515
f 513/513/513 515/515/515 516/516/516
f 517/517/517 518/518/518 519/519/519
f 520/520/520 521/521/521 522/522/522
f 520/520/520 522/522/522 523/523/523
f 524/524/524 525/525/525 526/526/526
f 527/527/527 528/528/528 529/529/529
f 527/527/527 529/529/529 530/530/530
f 531/531/531 532/532/532 533/533/533
f 534/534/534 535/535/535 536/536/536
f 534/534/534 536/536/536 537/537/537
f 538/538/538 539/539/539 540/540/540
f 541/541/541 542/542/542 543/543/543
f 541/541/541 543/543/543 544/544/544
f 545/545/545 546/546/546 547/547/547
f 548/548/548 549/549/549 550/550/550
f 548/548/548 550/550/550 551/551/551
f 552/552/552 553/553/553 554/554/554
f 555/555/555 556/556/556 557/557/557
f 555/555/555 557/557/557 558/558/558
f 559/559/559 560/560/560 561/561/561
f 562/562/562 563/563/563 564/564/564
f 562/562/562 564/564/564 565/565/565
f 566/566/566 567/567/567 568/568/568
f 569/569/569 570/570/570 571/571/571
f 569/569/569 571/571/571 572/572/572
f 573/573/573 574/574/574 575/575/575
f 573/573/573 575/575/575 576/576/576
f 577/577/577 578/578/578 579/579/579
f 577/577/577 579/579/579 580/580/580
f 581/581/581 582/582/582 583/583/583
f 581/581/581 583/583/583 584/584/584
f 585/585/585 586/586/586 587/587/587
f 585/585/585 587/587/587 588/588/588
f 589/589/589 590/590/590 591/591/591
f 589/589/589 591/591/591 592/592/592
f 593/593/593 594/594/594 595/595/595
f 593/593/593 595/595/595 596/596/596
f 597/597/597 598/598/598 599/599/599
f 600/600/600 601/601/601 602/602/602
f 600/600/600 602/602/602 603/603/603
f 604/604/604 605/605/605 606/606/606
f 607/607/607 608/608/608 609/609/609
f 607/607/607 609/609/609 610/610/610
f 611/611/611 612/612/612 613/613/613
f 614/614/614 615/615/615 616/616/616
f 614/614/614 616/616/616 617/617/617
f 618/618/618 619/619/619 620/620/620
f 621/621/621 622/622/622 623/623/623
f 621/621/621 623/623/623 624/624/624
f 625/625/625 626/626/626 627/627/627
f 628/628/628 629/629/629 630/630/630
f 628/628/628 630/630/630 631/631/631
f 632/632/632 633/633/633 634/634/634
f 635/635/635 636/636/636 637/637/637
f 635/635/635 637/637/637 638/638/638
f 639/639/639 640/640/640 641/641/641
f 642/642/642 643/643/643 644/644/644
f 642/642/642 644/644/644 645/645/645
f 646/646/646 647/647/647 648/648/648
f 649/649/649 650/650/650 651/651/651
f 649/649/649 651/651/651 652/652/652
f 653/653/653 654/654/654 655/655/655
f 656/656/656 657/657/657 658/658/658
f 656/656/656 658/658/658 659/659/659
f 660/660/660 661/661/661 662/662/662
f 663/663/663 664/664/664 665/665/665
f 663/663/663 665/665/665 666/666/666
f 667/667/667 668/668/668 669/669/669
f 670/670/670 671/671/671 672/672/672
f 670/670/670 672/672/672 673/673/673
f 674/674/674 675/675/675 676/676/676
f 677/677/677 678/678/678 679/679/679
f 677/677/677 679/679/679 680/680/680
f 681/681/681 682/682/682 683/683/683
f 681/681/681 683/683/683 684/684/684
f 685/685/685 686/686/686 687/687/687
f 685/685/685 687/687/687 688/688/688
f 689/689/689 690/690/690 691/691/691
f 689/689/689 691/691/691 692/692/692
f 693/693/693 694/694/694 695/695/695
f 693/693/693 695/695/695 696/696/696
f 697/697/697 698/698/698 699/699/699
f 697/697/697 699/699/699 700/700/700
f 701/701/701 702/702/702 703/703/703
f 701/701/701 703/703/703 704/704/704
f 705/705/705 706/706/706 707/707/707
f 708/708/708 709/709/709 710/710/710
f 708/708/708 710/710/710 711/711/711
f 712/712/712 713/713/713 714/714/714
f 715/715/715 716/716/716 717/717/717
f 715/715/715 717/717/717 718/718/718
f 719/719/719 720/720/720 721/721/721
f 722/722/722 723/723/723 724/724/724
f 722/722/722 724/724/724 725/725/725
f 726/726/726 727/727/727 728/728/728
f 729/729/729 730/730/730 731/731/731
f 729/729/729 731/731/731 732/732/732
f 733/733/733 734/734/734 735/735/735
f 736/736/736 737/737/737 738/738/738
f 736/736/736 738/738/738 739/739/739
f 740/740/740 741/741/741 742/742/742
f 743/743/743 744/744/744 745/745/745
f 743/743/743 745/745/745 746/746/746
f 747/747/747 748/748/748 749/749/749
f 750/750/750 751/751/751 752/752/752
f 750/750/750 752/752/752 753/753/753
f 754/754/754 755/755/755 756/756/756
f 757/757/757 758/758/758 759/759/759
f 757/757/757 759/759/759 760/760/760
f 761/761/761 762/762/762 763/763/763
f 764/764/764 765/765/765 766/766/766
f 764/764/764 766/766/766 767/767/767
f 768/768/768 769/769/769 770/770/770
f 771/771/771 772/772/772 773/773/773
f 771/771/771 773/773/773 774/774/774
f 775/775/775 776/776/776 777/777/777
f 778/778/778 779/779/779 780/780/780
f 778/778/778 780/780/780 781/781/781
f 782/782/782 783/783/783 784/784/784
f 785/785/785 786/786/786 787/787/787
f 785/785/785 787/787/787 788/788/788
f 789/789/789 790/790/790 791/791/791
f 792/792/792 793/793/793 794/794/794
f 792/792/792 794/794/794 795/795/795
f 796/796/796 797/797/797 798/798/798
f 799/799/799 800/800/800 801/801/801
f 799/799/799 801/801/801 802/802/802
f 803/803/803 804/804/804 805/805/805
f 806/806/806 807/807/807 808/808/808
f 806/806/806 808/808/808 809/809/809
f 810/810/810 811/811/811 812/812/812
f 813/813/813 814/814/814 815/815/815
f 813/813/813 815/815/815 816/816/816
f 817/817/817 818/818/818 819/819/819
f 820/820/820 821/821/821 822/822/822
f 820/820/820 822/822/822 823/823/823
f 824/824/824 825/825/825 826/826/826
f 827/827/827 828/828/828 829/829/829
f 827/827/827 829/829/829 830/830/830
f 831/831/831 832/832/832 833/833/833
f 834/834/834 835/835/835 836/836/836
f 834/834/834 836/836/836 837/837/837
f 838/838/838 839/839/839 840/840/840
f 841/841/841 842/842/842 843/843/843
f 841/841/841 843/843/843 844/844/844
f 845/845/845 846/846/846 847/847/847
f 848/848/848 849/849/849 850/850/850
f 848/848/848 850/850/850 851/851/851
f 852/852/852 853/853/853 854/854/854
f 855/855/855 856/856/856 857/857/857
f 855/855/855 857/857/857 858/858/858
f 859/859/859 860/860/860 861/861/861
f 862/862/862 863/863/863 864/864/864
f 862/862/862 864/864/864 865/865/865
f 866/866/866 867/867/867 868/868/868
f 869/869/869 870/870/870 871/871/871
f 869/869/869 871/871/871 872/872/872
f 873/873/873 874/874/874 875/875/875
f 876/876/876 877/877/877 878/878/878
f 876/876/876 878/878/878 879/879/879
f 880/880/880 881/881/881 882/882/882
f 883/883/883 884/884/884 885/885/885
f 883/883/883 885/885/885 886/886/886
f 887/887/887 888/888/888 889/889/889
f 890/890/890 891/891/891 892/892/892
f 890/890/890 892/892/892 893/893/893
f 894/894/894 895/895/895 896/896/896
f 897/897/897 898/898/898 899/899/899
f 897/897/897 899/899/899 900/900/900
f 901/901/901 902/902/902 903/903/903
f 904/904/904 905/905/905 906/906/906
f 904/904/904 906/906/906 907/907/907
f 908/908/908 909/909/909 910/910/910
f 911/911/911 912/912/912 913/913/913
f 911/911/911 913/913/913 914/914/914
f 915/915/915 916/916/916 917/917/917
f 918/918/918 919/919/919 920/920/920
f 918/918/918 920/920/920 921/921/921
f 922/922/922 923/923/923 924/924/924
f 925/925/925 926/926/926 927/927/927
f 925/925/925 927/927/927 928/928/928
f 929/929/929 930/930/930 931/931/931
f 932/932/932 933/933/933 934/934/934
f 932/932/932 934/934/934 935/935/935
f 936/936/936 937/937/937 938/938/938
f 939/939/939 940/940/940 941/941/941
f 939/939/939 941/941/941 942/942/942
f 943/943/943 944/944/944 945/945/945
f 946/946/946 947/947/947 948/948/948
f 946/946/946 948/948/948 949/949/949
f 950/950/950 951/951/951 952/952/952
f 953/953/953 954/954/954 955/955/955
f 953/953/953 955/955/955 956/956/956
f 957/957/957 958/958/958 959/959/959
f 960/960/960 961/961/961 962/962/962
f 960/960/960 962/962/962 963/963/963
f 964/964/964 965/965/965 966/966/966
f 967/967/967 968/968/968 969/969/969
f 967/967/967 969/969/969 970/970/970
f 971/971/971 972/972/972 973/973/973
f 974/974/974 975/975/975 976/976/976
f 974/974/974 976/976/976 977/977/977
f 978/978/978 979/979/979 980/980/980
f 981/981/981 982/982/982 983/983/983
f 981/981/981 983/983/983 984/984/984
f 985/985/985 986/986/986 987/987/987
f 988/988/988 989/989/989 990/990/990
f 988/988/988 990/990/990 991/991/991
f 992/992/992 993/993/993 994/994/994
f 995/995/995 996/996/996 997/997/997
f 995/995/995 997/997/997 998/998/998
f 999/999/999 1000/1000/1000 1001/1001/1001
f 1002/1002/1002 1003/1003/1003 1004/1004/1004
f 1002/1002/1002 1004/1004/1004 1005/1005/1005
f 1006/1006/1006 1007/1007/1007 1008/1008/1008
f 1009/1009/1009 1010/1010/1010 1011/1011/1011
f 1009/1009/1009 1011/1011/1011 1012/1012/1012
f 1013/1013/1013 1014/1014/1014 1015/1015/1015
f 1016/1016/1016 1017/1017/1017 1018/1018/1018
f 1016/1016/1016 1018/1018/1018 1019/1019/1019
f 1020/1020/1020 1021/1021/1021 1022/1022/1022
f 1023/1023/1023 1024/1024/1024 1025/1025/1025
f 1023/1023/1023 1025/1025/1025 1026/1026/1026
f 1027/1027/1027 1028/1028/1028 1029/1029/1029
f 1030/1030/1030 1031/1031/1031 1032/1032/1032
f 1030/1030/1030 1032/1032/1032 1033/1033/1033
f 1034/1034/1034 1035/1035/1035 1036/1036/1036
f 1037/1037/1037 1038/1038/1038 1039/1039/1039
f 1037/1037/1037 1039/1039/1039 1040/1040/1040
f 1041/1041/1041 1042/1042/1042 1043/1043/1043
f 1044/1044/1044 1045/1045/1045 1046/1046/1046
f 1044/1044/1044 1046/1046/1046 1047/1047/1047
f 1048/1048/1048 1049/1049/1049 1050/1050/1050
f 1051/1051/1051 1052/1052/1052 1053/1053/1053
f 1051/1051/1051 1053/1053/1053 1054/1054/1054
f 1055/1055/1055 1056/1056/1056 1057/1057/1057
f 1058/1058/1058 1059/1059/1059 1060/1060/1060
f 1058/1058/1058 1060/1060/1060 1061/1061/1061
f 1062/1062/1062 1063/1063/1063 1064/1064/1064
f 1065/1065/1065 1066/1066/1066 1067/1067/1067
f 1065/1065/1065 1067/1067/1067 1068/1068/1068
f 1069/1069/1069 1070/1070/1070 1071/1071/1071
f 1072/1072/1072 1073/1073/1073 1074/1074/1074
f 1072/1072/1072 1074/1074/1074 1075/1075/1075
f 1076/1076/1076 1077/1077/1077 1078/1078/1078
f 1079/1079/1079 1080/1080/1080 1081/1081/1081
f 1079/1079/1079 1081/1081/1081 1082/1082/1082
f 1083/1083/1083 1084/1084/1084 1085/1085/1085
f 1086/1086/1086 1087/1087/1087 1088/1088/1088
f 1086/1086/1086 1088/1088/1088 1089/1089/1089
f 1090/1090/1090 1091/1091/1091 1092/1092/1092
f 1093/1093/1093 1094/1094/1094 1095/1095/1095
f 1093/1093/1093 1095/1095/1095 1096/1096/1096
f 1097/1097/1097 1098/1098/1098 1099/1099/1099
f 1100/1100/1100 1101/1101/1101 1102/1102/1102
f 1100/1100/1100 1102/1102/1102 1103/1103/1103
f 1104/1104/1104 1105/1105/1105 1106/1106/1106
f 1107/1107/1107 1108/1108/1108 1109/1109/1109
f 1107/1107/1107 1109/1109/1109 1110/1110/1110
f 1111/1111/1111 1112/1112/1112 1113/1113/1113
f 1114/1114/1114 1115/1115/1115 1116/1116/1116
f 1114/1114/1114 1116/1116/1116 1117/1117/1117
f 1118/1118/1118 1119/1119/1119 1120/1120/1120
f 1121/1121/1121 1122/1122/1122 1123/1123/1123
f 1121/1121/1121 1123/1123/1123 1124/1124/1124
f 1125/1125/1125 1126/1126/1126 1127/1127/1127
f 1128/1128/1128 1129/1129/1129 1130/1130/1130
f 1128/1128/1128 1130/1130/1130 1131/1131/1131
f 1132/1132/1132 1133/1133/1133 1134/1134/1134
f 1135/1135/1135 1136/1136/1136 1137/1137/1137
f 1135/1135/1135 1137/1137/1137 1138/1138/1138
f 1139/1139/1139 1140/1140/1140 1141/1141/1141
f 1142/1142/1142 1143/1143/1143 1144/1144/1144
f 1142/1142/1142 1144/1144/1144 1145/1145/1145
f 1146/1146/1146 1147/1147/1147 1148/1148/1148
f 1149/1149/1149 1150/1150/1150 1151/1151/1151
f 1149/1149/1149 1151/1151/1151 1152/1152/1152
f 1153/1153/1153 1154/1154/1154 1155/1155/1155
f 1156/1156/1156 1157/1157/1157 1158/1158/1158
f 1156/1156/1156 1158/1158/1158 1159/1159/1159
f 1160/1160/1160 1161/1161/1161 1162/1162/1162
f 1163/1163/1163 1164/1164/1164 1165/1165/1165
f 1163/1163/1163 1165/1165/1165 1166/1166/1166
f 1167/1167/1167 1168/1168/1168 1169/1169/1169
f 1170/1170/1170 1171/1171/1171 1172/1172/1172
f 1170/1170/1170 1172/1172/1172 1173/1173/1173
f 1174/1174/1174 1175/1175/1175 1176/1176/1176
f 1177/1177/1177 1178/1178/1178 1179/1179/1179
f 1177/1177/1177 1179/1179/1179 1180/1180/1180
f 1181/1181/1181 1182/1182/1182 1183/1183/1183
f 1184/1184/1184 1185/1185/1185 1186/1186/1186
f 1184/1184/1184 1186/1186/1186 1187/1187/1187
f 1188/1188/1188 1189/1189/1189 1190/1190/1190
f 1191/1191/1191 1192/1192/1192 1193/1193/1193
f 1191/1191/1191 1193/1193/1193 1194/1194/1194
f 1195/1195/1195 1196/1196/1196 1197/1197/1197
f 1198/1198/1198 1199/1199/1199 1200/1200/1200
f 1198/1198/1198 1200/1200/1200 1201/1201/1201
f 1202/1202/1202 1203/1203/1203 1204/1204/1204
o TURRET
usemtl ObjectsGDI
v 0.5 -4.5 11.2
v 0.5 4.5 11.2
v 0.5 4.5 12.6
v 0.5 -4.5 12.6
v -6.5 4.5 11.2
v -6.5 -4.5 11.2
v -6.5 -4.5 12.6
v -6.5 4.5 12.6
v 0.5 4.5 11.2
v -6.5 4.5 11.2
v -6.5 4.5 12.6
v 0.5 4.5 12.6
v -6.5 -4.5 11.2
v 0.5 -4.5 11.2
v 0.5 -4.5 12.6
v -6.5 -4.5 12.6
v -6.5 -4.5 12.6
v 0.5 -4.5 12.6
v 0.5 4.5 12.6
v -6.5 4.5 12.6
v 0.5 -4.5 11.2
v -6.5 -4.5 11.2
v -6.5 4.5 11.2
v 0.5 4.5 11.2
v -0.5 -3.5 12.6
v -0.5 3.5 12.6
v -0.5 3.5 14
v -0.5 -3.5 14
v -5.5 3.5 12.6
v -5.5 -3.5 12.6
v -5.5 -3.5 14
v -5.5 3.5 14
v -0.5 3.5 12.6
v -5.5 3.5 12.6
v -5.5 3.5 14
v -0.5 3.5 14
v -5.5 -3.5 12.6
v -0.5 -3.5 12.6
v -0.5 -3.5 14
v -5.5 -3.5 14
v -5.5 -3.5 14
v -0.5 -3.5 14
v -0.5 3.5 14
v -5.5 3.5 14
v -0.5 -3.5 12.6
v -5.5 -3.5 12.6
v -5.5 3.5 12.6
v -0.5 3.5 12.6
v 1 3.5 13.8
v 1 7.5 13.8
v 1 7.5 15
v 1 3.5 15
v -2 7.5 13.8
v -2 3.5 13.8
v -2 3.5 15
v -2 7.5 15
v 1 7.5 13.8
v -2 7.5 13.8
v -2 7.5 15
v 1 7.5 15
v -2 3.5 13.8
v 1 3.5 13.8
v 1 3.5 15
v -2 3.5 15
v -2 3.5 15
v 1 3.5 15
v 1 7.5 15
v -2 7.5 15
v 1 3.5 13.8
v -2 3.5 13.8
v -2 7.5 13.8
v 1 7.5 13.8
v 1 -7.5 13.8
v 1 -3.5 13.8
v 1 -3.5 15
v 1 -7.5 15
v -2 -3.5 13.8
v -2 -7.5 13.8
v -2 -7.5 15
v -2 -3.5 15
v 1 -3.5 13.8
v -2 -3.5 13.8
v -2 -3.5 15
v 1 -3.5 15
v -2 -7.5 13.8
v 1 -7.5 13.8
v 1 -7.5 15
v -2 -7.5 15
v -2 -7.5 15
v 1 -7.5 15
v 1 -3.5 15
v -2 -3.5 15
v 1 -7.5 13.8
v -2 -7.5 13.8
v -2 -3.5 13.8
v 1 -3.5 13.8
v -4.465341 4.95 13.527368
v -4.35747 4.889711 13.724824
v -2.426788 4.889711 12.670088
v -2.534659 4.95 12.472632
v -2.534659 4.5 12.472632
v -2.426788 4.889711 12.670088
v -2.534659 4.95 12.472632
v -4.35747 4.889711 13.724824
v -4.278503 4.725 13.869372
v -2.347822 4.725 12.814636
v -2.426788 4.889711 12.670088
v -2.534659 4.5 12.472632
v -2.347822 4.725 12.814636
v -2.426788 4.889711 12.670088
v -4.278503 4.725 13.869372
v -4.249599 4.5 13.92228
v -2.318918 4.5 12.867544
v -2.347822 4.725 12.814636
v -2.534659 4.5 12.472632
v -2.318918 4.5 12.867544
v -2.347822 4.725 12.814636
v -4.249599 4.5 13.92228
v -4.278503 4.275 13.869372
v -2.347822 4.275 12.814636
v -2.318918 4.5 12.867544
v -2.534659 4.5 12.472632
v -2.347822 4.275 12.814636
v -2.318918 4.5 12.867544
v -4.278503 4.275 13.869372
v -4.35747 4.110289 13.724824
v -2.426788 4.110289 12.670088
v -2.347822 4.275 12.814636
v -2.534659 4.5 12.472632
v -2.426788 4.110289 12.670088
v -2.347822 4.275 12.814636
v -4.35747 4.110289 13.724824
v -4.465341 4.05 13.527368
v -2.534659 4.05 12.472632
v -2.426788 4.110289 12.670088
v -2.534659 4.5 12.472632
v -2.534659 4.05 12.472632
v -2.426788 4.110289 12.670088
v -4.465341 4.05 13.527368
v -4.573212 4.110289 13.329912
v -2.64253 4.110289 12.275176
v -2.534659 4.05 12.472632
v -2.534659 4.5 12.472632
v -2.64253 4.110289 12.275176
v -2.534659 4.05 12.472632
v -4.573212 4.110289 13.329912
v -4.652178 4.275 13.185364
v -2.721497 4.275 12.130628
v -2.64253 4.110289 12.275176
v -2.534659 4.5 12.472632
v -2.721497 4.275 12.130628
v -2.64253 4.110289 12.275176
v -4.652178 4.275 13.185364
v -4.681082 4.5 13.132456
v -2.750401 4.5 12.07772
v -2.721497 4.275 12.130628
v -2.534659 4.5 12.472632
v -2.750401 4.5 12.07772
v -2.721497 4.275 12.130628
v -4.681082 4.5 13.132456
v -4.652178 4.725 13.185364
v -2.721497 4.725 12.130628
v -2.750401 4.5 12.07772
v -2.534659 4.5 12.472632
v -2.721497 4.725 12.130628
v -2.750401 4.5 12.07772
v -4.652178 4.725 13.185364
v -4.573212 4.889711 13.329912
v -2.64253 4.889711 12.275176
v -2.721497 4.725 12.130628
v -2.534659 4.5 12.472632
v -2.64253 4.889711 12.275176
v -2.721497 4.725 12.130628
v -4.573212 4.889711 13.329912
v -4.465341 4.95 13.527368
v -2.534659 4.95 12.472632
v -2.64253 4.889711 12.275176
v -2.534659 4.5 12.472632
v -2.534659 4.95 12.472632
v -2.64253 4.889711 12.275176
v -4.465341 -4.05 13.527368
v -4.35747 -4.110289 13.724824
v -2.426788 -4.110289 12.670088
v -2.534659 -4.05 12.472632
v -2.534659 -4.5 12.472632
v -2.426788 -4.110289 12.670088
v -2.534659 -4.05 12.472632
v -4.35747 -4.110289 13.724824
v -4.278503 -4.275 13.869372
v -2.347822 -4.275 12.814636
v -2.426788 -4.110289 12.670088
v -2.534659 -4.5 12.472632
v -2.347822 -4.275 12.814636
v -2.426788 -4.110289 12.670088
v -4.278503 -4.275 13.869372
v -4.249599 -4.5 13.92228
v -2.318918 -4.5 12.867544
v -2.347822 -4.275 12.814636
v -2.534659 -4.5 12.472632
v -2.318918 -4.5 12.867544
v -2.347822 -4.275 12.814636
v -4.249599 -4.5 13.92228
v -4.278503 -4.725 13.869372
v -2.347822 -4.725 12.814636
v -2.318918 -4.5 12.867544
v -2.534659 -4.5 12.472632
v -2.347822 -4.725 12.814636
v -2.318918 -4.5 12.867544
v -4.278503 -4.725 13.869372
v -4.35747 -4.889711 13.724824
v -2.426788 -4.889711 12.670088
v -2.347822 -4.725 12.814636
v -2.534659 -4.5 12.472632
v -2.426788 -4.889711 12.670088
v -2.347822 -4.725 12.814636
v -4.35747 -4.889711 13.724824
v -4.465341 -4.95 13.527368
v -2.534659 -4.95 12.472632
v -2.426788 -4.889711 12.670088
v -2.534659 -4.5 12.472632
v -2.534659 -4.95 12.472632
v -2.426788 -4.889711 12.670088
v -4.465341 -4.95 13.527368
v -4.573212 -4.889711 13.329912
v -2.64253 -4.889711 12.275176
v -2.534659 -4.95 12.472632
v -2.534659 -4.5 12.472632
v -2.64253 -4.889711 12.275176
v -2.534659 -4.95 12.472632
v -4.573212 -4.889711 13.329912
v -4.652178 -4.725 13.185364
v -2.721497 -4.725 12.130628
v -2.64253 -4.889711 12.275176
v -2.534659 -4.5 12.472632
v -2.721497 -4.725 12.130628
v -2.64253 -4.889711 12.275176
v -4.652178 -4.725 13.185364
v -4.681082 -4.5 13.132456
v -2.750401 -4.5 12.07772
v -2.721497 -4.725 12.130628
v -2.534659 -4.5 12.472632
v -2.750401 -4.5 12.07772
v -2.721497 -4.725 12.130628
v -4.681082 -4.5 13.132456
v -4.652178 -4.275 13.185364
v -2.721497 -4.275 12.130628
v -2.750401 -4.5 12.07772
v -2.534659 -4.5 12.472632
v -2.721497 -4.275 12.130628
v -2.750401 -4.5 12.07772
v -4.652178 -4.275 13.185364
v -4.573212 -4.110289 13.329912
v -2.64253 -4.110289 12.275176
v -2.721497 -4.275 12.130628
v -2.534659 -4.5 12.472632
v -2.64253 -4.110289 12.275176
v -2.721497 -4.275 12.130628
v -4.573212 -4.110289 13.329912
v -4.465341 -4.05 13.527368
v -2.534659 -4.05 12.472632
v -2.64253 -4.110289 12.275176
v -2.534659 -4.5 12.472632
v -2.534659 -4.05 12.472632
v -2.64253 -4.110289 12.275176
vt 0.53 0.22
vt 0.72 0.22
vt 0.72 0.03
vt 0.53 0.03
vt 0.53 0.22
vt 0.72 0.22
vt 0.72 0.03
vt 0.53 0.03
vt 0.53 0.22
vt 0.72 0.22
vt 0.72 0.03
vt 0.53 0.03
vt 0.53 0.22
vt 0.72 0.22
vt 0.72 0.03
vt 0.53 0.03
vt 0.53 0.22
vt 0.72 0.22
vt 0.72 0.03
vt 0.53 0.03
vt 0.53 0.22
vt 0.72 0.22
vt 0.72 0.03
vt 0.53 0.03
vt 0.78 0.22
vt 0.97 0.22
vt 0.97 0.03
vt 0.78 0.03
vt 0.78 0.22
vt 0.97 0.22
vt 0.97 0.03
vt 0.78 0.03
vt 0.78 0.22
vt 0.97 0.22
vt 0.97 0.03
vt 0.78 0.03
vt 0.78 0.22
vt 0.97 0.22
vt 0.97 0.03
vt 0.78 0.03
vt 0.78 0.22
vt 0.97 0.22
vt 0.97 0.03
vt 0.78 0.03
vt 0.78 0.22
vt 0.97 0.22
vt 0.97 0.03
vt 0.78 0.03
vt 0.78 0.22
vt 0.97 0.22
vt 0.97 0.03
vt 0.78 0.03
vt 0.78 0.22
vt 0.97 0.22
vt 0.97 0.03
vt 0.78 0.03
vt 0.78 0.22
vt 0.97 0.22
vt 0.97 0.03
vt 0.78 0.03
vt 0.78 0.22
vt 0.97 0.22
vt 0.97 0.03
vt 0.78 0.03
vt 0.78 0.22
vt 0.97 0.22
vt 0.97 0.03
vt 0.78 0.03
vt 0.78 0.22
vt 0.97 0.22
vt 0.97 0.03
vt 0.78 0.03
vt 0.78 0.22
vt 0.97 0.22
vt 0.97 0.03
vt 0.78 0.03
vt 0.78 0.22
vt 0.97 0.22
vt 0.97 0.03
vt 0.78 0.03
vt 0.78 0.22
vt 0.97 0.22
vt 0.97 0.03
vt 0.78 0.03
vt 0.78 0.22
vt 0.97 0.22
vt 0.97 0.03
vt 0.78 0.03
vt 0.78 0.22
vt 0.97 0.22
vt 0.97 0.03
vt 0.78 0.03
vt 0.78 0.22
vt 0.97 0.22
vt 0.97 0.03
vt 0.78 0.03
vt 0.78 0.22
vt 0.795833 0.22
vt 0.795833 0.03
vt 0.78 0.03
vt 0.625 0.375
vt 0.699045 0.33225
vt 0.7105 0.375
vt 0.795833 0.22
vt 0.811667 0.22
vt 0.811667 0.03
vt 0.795833 0.03
vt 0.625 0.375
vt 0.66775 0.300955
vt 0.699045 0.33225
vt 0.811667 0.22
vt 0.8275 0.22
vt 0.8275 0.03
vt 0.811667 0.03
vt 0.625 0.375
vt 0.625 0.2895
vt 0.66775 0.300955
vt 0.8275 0.22
vt 0.843333 0.22
vt 0.843333 0.03
vt 0.8275 0.03
vt 0.625 0.375
vt 0.58225 0.300955
vt 0.625 0.2895
vt 0.843333 0.22
vt 0.859167 0.22
vt 0.859167 0.03
vt 0.843333 0.03
vt 0.625 0.375
vt 0.550955 0.33225
vt 0.58225 0.300955
vt 0.859167 0.22
vt 0.875 0.22
vt 0.875 0.03
vt 0.859167 0.03
vt 0.625 0.375
vt 0.5395 0.375
vt 0.550955 0.33225
vt 0.875 0.22
vt 0.890833 0.22
vt 0.890833 0.03
vt 0.875 0.03
vt 0.625 0.375
vt 0.550955 0.41775
vt 0.5395 0.375
vt 0.890833 0.22
vt 0.906667 0.22
vt 0.906667 0.03
vt 0.890833 0.03
vt 0.625 0.375
vt 0.58225 0.449045
vt 0.550955 0.41775
vt 0.906667 0.22
vt 0.9225 0.22
vt 0.9225 0.03
vt 0.906667 0.03
vt 0.625 0.375
vt 0.625 0.4605
vt 0.58225 0.449045
vt 0.9225 0.22
vt 0.938333 0.22
vt 0.938333 0.03
vt 0.9225 0.03
vt 0.625 0.375
vt 0.66775 0.449045
vt 0.625 0.4605
vt 0.938333 0.22
vt 0.954167 0.22
vt 0.954167 0.03
vt 0.938333 0.03
vt 0.625 0.375
vt 0.699045 0.41775
vt 0.66775 0.449045
vt 0.954167 0.22
vt 0.97 0.22
vt 0.97 0.03
vt 0.954167 0.03
vt 0.625 0.375
vt 0.7105 0.375
vt 0.699045 0.41775
vt 0.78 0.22
vt 0.795833 0.22
vt 0.795833 0.03
vt 0.78 0.03
vt 0.625 0.375
vt 0.699045 0.33225
vt 0.7105 0.375
vt 0.795833 0.22
vt 0.811667 0.22
vt 0.811667 0.03
vt 0.795833 0.03
vt 0.625 0.375
vt 0.66775 0.300955
vt 0.699045 0.33225
vt 0.811667 0.22
vt 0.8275 0.22
vt 0.8275 0.03
vt 0.811667 0.03
vt 0.625 0.375
vt 0.625 0.2895
vt 0.66775 0.300955
vt 0.8275 0.22
vt 0.843333 0.22
vt 0.843333 0.03
vt 0.8275 0.03
vt 0.625 0.375
vt 0.58225 0.300955
vt 0.625 0.2895
vt 0.843333 0.22
vt 0.859167 0.22
vt 0.859167 0.03
vt 0.843333 0.03
vt 0.625 0.375
vt 0.550955 0.33225
vt 0.58225 0.300955
vt 0.859167 0.22
vt 0.875 0.22
vt 0.875 0.03
vt 0.859167 0.03
vt 0.625 0.375
vt 0.5395 0.375
vt 0.550955 0.33225
vt 0.875 0.22
vt 0.890833 0.22
vt 0.890833 0.03
vt 0.875 0.03
vt 0.625 0.375
vt 0.550955 0.41775
vt 0.5395 0.375
vt 0.890833 0.22
vt 0.906667 0.22
vt 0.906667 0.03
vt 0.890833 0.03
vt 0.625 0.375
vt 0.58225 0.449045
vt 0.550955 0.41775
vt 0.906667 0.22
vt 0.9225 0.22
vt 0.9225 0.03
vt 0.906667 0.03
vt 0.625 0.375
vt 0.625 0.4605
vt 0.58225 0.449045
vt 0.9225 0.22
vt 0.938333 0.22
vt 0.938333 0.03
vt 0.9225 0.03
vt 0.625 0.375
vt 0.66775 0.449045
vt 0.625 0.4605
vt 0.938333 0.22
vt 0.954167 0.22
vt 0.954167 0.03
vt 0.938333 0.03
vt 0.625 0.375
vt 0.699045 0.41775
vt 0.66775 0.449045
vt 0.954167 0.22
vt 0.97 0.22
vt 0.97 0.03
vt 0.954167 0.03
vt 0.625 0.375
vt 0.7105 0.375
vt 0.699045 0.41775
vn 1 0 0
vn 1 0 0
vn 1 0 0
vn 1 0 0
vn -1 0 0
vn -1 0 0
vn -1 0 0
vn -1 0 0
vn 0 1 0
vn 0 1 0
vn 0 1 0
vn 0 1 0
vn 0 -1 0
vn 0 -1 0
vn 0 -1 0
vn 0 -1 0
vn 0 0 1
vn 0 0 1
vn 0 0 1
vn 0 0 1
vn 0 0 -1
vn 0 0 -1
vn 0 0 -1
vn 0 0 -1
vn 1 0 0
vn 1 0 0
vn 1 0 0
vn 1 0 0
vn -1 0 0
vn -1 0 0
vn -1 0 0
vn -1 0 0
vn 0 1 0
vn 0 1 0
vn 0 1 0
vn 0 1 0
vn 0 -1 0
vn 0 -1 0
vn 0 -1 0
vn 0 -1 0
vn 0 0 1
vn 0 0 1
vn 0 0 1
vn 0 0 1
vn 0 0 -1
vn 0 0 -1
vn 0 0 -1
vn 0 0 -1
vn 1 0 0
vn 1 0 0
vn 1 0 0
vn 1 0 0
vn -1 0 0
vn -1 0 0
vn -1 0 0
vn -1 0 0
vn 0 1 0
vn 0 1 0
vn 0 1 0
vn 0 1 0
vn 0 -1 0
vn 0 -1 0
vn 0 -1 0
vn 0 -1 0
vn 0 0 1
vn 0 0 1
vn 0 0 1
vn 0 0 1
vn 0 0 -1
vn 0 0 -1
vn 0 0 -1
vn 0 0 -1
vn 1 0 0
vn 1 0 0
vn 1 0 0
vn 1 0 0
vn -1 0 0
vn -1 0 0
vn -1 0 0
vn -1 0 0
vn 0 1 0
vn 0 1 0
vn 0 1 0
vn 0 1 0
vn 0 -1 0
vn 0 -1 0
vn 0 -1 0
vn 0 -1 0
vn 0 0 1
vn 0 0 1
vn 0 0 1
vn 0 0 1
vn 0 0 -1
vn 0 0 -1
vn 0 0 -1
vn 0 0 -1
vn 0.124084 0.965926 0.227135
vn 0.124084 0.965926 0.227135
vn 0.124084 0.965926 0.227135
vn 0.124084 0.965926 0.227135
vn -0.877583 0 0.479426
vn -0.877583 0 0.479426
vn -0.877583 0 0.479426
vn 0.339005 0.707107 0.620545
vn 0.339005 0.707107 0.620545
vn 0.339005 0.707107 0.620545
vn 0.339005 0.707107 0.620545
vn -0.877583 0 0.479426
vn -0.877583 0 0.479426
vn -0.877583 0 0.479426
vn 0.46309 0.258819 0.84768
vn 0.46309 0.258819 0.84768
vn 0.46309 0.258819 0.84768
vn 0.46309 0.258819 0.84768
vn -0.877583 0 0.479426
vn -0.877583 0 0.479426
vn -0.877583 0 0.479426
vn 0.46309 -0.258819 0.84768
vn 0.46309 -0.258819 0.84768
vn 0.46309 -0.258819 0.84768
vn 0.46309 -0.258819 0.84768
vn -0.877583 0 0.479426
vn -0.877583 0 0.479426
vn -0.877583 0 0.479426
vn 0.339005 -0.707107 0.620545
vn 0.339005 -0.707107 0.620545
vn 0.339005 -0.707107 0.620545
vn 0.339005 -0.707107 0.620545
vn -0.877583 0 0.479426
vn -0.877583 0 0.479426
vn -0.877583 0 0.479426
vn 0.124084 -0.965926 0.227135
vn 0.124084 -0.965926 0.227135
vn 0.124084 -0.965926 0.227135
vn 0.124084 -0.965926 0.227135
vn -0.877583 0 0.479426
vn -0.877583 0 0.479426
vn -0.877583 0 0.479426
vn -0.124084 -0.965926 -0.227135
vn -0.124084 -0.965926 -0.227135
vn -0.124084 -0.965926 -0.227135
vn -0.124084 -0.965926 -0.227135
vn -0.877583 0 0.479426
vn -0.877583 0 0.479426
vn -0.877583 0 0.479426
vn -0.339005 -0.707107 -0.620545
vn -0.339005 -0.707107 -0.620545
vn -0.339005 -0.707107 -0.620545
vn -0.339005 -0.707107 -0.620545
vn -0.877583 0 0.479426
vn -0.877583 0 0.479426
vn -0.877583 0 0.479426
vn -0.46309 -0.258819 -0.84768
vn -0.46309 -0.258819 -0.84768
vn -0.46309 -0.258819 -0.84768
vn -0.46309 -0.258819 -0.84768
vn -0.877583 0 0.479426
vn -0.877583 0 0.479426
vn -0.877583 0 0.479426
vn -0.46309 0.258819 -0.84768
vn -0.46309 0.258819 -0.84768
vn -0.46309 0.258819 -0.84768
vn -0.46309 0.258819 -0.84768
vn -0.877583 0 0.479426
vn -0.877583 0 0.479426
vn -0.877583 0 0.479426
vn -0.339005 0.707107 -0.620545
vn -0.339005 0.707107 -0.620545
vn -0.339005 0.707107 -0.620545
vn -0.339005 0.707107 -0.620545
vn -0.877583 0 0.479426
vn -0.877583 0 0.479426
vn -0.877583 0 0.479426
vn -0.124084 0.965926 -0.227135
vn -0.124084 0.965926 -0.227135
vn -0.124084 0.965926 -0.227135
vn -0.124084 0.965926 -0.227135
vn -0.877583 0 0.479426
vn -0.877583 0 0.479426
vn -0.877583 0 0.479426
vn 0.124084 0.965926 0.227135
vn 0.124084 0.965926 0.227135
vn 0.124084 0.965926 0.227135
vn 0.124084 0.965926 0.227135
vn -0.877583 0 0.479426
vn -0.877583 0 0.479426
vn -0.877583 0 0.479426
vn 0.339005 0.707107 0.620545
vn 0.339005 0.707107 0.620545
vn 0.339005 0.707107 0.620545
vn 0.339005 0.707107 0.620545
vn -0.877583 0 0.479426
vn -0.877583 0 0.479426
vn -0.877583 0 0.479426
vn 0.46309 0.258819 0.84768
vn 0.46309 0.258819 0.84768
vn 0.46309 0.258819 0.84768
vn 0.46309 0.258819 0.84768
vn -0.877583 0 0.479426
vn -0.877583 0 0.479426
vn -0.877583 0 0.479426
vn 0.46309 -0.258819 0.84768
vn 0.46309 -0.258819 0.84768
vn 0.46309 -0.258819 0.84768
vn 0.46309 -0.258819 0.84768
vn -0.877583 0 0.479426
vn -0.877583 0 0.479426
vn -0.877583 0 0.479426
vn 0.339005 -0.707107 0.620545
vn 0.339005 -0.707107 0.620545
vn 0.339005 -0.707107 0.620545
vn 0.339005 -0.707107 0.620545
vn -0.877583 0 0.479426
vn -0.877583 0 0.479426
vn -0.877583 0 0.479426
vn 0.124084 -0.965926 0.227135
vn 0.124084 -0.965926 0.227135
vn 0.124084 -0.965926 0.227135
vn 0.124084 -0.965926 0.227135
vn -0.877583 0 0.479426
vn -0.877583 0 0.479426
vn -0.877583 0 0.479426
vn -0.124084 -0.965926 -0.227135
vn -0.124084 -0.965926 -0.227135
vn -0.124084 -0.965926 -0.227135
vn -0.124084 -0.965926 -0.227135
vn -0.877583 0 0.479426
vn -0.877583 0 0.479426
vn -0.877583 0 0.479426
vn -0.339005 -0.707107 -0.620545
vn -0.339005 -0.707107 -0.620545
vn -0.339005 -0.707107 -0.620545
vn -0.339005 -0.707107 -0.620545
vn -0.877583 0 0.479426
vn -0.877583 0 0.479426
vn -0.877583 0 0.479426
vn -0.46309 -0.258819 -0.84768
vn -0.46309 -0.258819 -0.84768
vn -0.46309 -0.258819 -0.84768
vn -0.46309 -0.258819 -0.84768
vn -0.877583 0 0.479426
vn -0.877583 0 0.479426
vn -0.877583 0 0.479426
vn -0.46309 0.258819 -0.84768
vn -0.46309 0.258819 -0.84768
vn -0.46309 0.258819 -0.84768
vn -0.46309 0.258819 -0.84768
vn -0.877583 0 0.479426
vn -0.877583 0 0.479426
vn -0.877583 0 0.479426
vn -0.339005 0.707107 -0.620545
vn -0.339005 0.707107 -0.620545
vn -0.339005 0.707107 -0.620545
vn -0.339005 0.707107 -0.620545
vn -0.877583 0 0.479426
vn -0.877583 0 0.479426
vn -0.877583 0 0.479426
vn -0.124084 0.965926 -0.227135
vn -0.124084 0.965926 -0.227135
vn -0.124084 0.965926 -0.227135
vn -0.124084 0.965926 -0.227135
vn -0.877583 0 0.479426
vn -0.877583 0 0.479426
vn -0.877583 0 0.479426
f 1205/1205/1205 1206/1206/1206 1207/1207/1207
f 1205/1205/1205 1207/1207/1207 1208/1208/1208
f 1209/1209/1209 1210/1210/1210 1211/1211/1211
f 1209/1209/1209 1211/1211/1211 1212/1212/1212
f 1213/1213/1213 1214/1214/1214 1215/1215/1215
f 1213/1213/1213 1215/1215/1215 1216/1216/1216
f 1217/1217/1217 1218/1218/1218 1219/1219/1219
f 1217/1217/1217 1219/1219/1219 1220/1220/1220
f 1221/1221/1221 1222/1222/1222 1223/1223/1223
f 1221/1221/1221 1223/1223/1223 1224/1224/1224
f 1225/1225/1225 1226/1226/1226 1227/1227/1227
f 1225/1225/1225 1227/1227/1227 1228/1228/1228
f 1229/1229/1229 1230/1230/1230 1231/1231/1231
f 1229/1229/1229 1231/1231/1231 1232/1232/1232
f 1233/1233/1233 1234/1234/1234 1235/1235/1235
f 1233/1233/1233 1235/1235/1235 1236/1236/1236
f 1237/1237/1237 1238/1238/1238 1239/1239/1239
f 1237/1237/1237 1239/1239/1239 1240/1240/1240
f 1241/1241/1241 1242/1242/1242 1243/1243/1243
f 1241/1241/1241 1243/1243/1243 1244/1244/1244
f 1245/1245/1245 1246/1246/1246 1247/1247/1247
f 1245/1245/1245 1247/1247/1247 1248/1248/1248
f 1249/1249/1249 1250/1250/1250 1251/1251/1251
f 1249/1249/1249 1251/1251/1251 1252/1252/1252
f 1253/1253/1253 1254/1254/1254 1255/1255/1255
f 1253/1253/1253 1255/1255/1255 1256/1256/1256
f 1257/1257/1257 1258/1258/1258 1259/1259/1259
f 1257/1257/1257 1259/1259/1259 1260/1260/1260
f 1261/1261/1261 1262/1262/1262 1263/1263/1263
f 1261/1261/1261 1263/1263/1263 1264/1264/1264
f 1265/1265/1265 1266/1266/1266 1267/1267/1267
f 1265/1265/1265 1267/1267/1267 1268/1268/1268
f 1269/1269/1269 1270/1270/1270 1271/1271/1271
f 1269/1269/1269 1271/1271/1271 1272/1272/1272
f 1273/1273/1273 1274/1274/1274 1275/1275/1275
f 1273/1273/1273 1275/1275/1275 1276/1276/1276
f 1277/1277/1277 1278/1278/1278 1279/1279/1279
f 1277/1277/1277 1279/1279/1279 1280/1280/1280
f 1281/1281/1281 1282/1282/1282 1283/1283/1283
f 1281/1281/1281 1283/1283/1283 1284/1284/1284
f 1285/1285/1285 1286/1286/1286 1287/1287/1287
f 1285/1285/1285 1287/1287/1287 1288/1288/1288
f 1289/1289/1289 1290/1290/1290 1291/1291/1291
f 1289/1289/1289 1291/1291/1291 1292/1292/1292
f 1293/1293/1293 1294/1294/1294 1295/1295/1295
f 1293/1293/1293 1295/1295/1295 1296/1296/1296
f 1297/1297/1297 1298/1298/1298 1299/1299/1299
f 1297/1297/1297 1299/1299/1299 1300/1300/1300
f 1301/1301/1301 1302/1302/1302 1303/1303/1303
f 1301/1301/1301 1303/1303/1303 1304/1304/1304
f 1305/1305/1305 1306/1306/1306 1307/1307/1307
f 1308/1308/1308 1309/1309/1309 1310/1310/1310
f 1308/1308/1308 1310/1310/1310 1311/1311/1311
f 1312/1312/1312 1313/1313/1313 1314/1314/1314
f 1315/1315/1315 1316/1316/1316 1317/1317/1317
f 1315/1315/1315 1317/1317/1317 1318/1318/1318
f 1319/1319/1319 1320/1320/1320 1321/1321/1321
f 1322/1322/1322 1323/1323/1323 1324/1324/1324
f 1322/1322/1322 1324/1324/1324 1325/1325/1325
f 1326/1326/1326 1327/1327/1327 1328/1328/1328
f 1329/1329/1329 1330/1330/1330 1331/1331/1331
f 1329/1329/1329 1331/1331/1331 1332/1332/1332
f 1333/1333/1333 1334/1334/1334 1335/1335/1335
f 1336/1336/1336 1337/1337/1337 1338/1338/1338
f 1336/1336/1336 1338/1338/1338 1339/1339/1339
f 1340/1340/1340 1341/1341/1341 1342/1342/1342
f 1343/1343/1343 1344/1344/1344 1345/1345/1345
f 1343/1343/1343 1345/1345/1345 1346/1346/1346
f 1347/1347/1347 1348/1348/1348 1349/1349/1349
f 1350/1350/1350 1351/1351/1351 1352/1352/1352
f 1350/1350/1350 1352/1352/1352 1353/1353/1353
f 1354/1354/1354 1355/1355/1355 1356/1356/1356
f 1357/1357/1357 1358/1358/1358 1359/1359/1359
f 1357/1357/1357 1359/1359/1359 1360/1360/1360
f 1361/1361/1361 1362/1362/1362 1363/1363/1363
f 1364/1364/1364 1365/1365/1365 1366/1366/1366
f 1364/1364/1364 1366/1366/1366 1367/1367/1367
f 1368/1368/1368 1369/1369/1369 1370/1370/1370
f 1371/1371/1371 1372/1372/1372 1373/1373/1373
f 1371/1371/1371 1373/1373/1373 1374/1374/1374
f 1375/1375/1375 1376/1376/1376 1377/1377/1377
f 1378/1378/1378 1379/1379/1379 1380/1380/1380
f 1378/1378/1378 1380/1380/1380 1381/1381/1381
f 1382/1382/1382 1383/1383/1383 1384/1384/1384
f 1385/1385/1385 1386/1386/1386 1387/1387/1387
f 1385/1385/1385 1387/1387/1387 1388/1388/1388
f 1389/1389/1389 1390/1390/1390 1391/1391/1391
f 1392/1392/1392 1393/1393/1393 1394/1394/1394
f 1392/1392/1392 1394/1394/1394 1395/1395/1395
f 1396/1396/1396 1397/1397/1397 1398/1398/1398
f 1399/1399/1399 1400/1400/1400 1401/1401/1401
f 1399/1399/1399 1401/1401/1401 1402/1402/1402
f 1403/1403/1403 1404/1404/1404 1405/1405/1405
f 1406/1406/1406 1407/1407/1407 1408/1408/1408
f 1406/1406/1406 1408/1408/1408 1409/1409/1409
f 1410/1410/1410 1411/1411/1411 1412/1412/1412
f 1413/1413/1413 1414/1414/1414 1415/1415/1415
f 1413/1413/1413 1415/1415/1415 1416/1416/1416
f 1417/1417/1417 1418/1418/1418 1419/1419/1419
f 1420/1420/1420 1421/1421/1421 1422/1422/1422
f 1420/1420/1420 1422/1422/1422 1423/1423/1423
f 1424/1424/1424 1425/1425/1425 1426/1426/1426
f 1427/1427/1427 1428/1428/1428 1429/1429/1429
f 1427/1427/1427 1429/1429/1429 1430/1430/1430
f 1431/1431/1431 1432/1432/1432 1433/1433/1433
f 1434/1434/1434 1435/1435/1435 1436/1436/1436
f 1434/1434/1434 1436/1436/1436 1437/1437/1437
f 1438/1438/1438 1439/1439/1439 1440/1440/1440
f 1441/1441/1441 1442/1442/1442 1443/1443/1443
f 1441/1441/1441 1443/1443/1443 1444/1444/1444
f 1445/1445/1445 1446/1446/1446 1447/1447/1447
f 1448/1448/1448 1449/1449/1449 1450/1450/1450
f 1448/1448/1448 1450/1450/1450 1451/1451/1451
f 1452/1452/1452 1453/1453/1453 1454/1454/1454
f 1455/1455/1455 1456/1456/1456 1457/1457/1457
f 1455/1455/1455 1457/1457/1457 1458/1458/1458
f 1459/1459/1459 1460/1460/1460 1461/1461/1461
f 1462/1462/1462 1463/1463/1463 1464/1464/1464
f 1462/1462/1462 1464/1464/1464 1465/1465/1465
f 1466/1466/1466 1467/1467/1467 1468/1468/1468
o LAUNCHER_L
usemtl ObjectsGDI
v 8 5.2 12.9
v 8 9.8 12.9
v 8 9.8 17.1
v 8 5.2 17.1
v -4 9.8 12.9
v -4 5.2 12.9
v -4 5.2 17.1
v -4 9.8 17.1
v 8 9.8 12.9
v -4 9.8 12.9
v -4 9.8 17.1
v 8 9.8 17.1
v -4 5.2 12.9
v 8 5.2 12.9
v 8 5.2 17.1
v -4 5.2 17.1
v -4 5.2 17.1
v 8 5.2 17.1
v 8 9.8 17.1
v -4 9.8 17.1
v 8 5.2 12.9
v -4 5.2 12.9
v -4 9.8 12.9
v 8 9.8 12.9
v 8.8 5.4 13.1
v 8.8 9.6 13.1
v 8.8 9.6 16.9
v 8.8 5.4 16.9
v 8 9.6 13.1
v 8 5.4 13.1
v 8 5.4 16.9
v 8 9.6 16.9
v 8.8 9.6 13.1
v 8 9.6 13.1
v 8 9.6 16.9
v 8.8 9.6 16.9
v 8 5.4 13.1
v 8.8 5.4 13.1
v 8.8 5.4 16.9
v 8 5.4 16.9
v 8 5.4 16.9
v 8.8 5.4 16.9
v 8.8 9.6 16.9
v 8 9.6 16.9
v 8.8 5.4 13.1
v 8 5.4 13.1
v 8 9.6 13.1
v 8.8 9.6 13.1
v 8.229366 7.25 16.13541
v 8.318058 7.19291 16.408375
v 9.459326 7.19291 16.037555
v 9.370634 7.25 15.76459
v 9.370634 6.5 15.76459
v 9.459326 7.19291 16.037555
v 9.370634 7.25 15.76459
v 8.318058 7.19291 16.408375
v 8.393247 7.03033 16.639784
v 9.534515 7.03033 16.268964
v 9.459326 7.19291 16.037555
v 9.370634 6.5 15.76459
v 9.534515 7.03033 16.268964
v 9.459326 7.19291 16.037555
v 8.393247 7.03033 16.639784
v 8.443487 6.787013 16.794406
v 9.584755 6.787013 16.423586
v 9.534515 7.03033 16.268964
v 9.370634 6.5 15.76459
v 9.584755 6.787013 16.423586
v 9.534515 7.03033 16.268964
v 8.443487 6.787013 16.794406
v 8.461129 6.5 16.848703
v 9.602397 6.5 16.477882
v 9.584755 6.787013 16.423586
v 9.370634 6.5 15.76459
v 9.602397 6.5 16.477882
v 9.584755 6.787013 16.423586
v 8.461129 6.5 16.848703
v 8.443487 6.212987 16.794406
v 9.584755 6.212987 16.423586
v 9.602397 6.5 16.477882
v 9.370634 6.5 15.76459
v 9.584755 6.212987 16.423586
v 9.602397 6.5 16.477882
v 8.443487 6.212987 16.794406
v 8.393247 5.96967 16.639784
v 9.534515 5.96967 16.268964
v 9.584755 6.212987 16.423586
v 9.370634 6.5 15.76459
v 9.534515 5.96967 16.268964
v 9.584755 6.212987 16.423586
v 8.393247 5.96967 16.639784
v 8.318058 5.80709 16.408375
v 9.459326 5.80709 16.037555
v 9.534515 5.96967 16.268964
v 9.370634 6.5 15.76459
v 9.459326 5.80709 16.037555
v 9.534515 5.96967 16.268964
v 8.318058 5.80709 16.408375
v 8.229366 5.75 16.13541
v 9.370634 5.75 15.76459
v 9.459326 5.80709 16.037555
v 9.370634 6.5 15.76459
v 9.370634 5.75 15.76459
v 9.459326 5.80709 16.037555
v 8.229366 5.75 16.13541
v 8.140674 5.80709 15.862445
v 9.281942 5.80709 15.491625
v 9.370634 5.75 15.76459
v 9.370634 6.5 15.76459
v 9.281942 5.80709 15.491625
v 9.370634 5.75 15.76459
v 8.140674 5.80709 15.862445
v 8.065485 5.96967 15.631036
v 9.206753 5.96967 15.260216
v 9.281942 5.80709 15.491625
v 9.370634 6.5 15.76459
v 9.206753 5.96967 15.260216
v 9.281942 5.80709 15.491625
v 8.065485 5.96967 15.631036
v 8.015245 6.212987 15.476414
v 9.156513 6.212987 15.105594
v 9.206753 5.96967 15.260216
v 9.370634 6.5 15.76459
v 9.156513 6.212987 15.105594
v 9.206753 5.96967 15.260216
v 8.015245 6.212987 15.476414
v 7.997603 6.5 15.422118
v 9.138871 6.5 15.051297
v 9.156513 6.212987 15.105594
v 9.370634 6.5 15.76459
v 9.138871 6.5 15.051297
v 9.156513 6.212987 15.105594
v 7.997603 6.5 15.422118
v 8.015245 6.787013 15.476414
v 9.156513 6.787013 15.105594
v 9.138871 6.5 15.051297
v 9.370634 6.5 15.76459
v 9.156513 6.787013 15.105594
v 9.138871 6.5 15.051297
v 8.015245 6.787013 15.476414
v 8.065485 7.03033 15.631036
v 9.206753 7.03033 15.260216
v 9.156513 6.787013 15.105594
v 9.370634 6.5 15.76459
v 9.206753 7.03033 15.260216
v 9.156513 6.787013 15.105594
v 8.065485 7.03033 15.631036
v 8.140674 7.19291 15.862445
v 9.281942 7.19291 15.491625
v 9.206753 7.03033 15.260216
v 9.370634 6.5 15.76459
v 9.281942 7.19291 15.491625
v 9.206753 7.03033 15.260216
v 8.140674 7.19291 15.862445
v 8.229366 7.25 16.13541
v 9.370634 7.25 15.76459
v 9.281942 7.19291 15.491625
v 9.370634 6.5 15.76459
v 9.370634 7.25 15.76459
v 9.281942 7.19291 15.491625
v 9.219577 7.05 16.073607
v 9.304557 6.976314 16.335147
v 10.065402 6.976314 16.087934
v 9.980423 7.05 15.826393
v 9.980423 6.5 15.826393
v 10.065402 6.976314 16.087934
v 9.980423 7.05 15.826393
v 9.304557 6.976314 16.335147
v 9.366767 6.775 16.526608
v 10.127612 6.775 16.279395
v 10.065402 6.976314 16.087934
v 9.980423 6.5 15.826393
v 10.127612 6.775 16.279395
v 10.065402 6.976314 16.087934
v 9.366767 6.775 16.526608
v 9.389537 6.5 16.596688
v 10.150382 6.5 16.349474
v 10.127612 6.775 16.279395
v 9.980423 6.5 15.826393
v 10.150382 6.5 16.349474
v 10.127612 6.775 16.279395
v 9.389537 6.5 16.596688
v 9.366767 6.225 16.526608
v 10.127612 6.225 16.279395
v 10.150382 6.5 16.349474
v 9.980423 6.5 15.826393
v 10.127612 6.225 16.279395
v 10.150382 6.5 16.349474
v 9.366767 6.225 16.526608
v 9.304557 6.023686 16.335147
v 10.065402 6.023686 16.087934
v 10.127612 6.225 16.279395
v 9.980423 6.5 15.826393
v 10.065402 6.023686 16.087934
v 10.127612 6.225 16.279395
v 9.304557 6.023686 16.335147
v 9.219577 5.95 16.073607
v 9.980423 5.95 15.826393
v 10.065402 6.023686 16.087934
v 9.980423 6.5 15.826393
v 9.980423 5.95 15.826393
v 10.065402 6.023686 16.087934
v 9.219577 5.95 16.073607
v 9.134598 6.023686 15.812066
v 9.895443 6.023686 15.564853
v 9.980423 5.95 15.826393
v 9.980423 6.5 15.826393
v 9.895443 6.023686 15.564853
v 9.980423 5.95 15.826393
v 9.134598 6.023686 15.812066
v 9.072388 6.225 15.620605
v 9.833233 6.225 15.373392
v 9.895443 6.023686 15.564853
v 9.980423 6.5 15.826393
v 9.833233 6.225 15.373392
v 9.895443 6.023686 15.564853
v 9.072388 6.225 15.620605
v 9.049618 6.5 15.550526
v 9.810463 6.5 15.303312
v 9.833233 6.225 15.373392
v 9.980423 6.5 15.826393
v 9.810463 6.5 15.303312
v 9.833233 6.225 15.373392
v 9.049618 6.5 15.550526
v 9.072388 6.775 15.620605
v 9.833233 6.775 15.373392
v 9.810463 6.5 15.303312
v 9.980423 6.5 15.826393
v 9.833233 6.775 15.373392
v 9.810463 6.5 15.303312
v 9.072388 6.775 15.620605
v 9.134598 6.976314 15.812066
v 9.895443 6.976314 15.564853
v 9.833233 6.775 15.373392
v 9.980423 6.5 15.826393
v 9.895443 6.976314 15.564853
v 9.833233 6.775 15.373392
v 9.134598 6.976314 15.812066
v 9.219577 7.05 16.073607
v 9.980423 7.05 15.826393
v 9.895443 6.976314 15.564853
v 9.980423 6.5 15.826393
v 9.980423 7.05 15.826393
v 9.895443 6.976314 15.564853
v 8.229366 9.25 16.13541
v 8.318058 9.19291 16.408375
v 9.459326 9.19291 16.037555
v 9.370634 9.25 15.76459
v 9.370634 8.5 15.76459
v 9.459326 9.19291 16.037555
v 9.370634 9.25 15.76459
v 8.318058 9.19291 16.408375
v 8.393247 9.03033 16.639784
v 9.534515 9.03033 16.268964
v 9.459326 9.19291 16.037555
v 9.370634 8.5 15.76459
v 9.534515 9.03033 16.268964
v 9.459326 9.19291 16.037555
v 8.393247 9.03033 16.639784
v 8.443487 8.787013 16.794406
v 9.584755 8.787013 16.423586
v 9.534515 9.03033 16.268964
v 9.370634 8.5 15.76459
v 9.584755 8.787013 16.423586
v 9.534515 9.03033 16.268964
v 8.443487 8.787013 16.794406
v 8.461129 8.5 16.848703
v 9.602397 8.5 16.477882
v 9.584755 8.787013 16.423586
v 9.370634 8.5 15.76459
v 9.602397 8.5 16.477882
v 9.584755 8.787013 16.423586
v 8.461129 8.5 16.848703
v 8.443487 8.212987 16.794406
v 9.584755 8.212987 16.423586
v 9.602397 8.5 16.477882
v 9.370634 8.5 15.76459
v 9.584755 8.212987 16.423586
v 9.602397 8.5 16.477882
v 8.443487 8.212987 16.794406
v 8.393247 7.96967 16.639784
v 9.534515 7.96967 16.268964
v 9.584755 8.212987 16.423586
v 9.370634 8.5 15.76459
v 9.534515 7.96967 16.268964
v 9.584755 8.212987 16.423586
v 8.393247 7.96967 16.639784
v 8.318058 7.80709 16.408375
v 9.459326 7.80709 16.037555
v 9.534515 7.96967 16.268964
v 9.370634 8.5 15.76459
v 9.459326 7.80709 16.037555
v 9.534515 7.96967 16.268964
v 8.318058 7.80709 16.408375
v 8.229366 7.75 16.13541
v 9.370634 7.75 15.76459
v 9.459326 7.80709 16.037555
v 9.370634 8.5 15.76459
v 9.370634 7.75 15.76459
v 9.459326 7.80709 16.037555
v 8.229366 7.75 16.13541
v 8.140674 7.80709 15.862445
v 9.281942 7.80709 15.491625
v 9.370634 7.75 15.76459
v 9.370634 8.5 15.76459
v 9.281942 7.80709 15.491625
v 9.370634 7.75 15.76459
v 8.140674 7.80709 15.862445
v 8.065485 7.96967 15.631036
v 9.206753 7.96967 15.260216
v 9.281942 7.80709 15.491625
v 9.370634 8.5 15.76459
v 9.206753 7.96967 15.260216
v 9.281942 7.80709 15.491625
v 8.065485 7.96967 15.631036
v 8.015245 8.212987 15.476414
v 9.156513 8.212987 15.105594
v 9.206753 7.96967 15.260216
v 9.370634 8.5 15.76459
v 9.156513 8.212987 15.105594
v 9.206753 7.96967 15.260216
v 8.015245 8.212987 15.476414
v 7.997603 8.5 15.422118
v 9.138871 8.5 15.051297
v 9.156513 8.212987 15.105594
v 9.370634 8.5 15.76459
v 9.138871 8.5 15.051297
v 9.156513 8.212987 15.105594
v 7.997603 8.5 15.422118
v 8.015245 8.787013 15.476414
v 9.156513 8.787013 15.105594
v 9.138871 8.5 15.051297
v 9.370634 8.5 15.76459
v 9.156513 8.787013 15.105594
v 9.138871 8.5 15.051297
v 8.015245 8.787013 15.476414
v 8.065485 9.03033 15.631036
v 9.206753 9.03033 15.260216
v 9.156513 8.787013 15.105594
v 9.370634 8.5 15.76459
v 9.206753 9.03033 15.260216
v 9.156513 8.787013 15.105594
v 8.065485 9.03033 15.631036
v 8.140674 9.19291 15.862445
v 9.281942 9.19291 15.491625
v 9.206753 9.03033 15.260216
v 9.370634 8.5 15.76459
v 9.281942 9.19291 15.491625
v 9.206753 9.03033 15.260216
v 8.140674 9.19291 15.862445
v 8.229366 9.25 16.13541
v 9.370634 9.25 15.76459
v 9.281942 9.19291 15.491625
v 9.370634 8.5 15.76459
v 9.370634 9.25 15.76459
v 9.281942 9.19291 15.491625
v 9.219577 9.05 16.073607
v 9.304557 8.976314 16.335147
v 10.065402 8.976314 16.087934
v 9.980423 9.05 15.826393
v 9.980423 8.5 15.826393
v 10.065402 8.976314 16.087934
v 9.980423 9.05 15.826393
v 9.304557 8.976314 16.335147
v 9.366767 8.775 16.526608
v 10.127612 8.775 16.279395
v 10.065402 8.976314 16.087934
v 9.980423 8.5 15.826393
v 10.127612 8.775 16.279395
v 10.065402 8.976314 16.087934
v 9.366767 8.775 16.526608
v 9.389537 8.5 16.596688
v 10.150382 8.5 16.349474
v 10.127612 8.775 16.279395
v 9.980423 8.5 15.826393
v 10.150382 8.5 16.349474
v 10.127612 8.775 16.279395
v 9.389537 8.5 16.596688
v 9.366767 8.225 16.526608
v 10.127612 8.225 16.279395
v 10.150382 8.5 16.349474
v 9.980423 8.5 15.826393
v 10.127612 8.225 16.279395
v 10.150382 8.5 16.349474
v 9.366767 8.225 16.526608
v 9.304557 8.023686 16.335147
v 10.065402 8.023686 16.087934
v 10.127612 8.225 16.279395
v 9.980423 8.5 15.826393
v 10.065402 8.023686 16.087934
v 10.127612 8.225 16.279395
v 9.304557 8.023686 16.335147
v 9.219577 7.95 16.073607
v 9.980423 7.95 15.826393
v 10.065402 8.023686 16.087934
v 9.980423 8.5 15.826393
v 9.980423 7.95 15.826393
v 10.065402 8.023686 16.087934
v 9.219577 7.95 16.073607
v 9.134598 8.023686 15.812066
v 9.895443 8.023686 15.564853
v 9.980423 7.95 15.826393
v 9.980423 8.5 15.826393
v 9.895443 8.023686 15.564853
v 9.980423 7.95 15.826393
v 9.134598 8.023686 15.812066
v 9.072388 8.225 15.620605
v 9.833233 8.225 15.373392
v 9.895443 8.023686 15.564853
v 9.980423 8.5 15.826393
v 9.833233 8.225 15.373392
v 9.895443 8.023686 15.564853
v 9.072388 8.225 15.620605
v 9.049618 8.5 15.550526
v 9.810463 8.5 15.303312
v 9.833233 8.225 15.373392
v 9.980423 8.5 15.826393
v 9.810463 8.5 15.303312
v 9.833233 8.225 15.373392
v 9.049618 8.5 15.550526
v 9.072388 8.775 15.620605
v 9.833233 8.775 15.373392
v 9.810463 8.5 15.303312
v 9.980423 8.5 15.826393
v 9.833233 8.775 15.373392
v 9.810463 8.5 15.303312
v 9.072388 8.775 15.620605
v 9.134598 8.976314 15.812066
v 9.895443 8.976314 15.564853
v 9.833233 8.775 15.373392
v 9.980423 8.5 15.826393
v 9.895443 8.976314 15.564853
v 9.833233 8.775 15.373392
v 9.134598 8.976314 15.812066
v 9.219577 9.05 16.073607
v 9.980423 9.05 15.826393
v 9.895443 8.976314 15.564853
v 9.980423 8.5 15.826393
v 9.980423 9.05 15.826393
v 9.895443 8.976314 15.564853
v 8.229366 7.25 14.23541
v 8.318058 7.19291 14.508375
v 9.459326 7.19291 14.137555
v 9.370634 7.25 13.86459
v 9.370634 6.5 13.86459
v 9.459326 7.19291 14.137555
v 9.370634 7.25 13.86459
v 8.318058 7.19291 14.508375
v 8.393247 7.03033 14.739784
v 9.534515 7.03033 14.368964
v 9.459326 7.19291 14.137555
v 9.370634 6.5 13.86459
v 9.534515 7.03033 14.368964
v 9.459326 7.19291 14.137555
v 8.393247 7.03033 14.739784
v 8.443487 6.787013 14.894406
v 9.584755 6.787013 14.523586
v 9.534515 7.03033 14.368964
v 9.370634 6.5 13.86459
v 9.584755 6.787013 14.523586
v 9.534515 7.03033 14.368964
v 8.443487 6.787013 14.894406
v 8.461129 6.5 14.948703
v 9.602397 6.5 14.577882
v 9.584755 6.787013 14.523586
v 9.370634 6.5 13.86459
v 9.602397 6.5 14.577882
v 9.584755 6.787013 14.523586
v 8.461129 6.5 14.948703
v 8.443487 6.212987 14.894406
v 9.584755 6.212987 14.523586
v 9.602397 6.5 14.577882
v 9.370634 6.5 13.86459
v 9.584755 6.212987 14.523586
v 9.602397 6.5 14.577882
v 8.443487 6.212987 14.894406
v 8.393247 5.96967 14.739784
v 9.534515 5.96967 14.368964
v 9.584755 6.212987 14.523586
v 9.370634 6.5 13.86459
v 9.534515 5.96967 14.368964
v 9.584755 6.212987 14.523586
v 8.393247 5.96967 14.739784
v 8.318058 5.80709 14.508375
v 9.459326 5.80709 14.137555
v 9.534515 5.96967 14.368964
v 9.370634 6.5 13.86459
v 9.459326 5.80709 14.137555
v 9.534515 5.96967 14.368964
v 8.318058 5.80709 14.508375
v 8.229366 5.75 14.23541
v 9.370634 5.75 13.86459
v 9.459326 5.80709 14.137555
v 9.370634 6.5 13.86459
v 9.370634 5.75 13.86459
v 9.459326 5.80709 14.137555
v 8.229366 5.75 14.23541
v 8.140674 5.80709 13.962445
v 9.281942 5.80709 13.591625
v 9.370634 5.75 13.86459
v 9.370634 6.5 13.86459
v 9.281942 5.80709 13.591625
v 9.370634 5.75 13.86459
v 8.140674 5.80709 13.962445
v 8.065485 5.96967 13.731036
v 9.206753 5.96967 13.360216
v 9.281942 5.80709 13.591625
v 9.370634 6.5 13.86459
v 9.206753 5.96967 13.360216
v 9.281942 5.80709 13.591625
v 8.065485 5.96967 13.731036
v 8.015245 6.212987 13.576414
v 9.156513 6.212987 13.205594
v 9.206753 5.96967 13.360216
v 9.370634 6.5 13.86459
v 9.156513 6.212987 13.205594
v 9.206753 5.96967 13.360216
v 8.015245 6.212987 13.576414
v 7.997603 6.5 13.522118
v 9.138871 6.5 13.151297
v 9.156513 6.212987 13.205594
v 9.370634 6.5 13.86459
v 9.138871 6.5 13.151297
v 9.156513 6.212987 13.205594
v 7.997603 6.5 13.522118
v 8.015245 6.787013 13.576414
v 9.156513 6.787013 13.205594
v 9.138871 6.5 13.151297
v 9.370634 6.5 13.86459
v 9.156513 6.787013 13.205594
v 9.138871 6.5 13.151297
v 8.015245 6.787013 13.576414
v 8.065485 7.03033 13.731036
v 9.206753 7.03033 13.360216
v 9.156513 6.787013 13.205594
v 9.370634 6.5 13.86459
v 9.206753 7.03033 13.360216
v 9.156513 6.787013 13.205594
v 8.065485 7.03033 13.731036
v 8.140674 7.19291 13.962445
v 9.281942 7.19291 13.591625
v 9.206753 7.03033 13.360216
v 9.370634 6.5 13.86459
v 9.281942 7.19291 13.591625
v 9.206753 7.03033 13.360216
v 8.140674 7.19291 13.962445
v 8.229366 7.25 14.23541
v 9.370634 7.25 13.86459
v 9.281942 7.19291 13.591625
v 9.370634 6.5 13.86459
v 9.370634 7.25 13.86459
v 9.281942 7.19291 13.591625
v 9.219577 7.05 14.173607
v 9.304557 6.976314 14.435147
v 10.065402 6.976314 14.187934
v 9.980423 7.05 13.926393
v 9.980423 6.5 13.926393
v 10.065402 6.976314 14.187934
v 9.980423 7.05 13.926393
v 9.304557 6.976314 14.435147
v 9.366767 6.775 14.626608
v 10.127612 6.775 14.379395
v 10.065402 6.976314 14.187934
v 9.980423 6.5 13.926393
v 10.127612 6.775 14.379395
v 10.065402 6.976314 14.187934
v 9.366767 6.775 14.626608
v 9.389537 6.5 14.696688
v 10.150382 6.5 14.449474
v 10.127612 6.775 14.379395
v 9.980423 6.5 13.926393
v 10.150382 6.5 14.449474
v 10.127612 6.775 14.379395
v 9.389537 6.5 14.696688
v 9.366767 6.225 14.626608
v 10.127612 6.225 14.379395
v 10.150382 6.5 14.449474
v 9.980423 6.5 13.926393
v 10.127612 6.225 14.379395
v 10.150382 6.5 14.449474
v 9.366767 6.225 14.626608
v 9.304557 6.023686 14.435147
v 10.065402 6.023686 14.187934
v 10.127612 6.225 14.379395
v 9.980423 6.5 13.926393
v 10.065402 6.023686 14.187934
v 10.127612 6.225 14.379395
v 9.304557 6.023686 14.435147
v 9.219577 5.95 14.173607
v 9.980423 5.95 13.926393
v 10.065402 6.023686 14.187934
v 9.980423 6.5 13.926393
v 9.980423 5.95 13.926393
v 10.065402 6.023686 14.187934
v 9.219577 5.95 14.173607
v 9.134598 6.023686 13.912066
v 9.895443 6.023686 13.664853
v 9.980423 5.95 13.926393
v 9.980423 6.5 13.926393
v 9.895443 6.023686 13.664853
v 9.980423 5.95 13.926393
v 9.134598 6.023686 13.912066
v 9.072388 6.225 13.720605
v 9.833233 6.225 13.473392
v 9.895443 6.023686 13.664853
v 9.980423 6.5 13.926393
v 9.833233 6.225 13.473392
v 9.895443 6.023686 13.664853
v 9.072388 6.225 13.720605
v 9.049618 6.5 13.650526
v 9.810463 6.5 13.403312
v 9.833233 6.225 13.473392
v 9.980423 6.5 13.926393
v 9.810463 6.5 13.403312
v 9.833233 6.225 13.473392
v 9.049618 6.5 13.650526
v 9.072388 6.775 13.720605
v 9.833233 6.775 13.473392
v 9.810463 6.5 13.403312
v 9.980423 6.5 13.926393
v 9.833233 6.775 13.473392
v 9.810463 6.5 13.403312
v 9.072388 6.775 13.720605
v 9.134598 6.976314 13.912066
v 9.895443 6.976314 13.664853
v 9.833233 6.775 13.473392
v 9.980423 6.5 13.926393
v 9.895443 6.976314 13.664853
v 9.833233 6.775 13.473392
v 9.134598 6.976314 13.912066
v 9.219577 7.05 14.173607
v 9.980423 7.05 13.926393
v 9.895443 6.976314 13.664853
v 9.980423 6.5 13.926393
v 9.980423 7.05 13.926393
v 9.895443 6.976314 13.664853
v 8.229366 9.25 14.23541
v 8.318058 9.19291 14.508375
v 9.459326 9.19291 14.137555
v 9.370634 9.25 13.86459
v 9.370634 8.5 13.86459
v 9.459326 9.19291 14.137555
v 9.370634 9.25 13.86459
v 8.318058 9.19291 14.508375
v 8.393247 9.03033 14.739784
v 9.534515 9.03033 14.368964
v 9.459326 9.19291 14.137555
v 9.370634 8.5 13.86459
v 9.534515 9.03033 14.368964
v 9.459326 9.19291 14.137555
v 8.393247 9.03033 14.739784
v 8.443487 8.787013 14.894406
v 9.584755 8.787013 14.523586
v 9.534515 9.03033 14.368964
v 9.370634 8.5 13.86459
v 9.584755 8.787013 14.523586
v 9.534515 9.03033 14.368964
v 8.443487 8.787013 14.894406
v 8.461129 8.5 14.948703
v 9.602397 8.5 14.577882
v 9.584755 8.787013 14.523586
v 9.370634 8.5 13.86459
v 9.602397 8.5 14.577882
v 9.584755 8.787013 14.523586
v 8.461129 8.5 14.948703
v 8.443487 8.212987 14.894406
v 9.584755 8.212987 14.523586
v 9.602397 8.5 14.577882
v 9.370634 8.5 13.86459
v 9.584755 8.212987 14.523586
v 9.602397 8.5 14.577882
v 8.443487 8.212987 14.894406
v 8.393247 7.96967 14.739784
v 9.534515 7.96967 14.368964
v 9.584755 8.212987 14.523586
v 9.370634 8.5 13.86459
v 9.534515 7.96967 14.368964
v 9.584755 8.212987 14.523586
v 8.393247 7.96967 14.739784
v 8.318058 7.80709 14.508375
v 9.459326 7.80709 14.137555
v 9.534515 7.96967 14.368964
v 9.370634 8.5 13.86459
v 9.459326 7.80709 14.137555
v 9.534515 7.96967 14.368964
v 8.318058 7.80709 14.508375
v 8.229366 7.75 14.23541
v 9.370634 7.75 13.86459
v 9.459326 7.80709 14.137555
v 9.370634 8.5 13.86459
v 9.370634 7.75 13.86459
v 9.459326 7.80709 14.137555
v 8.229366 7.75 14.23541
v 8.140674 7.80709 13.962445
v 9.281942 7.80709 13.591625
v 9.370634 7.75 13.86459
v 9.370634 8.5 13.86459
v 9.281942 7.80709 13.591625
v 9.370634 7.75 13.86459
v 8.140674 7.80709 13.962445
v 8.065485 7.96967 13.731036
v 9.206753 7.96967 13.360216
v 9.281942 7.80709 13.591625
v 9.370634 8.5 13.86459
v 9.206753 7.96967 13.360216
v 9.281942 7.80709 13.591625
v 8.065485 7.96967 13.731036
v 8.015245 8.212987 13.576414
v 9.156513 8.212987 13.205594
v 9.206753 7.96967 13.360216
v 9.370634 8.5 13.86459
v 9.156513 8.212987 13.205594
v 9.206753 7.96967 13.360216
v 8.015245 8.212987 13.576414
v 7.997603 8.5 13.522118
v 9.138871 8.5 13.151297
v 9.156513 8.212987 13.205594
v 9.370634 8.5 13.86459
v 9.138871 8.5 13.151297
v 9.156513 8.212987 13.205594
v 7.997603 8.5 13.522118
v 8.015245 8.787013 13.576414
v 9.156513 8.787013 13.205594
v 9.138871 8.5 13.151297
v 9.370634 8.5 13.86459
v 9.156513 8.787013 13.205594
v 9.138871 8.5 13.151297
v 8.015245 8.787013 13.576414
v 8.065485 9.03033 13.731036
v 9.206753 9.03033 13.360216
v 9.156513 8.787013 13.205594
v 9.370634 8.5 13.86459
v 9.206753 9.03033 13.360216
v 9.156513 8.787013 13.205594
v 8.065485 9.03033 13.731036
v 8.140674 9.19291 13.962445
v 9.281942 9.19291 13.591625
v 9.206753 9.03033 13.360216
v 9.370634 8.5 13.86459
v 9.281942 9.19291 13.591625
v 9.206753 9.03033 13.360216
v 8.140674 9.19291 13.962445
v 8.229366 9.25 14.23541
v 9.370634 9.25 13.86459
v 9.281942 9.19291 13.591625
v 9.370634 8.5 13.86459
v 9.370634 9.25 13.86459
v 9.281942 9.19291 13.591625
v 9.219577 9.05 14.173607
v 9.304557 8.976314 14.435147
v 10.065402 8.976314 14.187934
v 9.980423 9.05 13.926393
v 9.980423 8.5 13.926393
v 10.065402 8.976314 14.187934
v 9.980423 9.05 13.926393
v 9.304557 8.976314 14.435147
v 9.366767 8.775 14.626608
v 10.127612 8.775 14.379395
v 10.065402 8.976314 14.187934
v 9.980423 8.5 13.926393
v 10.127612 8.775 14.379395
v 10.065402 8.976314 14.187934
v 9.366767 8.775 14.626608
v 9.389537 8.5 14.696688
v 10.150382 8.5 14.449474
v 10.127612 8.775 14.379395
v 9.980423 8.5 13.926393
v 10.150382 8.5 14.449474
v 10.127612 8.775 14.379395
v 9.389537 8.5 14.696688
v 9.366767 8.225 14.626608
v 10.127612 8.225 14.379395
v 10.150382 8.5 14.449474
v 9.980423 8.5 13.926393
v 10.127612 8.225 14.379395
v 10.150382 8.5 14.449474
v 9.366767 8.225 14.626608
v 9.304557 8.023686 14.435147
v 10.065402 8.023686 14.187934
v 10.127612 8.225 14.379395
v 9.980423 8.5 13.926393
v 10.065402 8.023686 14.187934
v 10.127612 8.225 14.379395
v 9.304557 8.023686 14.435147
v 9.219577 7.95 14.173607
v 9.980423 7.95 13.926393
v 10.065402 8.023686 14.187934
v 9.980423 8.5 13.926393
v 9.980423 7.95 13.926393
v 10.065402 8.023686 14.187934
v 9.219577 7.95 14.173607
v 9.134598 8.023686 13.912066
v 9.895443 8.023686 13.664853
v 9.980423 7.95 13.926393
v 9.980423 8.5 13.926393
v 9.895443 8.023686 13.664853
v 9.980423 7.95 13.926393
v 9.134598 8.023686 13.912066
v 9.072388 8.225 13.720605
v 9.833233 8.225 13.473392
v 9.895443 8.023686 13.664853
v 9.980423 8.5 13.926393
v 9.833233 8.225 13.473392
v 9.895443 8.023686 13.664853
v 9.072388 8.225 13.720605
v 9.049618 8.5 13.650526
v 9.810463 8.5 13.403312
v 9.833233 8.225 13.473392
v 9.980423 8.5 13.926393
v 9.810463 8.5 13.403312
v 9.833233 8.225 13.473392
v 9.049618 8.5 13.650526
v 9.072388 8.775 13.720605
v 9.833233 8.775 13.473392
v 9.810463 8.5 13.403312
v 9.980423 8.5 13.926393
v 9.833233 8.775 13.473392
v 9.810463 8.5 13.403312
v 9.072388 8.775 13.720605
v 9.134598 8.976314 13.912066
v 9.895443 8.976314 13.664853
v 9.833233 8.775 13.473392
v 9.980423 8.5 13.926393
v 9.895443 8.976314 13.664853
v 9.833233 8.775 13.473392
v 9.134598 8.976314 13.912066
v 9.219577 9.05 14.173607
v 9.980423 9.05 13.926393
v 9.895443 8.976314 13.664853
v 9.980423 8.5 13.926393
v 9.980423 9.05 13.926393
v 9.895443 8.976314 13.664853
v -4 5.6 13.3
v -4 9.4 13.3
v -4 9.4 16.7
v -4 5.6 16.7
v -4.8 9.4 13.3
v -4.8 5.6 13.3
v -4.8 5.6 16.7
v -4.8 9.4 16.7
v -4 9.4 13.3
v -4.8 9.4 13.3
v -4.8 9.4 16.7
v -4 9.4 16.7
v -4.8 5.6 13.3
v -4 5.6 13.3
v -4 5.6 16.7
v -4.8 5.6 16.7
v -4.8 5.6 16.7
v -4 5.6 16.7
v -4 9.4 16.7
v -4.8 9.4 16.7
v -4 5.6 13.3
v -4.8 5.6 13.3
v -4.8 9.4 13.3
v -4 9.4 13.3
vt 0.78 0.22
vt 0.97 0.22
vt 0.97 0.03
vt 0.78 0.03
vt 0.78 0.22
vt 0.97 0.22
vt 0.97 0.03
vt 0.78 0.03
vt 0.78 0.22
vt 0.97 0.22
vt 0.97 0.03
vt 0.78 0.03
vt 0.78 0.22
vt 0.97 0.22
vt 0.97 0.03
vt 0.78 0.03
vt 0.78 0.22
vt 0.97 0.22
vt 0.97 0.03
vt 0.78 0.03
vt 0.78 0.22
vt 0.97 0.22
vt 0.97 0.03
vt 0.78 0.03
vt 0.53 0.22
vt 0.72 0.22
vt 0.72 0.03
vt 0.53 0.03
vt 0.53 0.22
vt 0.72 0.22
vt 0.72 0.03
vt 0.53 0.03
vt 0.53 0.22
vt 0.72 0.22
vt 0.72 0.03
vt 0.53 0.03
vt 0.53 0.22
vt 0.72 0.22
vt 0.72 0.03
vt 0.53 0.03
vt 0.53 0.22
vt 0.72 0.22
vt 0.72 0.03
vt 0.53 0.03
vt 0.53 0.22
vt 0.72 0.22
vt 0.72 0.03
vt 0.53 0.03
vt 0.53 0.47
vt 0.541875 0.47
vt 0.541875 0.28
vt 0.53 0.28
vt 0.625 0.375
vt 0.703992 0.342281
vt 0.7105 0.375
vt 0.541875 0.47
vt 0.55375 0.47
vt 0.55375 0.28
vt 0.541875 0.28
vt 0.625 0.375
vt 0.685458 0.314542
vt 0.703992 0.342281
vt 0.55375 0.47
vt 0.565625 0.47
vt 0.565625 0.28
vt 0.55375 0.28
vt 0.625 0.375
vt 0.657719 0.296008
vt 0.685458 0.314542
vt 0.565625 0.47
vt 0.5775 0.47
vt 0.5775 0.28
vt 0.565625 0.28
vt 0.625 0.375
vt 0.625 0.2895
vt 0.657719 0.296008
vt 0.5775 0.47
vt 0.589375 0.47
vt 0.589375 0.28
vt 0.5775 0.28
vt 0.625 0.375
vt 0.592281 0.296008
vt 0.625 0.2895
vt 0.589375 0.47
vt 0.60125 0.47
vt 0.60125 0.28
vt 0.589375 0.28
vt 0.625 0.375
vt 0.564542 0.314542
vt 0.592281 0.296008
vt 0.60125 0.47
vt 0.613125 0.47
vt 0.613125 0.28
vt 0.60125 0.28
vt 0.625 0.375
vt 0.546008 0.342281
vt 0.564542 0.314542
vt 0.613125 0.47
vt 0.625 0.47
vt 0.625 0.28
vt 0.613125 0.28
vt 0.625 0.375
vt 0.5395 0.375
vt 0.546008 0.342281
vt 0.625 0.47
vt 0.636875 0.47
vt 0.636875 0.28
vt 0.625 0.28
vt 0.625 0.375
vt 0.546008 0.407719
vt 0.5395 0.375
vt 0.636875 0.47
vt 0.64875 0.47
vt 0.64875 0.28
vt 0.636875 0.28
vt 0.625 0.375
vt 0.564542 0.435458
vt 0.546008 0.407719
vt 0.64875 0.47
vt 0.660625 0.47
vt 0.660625 0.28
vt 0.64875 0.28
vt 0.625 0.375
vt 0.592281 0.453992
vt 0.564542 0.435458
vt 0.660625 0.47
vt 0.6725 0.47
vt 0.6725 0.28
vt 0.660625 0.28
vt 0.625 0.375
vt 0.625 0.4605
vt 0.592281 0.453992
vt 0.6725 0.47
vt 0.684375 0.47
vt 0.684375 0.28
vt 0.6725 0.28
vt 0.625 0.375
vt 0.657719 0.453992
vt 0.625 0.4605
vt 0.684375 0.47
vt 0.69625 0.47
vt 0.69625 0.28
vt 0.684375 0.28
vt 0.625 0.375
vt 0.685458 0.435458
vt 0.657719 0.453992
vt 0.69625 0.47
vt 0.708125 0.47
vt 0.708125 0.28
vt 0.69625 0.28
vt 0.625 0.375
vt 0.703992 0.407719
vt 0.685458 0.435458
vt 0.708125 0.47
vt 0.72 0.47
vt 0.72 0.28
vt 0.708125 0.28
vt 0.625 0.375
vt 0.7105 0.375
vt 0.703992 0.407719
vt 0.78 0.22
vt 0.795833 0.22
vt 0.795833 0.03
vt 0.78 0.03
vt 0.625 0.375
vt 0.699045 0.33225
vt 0.7105 0.375
vt 0.795833 0.22
vt 0.811667 0.22
vt 0.811667 0.03
vt 0.795833 0.03
vt 0.625 0.375
vt 0.66775 0.300955
vt 0.699045 0.33225
vt 0.811667 0.22
vt 0.8275 0.22
vt 0.8275 0.03
vt 0.811667 0.03
vt 0.625 0.375
vt 0.625 0.2895
vt 0.66775 0.300955
vt 0.8275 0.22
vt 0.843333 0.22
vt 0.843333 0.03
vt 0.8275 0.03
vt 0.625 0.375
vt 0.58225 0.300955
vt 0.625 0.2895
vt 0.843333 0.22
vt 0.859167 0.22
vt 0.859167 0.03
vt 0.843333 0.03
vt 0.625 0.375
vt 0.550955 0.33225
vt 0.58225 0.300955
vt 0.859167 0.22
vt 0.875 0.22
vt 0.875 0.03
vt 0.859167 0.03
vt 0.625 0.375
vt 0.5395 0.375
vt 0.550955 0.33225
vt 0.875 0.22
vt 0.890833 0.22
vt 0.890833 0.03
vt 0.875 0.03
vt 0.625 0.375
vt 0.550955 0.41775
vt 0.5395 0.375
vt 0.890833 0.22
vt 0.906667 0.22
vt 0.906667 0.03
vt 0.890833 0.03
vt 0.625 0.375
vt 0.58225 0.449045
vt 0.550955 0.41775
vt 0.906667 0.22
vt 0.9225 0.22
vt 0.9225 0.03
vt 0.906667 0.03
vt 0.625 0.375
vt 0.625 0.4605
vt 0.58225 0.449045
vt 0.9225 0.22
vt 0.938333 0.22
vt 0.938333 0.03
vt 0.9225 0.03
vt 0.625 0.375
vt 0.66775 0.449045
vt 0.625 0.4605
vt 0.938333 0.22
vt 0.954167 0.22
vt 0.954167 0.03
vt 0.938333 0.03
vt 0.625 0.375
vt 0.699045 0.41775
vt 0.66775 0.449045
vt 0.954167 0.22
vt 0.97 0.22
vt 0.97 0.03
vt 0.954167 0.03
vt 0.625 0.375
vt 0.7105 0.375
vt 0.699045 0.41775
vt 0.53 0.47
vt 0.541875 0.47
vt 0.541875 0.28
vt 0.53 0.28
vt 0.625 0.375
vt 0.703992 0.342281
vt 0.7105 0.375
vt 0.541875 0.47
vt 0.55375 0.47
vt 0.55375 0.28
vt 0.541875 0.28
vt 0.625 0.375
vt 0.685458 0.314542
vt 0.703992 0.342281
vt 0.55375 0.47
vt 0.565625 0.47
vt 0.565625 0.28
vt 0.55375 0.28
vt 0.625 0.375
vt 0.657719 0.296008
vt 0.685458 0.314542
vt 0.565625 0.47
vt 0.5775 0.47
vt 0.5775 0.28
vt 0.565625 0.28
vt 0.625 0.375
vt 0.625 0.2895
vt 0.657719 0.296008
vt 0.5775 0.47
vt 0.589375 0.47
vt 0.589375 0.28
vt 0.5775 0.28
vt 0.625 0.375
vt 0.592281 0.296008
vt 0.625 0.2895
vt 0.589375 0.47
vt 0.60125 0.47
vt 0.60125 0.28
vt 0.589375 0.28
vt 0.625 0.375
vt 0.564542 0.314542
vt 0.592281 0.296008
vt 0.60125 0.47
vt 0.613125 0.47
vt 0.613125 0.28
vt 0.60125 0.28
vt 0.625 0.375
vt 0.546008 0.342281
vt 0.564542 0.314542
vt 0.613125 0.47
vt 0.625 0.47
vt 0.625 0.28
vt 0.613125 0.28
vt 0.625 0.375
vt 0.5395 0.375
vt 0.546008 0.342281
vt 0.625 0.47
vt 0.636875 0.47
vt 0.636875 0.28
vt 0.625 0.28
vt 0.625 0.375
vt 0.546008 0.407719
vt 0.5395 0.375
vt 0.636875 0.47
vt 0.64875 0.47
vt 0.64875 0.28
vt 0.636875 0.28
vt 0.625 0.375
vt 0.564542 0.435458
vt 0.546008 0.407719
vt 0.64875 0.47
vt 0.660625 0.47
vt 0.660625 0.28
vt 0.64875 0.28
vt 0.625 0.375
vt 0.592281 0.453992
vt 0.564542 0.435458
vt 0.660625 0.47
vt 0.6725 0.47
vt 0.6725 0.28
vt 0.660625 0.28
vt 0.625 0.375
vt 0.625 0.4605
vt 0.592281 0.453992
vt 0.6725 0.47
vt 0.684375 0.47
vt 0.684375 0.28
vt 0.6725 0.28
vt 0.625 0.375
vt 0.657719 0.453992
vt 0.625 0.4605
vt 0.684375 0.47
vt 0.69625 0.47
vt 0.69625 0.28
vt 0.684375 0.28
vt 0.625 0.375
vt 0.685458 0.435458
vt 0.657719 0.453992
vt 0.69625 0.47
vt 0.708125 0.47
vt 0.708125 0.28
vt 0.69625 0.28
vt 0.625 0.375
vt 0.703992 0.407719
vt 0.685458 0.435458
vt 0.708125 0.47
vt 0.72 0.47
vt 0.72 0.28
vt 0.708125 0.28
vt 0.625 0.375
vt 0.7105 0.375
vt 0.703992 0.407719
vt 0.78 0.22
vt 0.795833 0.22
vt 0.795833 0.03
vt 0.78 0.03
vt 0.625 0.375
vt 0.699045 0.33225
vt 0.7105 0.375
vt 0.795833 0.22
vt 0.811667 0.22
vt 0.811667 0.03
vt 0.795833 0.03
vt 0.625 0.375
vt 0.66775 0.300955
vt 0.699045 0.33225
vt 0.811667 0.22
vt 0.8275 0.22
vt 0.8275 0.03
vt 0.811667 0.03
vt 0.625 0.375
vt 0.625 0.2895
vt 0.66775 0.300955
vt 0.8275 0.22
vt 0.843333 0.22
vt 0.843333 0.03
vt 0.8275 0.03
vt 0.625 0.375
vt 0.58225 0.300955
vt 0.625 0.2895
vt 0.843333 0.22
vt 0.859167 0.22
vt 0.859167 0.03
vt 0.843333 0.03
vt 0.625 0.375
vt 0.550955 0.33225
vt 0.58225 0.300955
vt 0.859167 0.22
vt 0.875 0.22
vt 0.875 0.03
vt 0.859167 0.03
vt 0.625 0.375
vt 0.5395 0.375
vt 0.550955 0.33225
vt 0.875 0.22
vt 0.890833 0.22
vt 0.890833 0.03
vt 0.875 0.03
vt 0.625 0.375
vt 0.550955 0.41775
vt 0.5395 0.375
vt 0.890833 0.22
vt 0.906667 0.22
vt 0.906667 0.03
vt 0.890833 0.03
vt 0.625 0.375
vt 0.58225 0.449045
vt 0.550955 0.41775
vt 0.906667 0.22
vt 0.9225 0.22
vt 0.9225 0.03
vt 0.906667 0.03
vt 0.625 0.375
vt 0.625 0.4605
vt 0.58225 0.449045
vt 0.9225 0.22
vt 0.938333 0.22
vt 0.938333 0.03
vt 0.9225 0.03
vt 0.625 0.375
vt 0.66775 0.449045
vt 0.625 0.4605
vt 0.938333 0.22
vt 0.954167 0.22
vt 0.954167 0.03
vt 0.938333 0.03
vt 0.625 0.375
vt 0.699045 0.41775
vt 0.66775 0.449045
vt 0.954167 0.22
vt 0.97 0.22
vt 0.97 0.03
vt 0.954167 0.03
vt 0.625 0.375
vt 0.7105 0.375
vt 0.699045 0.41775
vt 0.53 0.47
vt 0.541875 0.47
vt 0.541875 0.28
vt 0.53 0.28
vt 0.625 0.375
vt 0.703992 0.342281
vt 0.7105 0.375
vt 0.541875 0.47
vt 0.55375 0.47
vt 0.55375 0.28
vt 0.541875 0.28
vt 0.625 0.375
vt 0.685458 0.314542
vt 0.703992 0.342281
vt 0.55375 0.47
vt 0.565625 0.47
vt 0.565625 0.28
vt 0.55375 0.28
vt 0.625 0.375
vt 0.657719 0.296008
vt 0.685458 0.314542
vt 0.565625 0.47
vt 0.5775 0.47
vt 0.5775 0.28
vt 0.565625 0.28
vt 0.625 0.375
vt 0.625 0.2895
vt 0.657719 0.296008
vt 0.5775 0.47
vt 0.589375 0.47
vt 0.589375 0.28
vt 0.5775 0.28
vt 0.625 0.375
vt 0.592281 0.296008
vt 0.625 0.2895
vt 0.589375 0.47
vt 0.60125 0.47
vt 0.60125 0.28
vt 0.589375 0.28
vt 0.625 0.375
vt 0.564542 0.314542
vt 0.592281 0.296008
vt 0.60125 0.47
vt 0.613125 0.47
vt 0.613125 0.28
vt 0.60125 0.28
vt 0.625 0.375
vt 0.546008 0.342281
vt 0.564542 0.314542
vt 0.613125 0.47
vt 0.625 0.47
vt 0.625 0.28
vt 0.613125 0.28
vt 0.625 0.375
vt 0.5395 0.375
vt 0.546008 0.342281
vt 0.625 0.47
vt 0.636875 0.47
vt 0.636875 0.28
vt 0.625 0.28
vt 0.625 0.375
vt 0.546008 0.407719
vt 0.5395 0.375
vt 0.636875 0.47
vt 0.64875 0.47
vt 0.64875 0.28
vt 0.636875 0.28
vt 0.625 0.375
vt 0.564542 0.435458
vt 0.546008 0.407719
vt 0.64875 0.47
vt 0.660625 0.47
vt 0.660625 0.28
vt 0.64875 0.28
vt 0.625 0.375
vt 0.592281 0.453992
vt 0.564542 0.435458
vt 0.660625 0.47
vt 0.6725 0.47
vt 0.6725 0.28
vt 0.660625 0.28
vt 0.625 0.375
vt 0.625 0.4605
vt 0.592281 0.453992
vt 0.6725 0.47
vt 0.684375 0.47
vt 0.684375 0.28
vt 0.6725 0.28
vt 0.625 0.375
vt 0.657719 0.453992
vt 0.625 0.4605
vt 0.684375 0.47
vt 0.69625 0.47
vt 0.69625 0.28
vt 0.684375 0.28
vt 0.625 0.375
vt 0.685458 0.435458
vt 0.657719 0.453992
vt 0.69625 0.47
vt 0.708125 0.47
vt 0.708125 0.28
vt 0.69625 0.28
vt 0.625 0.375
vt 0.703992 0.407719
vt 0.685458 0.435458
vt 0.708125 0.47
vt 0.72 0.47
vt 0.72 0.28
vt 0.708125 0.28
vt 0.625 0.375
vt 0.7105 0.375
vt 0.703992 0.407719
vt 0.78 0.22
vt 0.795833 0.22
vt 0.795833 0.03
vt 0.78 0.03
vt 0.625 0.375
vt 0.699045 0.33225
vt 0.7105 0.375
vt 0.795833 0.22
vt 0.811667 0.22
vt 0.811667 0.03
vt 0.795833 0.03
vt 0.625 0.375
vt 0.66775 0.300955
vt 0.699045 0.33225
vt 0.811667 0.22
vt 0.8275 0.22
vt 0.8275 0.03
vt 0.811667 0.03
vt 0.625 0.375
vt 0.625 0.2895
vt 0.66775 0.300955
vt 0.8275 0.22
vt 0.843333 0.22
vt 0.843333 0.03
vt 0.8275 0.03
vt 0.625 0.375
vt 0.58225 0.300955
vt 0.625 0.2895
vt 0.843333 0.22
vt 0.859167 0.22
vt 0.859167 0.03
vt 0.843333 0.03
vt 0.625 0.375
vt 0.550955 0.33225
vt 0.58225 0.300955
vt 0.859167 0.22
vt 0.875 0.22
vt 0.875 0.03
vt 0.859167 0.03
vt 0.625 0.375
vt 0.5395 0.375
vt 0.550955 0.33225
vt 0.875 0.22
vt 0.890833 0.22
vt 0.890833 0.03
vt 0.875 0.03
vt 0.625 0.375
vt 0.550955 0.41775
vt 0.5395 0.375
vt 0.890833 0.22
vt 0.906667 0.22
vt 0.906667 0.03
vt 0.890833 0.03
vt 0.625 0.375
vt 0.58225 0.449045
vt 0.550955 0.41775
vt 0.906667 0.22
vt 0.9225 0.22
vt 0.9225 0.03
vt 0.906667 0.03
vt 0.625 0.375
vt 0.625 0.4605
vt 0.58225 0.449045
vt 0.9225 0.22
vt 0.938333 0.22
vt 0.938333 0.03
vt 0.9225 0.03
vt 0.625 0.375
vt 0.66775 0.449045
vt 0.625 0.4605
vt 0.938333 0.22
vt 0.954167 0.22
vt 0.954167 0.03
vt 0.938333 0.03
vt 0.625 0.375
vt 0.699045 0.41775
vt 0.66775 0.449045
vt 0.954167 0.22
vt 0.97 0.22
vt 0.97 0.03
vt 0.954167 0.03
vt 0.625 0.375
vt 0.7105 0.375
vt 0.699045 0.41775
vt 0.53 0.47
vt 0.541875 0.47
vt 0.541875 0.28
vt 0.53 0.28
vt 0.625 0.375
vt 0.703992 0.342281
vt 0.7105 0.375
vt 0.541875 0.47
vt 0.55375 0.47
vt 0.55375 0.28
vt 0.541875 0.28
vt 0.625 0.375
vt 0.685458 0.314542
vt 0.703992 0.342281
vt 0.55375 0.47
vt 0.565625 0.47
vt 0.565625 0.28
vt 0.55375 0.28
vt 0.625 0.375
vt 0.657719 0.296008
vt 0.685458 0.314542
vt 0.565625 0.47
vt 0.5775 0.47
vt 0.5775 0.28
vt 0.565625 0.28
vt 0.625 0.375
vt 0.625 0.2895
vt 0.657719 0.296008
vt 0.5775 0.47
vt 0.589375 0.47
vt 0.589375 0.28
vt 0.5775 0.28
vt 0.625 0.375
vt 0.592281 0.296008
vt 0.625 0.2895
vt 0.589375 0.47
vt 0.60125 0.47
vt 0.60125 0.28
vt 0.589375 0.28
vt 0.625 0.375
vt 0.564542 0.314542
vt 0.592281 0.296008
vt 0.60125 0.47
vt 0.613125 0.47
vt 0.613125 0.28
vt 0.60125 0.28
vt 0.625 0.375
vt 0.546008 0.342281
vt 0.564542 0.314542
vt 0.613125 0.47
vt 0.625 0.47
vt 0.625 0.28
vt 0.613125 0.28
vt 0.625 0.375
vt 0.5395 0.375
vt 0.546008 0.342281
vt 0.625 0.47
vt 0.636875 0.47
vt 0.636875 0.28
vt 0.625 0.28
vt 0.625 0.375
vt 0.546008 0.407719
vt 0.5395 0.375
vt 0.636875 0.47
vt 0.64875 0.47
vt 0.64875 0.28
vt 0.636875 0.28
vt 0.625 0.375
vt 0.564542 0.435458
vt 0.546008 0.407719
vt 0.64875 0.47
vt 0.660625 0.47
vt 0.660625 0.28
vt 0.64875 0.28
vt 0.625 0.375
vt 0.592281 0.453992
vt 0.564542 0.435458
vt 0.660625 0.47
vt 0.6725 0.47
vt 0.6725 0.28
vt 0.660625 0.28
vt 0.625 0.375
vt 0.625 0.4605
vt 0.592281 0.453992
vt 0.6725 0.47
vt 0.684375 0.47
vt 0.684375 0.28
vt 0.6725 0.28
vt 0.625 0.375
vt 0.657719 0.453992
vt 0.625 0.4605
vt 0.684375 0.47
vt 0.69625 0.47
vt 0.69625 0.28
vt 0.684375 0.28
vt 0.625 0.375
vt 0.685458 0.435458
vt 0.657719 0.453992
vt 0.69625 0.47
vt 0.708125 0.47
vt 0.708125 0.28
vt 0.69625 0.28
vt 0.625 0.375
vt 0.703992 0.407719
vt 0.685458 0.435458
vt 0.708125 0.47
vt 0.72 0.47
vt 0.72 0.28
vt 0.708125 0.28
vt 0.625 0.375
vt 0.7105 0.375
vt 0.703992 0.407719
vt 0.78 0.22
vt 0.795833 0.22
vt 0.795833 0.03
vt 0.78 0.03
vt 0.625 0.375
vt 0.699045 0.33225
vt 0.7105 0.375
vt 0.795833 0.22
vt 0.811667 0.22
vt 0.811667 0.03
vt 0.795833 0.03
vt 0.625 0.375
vt 0.66775 0.300955
vt 0.699045 0.33225
vt 0.811667 0.22
vt 0.8275 0.22
vt 0.8275 0.03
vt 0.811667 0.03
vt 0.625 0.375
vt 0.625 0.2895
vt 0.66775 0.300955
vt 0.8275 0.22
vt 0.843333 0.22
vt 0.843333 0.03
vt 0.8275 0.03
vt 0.625 0.375
vt 0.58225 0.300955
vt 0.625 0.2895
vt 0.843333 0.22
vt 0.859167 0.22
vt 0.859167 0.03
vt 0.843333 0.03
vt 0.625 0.375
vt 0.550955 0.33225
vt 0.58225 0.300955
vt 0.859167 0.22
vt 0.875 0.22
vt 0.875 0.03
vt 0.859167 0.03
vt 0.625 0.375
vt 0.5395 0.375
vt 0.550955 0.33225
vt 0.875 0.22
vt 0.890833 0.22
vt 0.890833 0.03
vt 0.875 0.03
vt 0.625 0.375
vt 0.550955 0.41775
vt 0.5395 0.375
vt 0.890833 0.22
vt 0.906667 0.22
vt 0.906667 0.03
vt 0.890833 0.03
vt 0.625 0.375
vt 0.58225 0.449045
vt 0.550955 0.41775
vt 0.906667 0.22
vt 0.9225 0.22
vt 0.9225 0.03
vt 0.906667 0.03
vt 0.625 0.375
vt 0.625 0.4605
vt 0.58225 0.449045
vt 0.9225 0.22
vt 0.938333 0.22
vt 0.938333 0.03
vt 0.9225 0.03
vt 0.625 0.375
vt 0.66775 0.449045
vt 0.625 0.4605
vt 0.938333 0.22
vt 0.954167 0.22
vt 0.954167 0.03
vt 0.938333 0.03
vt 0.625 0.375
vt 0.699045 0.41775
vt 0.66775 0.449045
vt 0.954167 0.22
vt 0.97 0.22
vt 0.97 0.03
vt 0.954167 0.03
vt 0.625 0.375
vt 0.7105 0.375
vt 0.699045 0.41775
vt 0.28 0.97
vt 0.47 0.97
vt 0.47 0.78
vt 0.28 0.78
vt 0.28 0.97
vt 0.47 0.97
vt 0.47 0.78
vt 0.28 0.78
vt 0.28 0.97
vt 0.47 0.97
vt 0.47 0.78
vt 0.28 0.78
vt 0.28 0.97
vt 0.47 0.97
vt 0.47 0.78
vt 0.28 0.78
vt 0.28 0.97
vt 0.47 0.97
vt 0.47 0.78
vt 0.28 0.78
vt 0.28 0.97
vt 0.47 0.97
vt 0.47 0.78
vt 0.28 0.78
vn 1 0 0
vn 1 0 0
vn 1 0 0
vn 1 0 0
vn -1 0 0
vn -1 0 0
vn -1 0 0
vn -1 0 0
vn 0 1 0
vn 0 1 0
vn 0 1 0
vn 0 1 0
vn 0 -1 0
vn 0 -1 0
vn 0 -1 0
vn 0 -1 0
vn 0 0 1
vn 0 0 1
vn 0 0 1
vn 0 0 1
vn 0 0 -1
vn 0 0 -1
vn 0 0 -1
vn 0 0 -1
vn 1 0 0
vn 1 0 0
vn 1 0 0
vn 1 0 0
vn -1 0 0
vn -1 0 0
vn -1 0 0
vn -1 0 0
vn 0 1 0
vn 0 1 0
vn 0 1 0
vn 0 1 0
vn 0 -1 0
vn 0 -1 0
vn 0 -1 0
vn 0 -1 0
vn 0 0 1
vn 0 0 1
vn 0 0 1
vn 0 0 1
vn 0 0 -1
vn 0 0 -1
vn 0 0 -1
vn 0 0 -1
vn 0.060286 0.980785 0.185542
vn 0.060286 0.980785 0.185542
vn 0.060286 0.980785 0.185542
vn 0.060286 0.980785 0.185542
vn -0.951057 0 0.309017
vn -0.951057 0 0.309017
vn -0.951057 0 0.309017
vn 0.171681 0.83147 0.528379
vn 0.171681 0.83147 0.528379
vn 0.171681 0.83147 0.528379
vn 0.171681 0.83147 0.528379
vn -0.951057 0 0.309017
vn -0.951057 0 0.309017
vn -0.951057 0 0.309017
vn 0.256938 0.55557 0.790775
vn 0.256938 0.55557 0.790775
vn 0.256938 0.55557 0.790775
vn 0.256938 0.55557 0.790775
vn -0.951057 0 0.309017
vn -0.951057 0 0.309017
vn -0.951057 0 0.309017
vn 0.303079 0.19509 0.932782
vn 0.303079 0.19509 0.932782
vn 0.303079 0.19509 0.932782
vn 0.303079 0.19509 0.932782
vn -0.951057 0 0.309017
vn -0.951057 0 0.309017
vn -0.951057 0 0.309017
vn 0.303079 -0.19509 0.932782
vn 0.303079 -0.19509 0.932782
vn 0.303079 -0.19509 0.932782
vn 0.303079 -0.19509 0.932782
vn -0.951057 0 0.309017
vn -0.951057 0 0.309017
vn -0.951057 0 0.309017
vn 0.256938 -0.55557 0.790775
vn 0.256938 -0.55557 0.790775
vn 0.256938 -0.55557 0.790775
vn 0.256938 -0.55557 0.790775
vn -0.951057 0 0.309017
vn -0.951057 0 0.309017
vn -0.951057 0 0.309017
vn 0.171681 -0.83147 0.528379
vn 0.171681 -0.83147 0.528379
vn 0.171681 -0.83147 0.528379
vn 0.171681 -0.83147 0.528379
vn -0.951057 0 0.309017
vn -0.951057 0 0.309017
vn -0.951057 0 0.309017
vn 0.060286 -0.980785 0.185542
vn 0.060286 -0.980785 0.185542
vn 0.060286 -0.980785 0.185542
vn 0.060286 -0.980785 0.185542
vn -0.951057 0 0.309017
vn -0.951057 0 0.309017
vn -0.951057 0 0.309017
vn -0.060286 -0.980785 -0.185542
vn -0.060286 -0.980785 -0.185542
vn -0.060286 -0.980785 -0.185542
vn -0.060286 -0.980785 -0.185542
vn -0.951057 0 0.309017
vn -0.951057 0 0.309017
vn -0.951057 0 0.309017
vn -0.171681 -0.83147 -0.528379
vn -0.171681 -0.83147 -0.528379
vn -0.171681 -0.83147 -0.528379
vn -0.171681 -0.83147 -0.528379
vn -0.951057 0 0.309017
vn -0.951057 0 0.309017
vn -0.951057 0 0.309017
vn -0.256938 -0.55557 -0.790775
vn -0.256938 -0.55557 -0.790775
vn -0.256938 -0.55557 -0.790775
vn -0.256938 -0.55557 -0.790775
vn -0.951057 0 0.309017
vn -0.951057 0 0.309017
vn -0.951057 0 0.309017
vn -0.303079 -0.19509 -0.932782
vn -0.303079 -0.19509 -0.932782
vn -0.303079 -0.19509 -0.932782
vn -0.303079 -0.19509 -0.932782
vn -0.951057 0 0.309017
vn -0.951057 0 0.309017
vn -0.951057 0 0.309017
vn -0.303079 0.19509 -0.932782
vn -0.303079 0.19509 -0.932782
vn -0.303079 0.19509 -0.932782
vn -0.303079 0.19509 -0.932782
vn -0.951057 0 0.309017
vn -0.951057 0 0.309017
vn -0.951057 0 0.309017
vn -0.256938 0.55557 -0.790775
vn -0.256938 0.55557 -0.790775
vn -0.256938 0.55557 -0.790775
vn -0.256938 0.55557 -0.790775
vn -0.951057 0 0.309017
vn -0.951057 0 0.309017
vn -0.951057 0 0.309017
vn -0.171681 0.83147 -0.528379
vn -0.171681 0.83147 -0.528379
vn -0.171681 0.83147 -0.528379
vn -0.171681 0.83147 -0.528379
vn -0.951057 0 0.309017
vn -0.951057 0 0.309017
vn -0.951057 0 0.309017
vn -0.060286 0.980785 -0.185542
vn -0.060286 0.980785 -0.185542
vn -0.060286 0.980785 -0.185542
vn -0.060286 0.980785 -0.185542
vn -0.951057 0 0.309017
vn -0.951057 0 0.309017
vn -0.951057 0 0.309017
vn 0.079979 0.965926 0.246152
vn 0.079979 0.965926 0.246152
vn 0.079979 0.965926 0.246152
vn 0.079979 0.965926 0.246152
vn -0.951057 0 0.309017
vn -0.951057 0 0.309017
vn -0.951057 0 0.309017
vn 0.218508 0.707107 0.672499
vn 0.218508 0.707107 0.672499
vn 0.218508 0.707107 0.672499
vn 0.218508 0.707107 0.672499
vn -0.951057 0 0.309017
vn -0.951057 0 0.309017
vn -0.951057 0 0.309017
vn 0.298487 0.258819 0.91865
vn 0.298487 0.258819 0.91865
vn 0.298487 0.258819 0.91865
vn 0.298487 0.258819 0.91865
vn -0.951057 0 0.309017
vn -0.951057 0 0.309017
vn -0.951057 0 0.309017
vn 0.298487 -0.258819 0.91865
vn 0.298487 -0.258819 0.91865
vn 0.298487 -0.258819 0.91865
vn 0.298487 -0.258819 0.91865
vn -0.951057 0 0.309017
vn -0.951057 0 0.309017
vn -0.951057 0 0.309017
vn 0.218508 -0.707107 0.672499
vn 0.218508 -0.707107 0.672499
vn 0.218508 -0.707107 0.672499
vn 0.218508 -0.707107 0.672499
vn -0.951057 0 0.309017
vn -0.951057 0 0.309017
vn -0.951057 0 0.309017
vn 0.079979 -0.965926 0.246152
vn 0.079979 -0.965926 0.246152
vn 0.079979 -0.965926 0.246152
vn 0.079979 -0.965926 0.246152
vn -0.951057 0 0.309017
vn -0.951057 0 0.309017
vn -0.951057 0 0.309017
vn -0.079979 -0.965926 -0.246152
vn -0.079979 -0.965926 -0.246152
vn -0.079979 -0.965926 -0.246152
vn -0.079979 -0.965926 -0.246152
vn -0.951057 0 0.309017
vn -0.951057 0 0.309017
vn -0.951057 0 0.309017
vn -0.218508 -0.707107 -0.672499
vn -0.218508 -0.707107 -0.672499
vn -0.218508 -0.707107 -0.672499
vn -0.218508 -0.707107 -0.672499
vn -0.951057 0 0.309017
vn -0.951057 0 0.309017
vn -0.951057 0 0.309017
vn -0.298487 -0.258819 -0.91865
vn -0.298487 -0.258819 -0.91865
vn -0.298487 -0.258819 -0.91865
vn -0.298487 -0.258819 -0.91865
vn -0.951057 0 0.309017
vn -0.951057 0 0.309017
vn -0.951057 0 0.309017
vn -0.298487 0.258819 -0.91865
vn -0.298487 0.258819 -0.91865
vn -0.298487 0.258819 -0.91865
vn -0.298487 0.258819 -0.91865
vn -0.951057 0 0.309017
vn -0.951057 0 0.309017
vn -0.951057 0 0.309017
vn -0.218508 0.707107 -0.672499
vn -0.218508 0.707107 -0.672499
vn -0.218508 0.707107 -0.672499
vn -0.218508 0.707107 -0.672499
vn -0.951057 0 0.309017
vn -0.951057 0 0.309017
vn -0.951057 0 0.309017
vn -0.079979 0.965926 -0.246152
vn -0.079979 0.965926 -0.246152
vn -0.079979 0.965926 -0.246152
vn -0.079979 0.965926 -0.246152
vn -0.951057 0 0.309017
vn -0.951057 0 0.309017
vn -0.951057 0 0.309017
vn 0.060286 0.980785 0.185542
vn 0.060286 0.980785 0.185542
vn 0.060286 0.980785 0.185542
vn 0.060286 0.980785 0.185542
vn -0.951057 0 0.309017
vn -0.951057 0 0.309017
vn -0.951057 0 0.309017
vn 0.171681 0.83147 0.528379
vn 0.171681 0.83147 0.528379
vn 0.171681 0.83147 0.528379
vn 0.171681 0.83147 0.528379
vn -0.951057 0 0.309017
vn -0.951057 0 0.309017
vn -0.951057 0 0.309017
vn 0.256938 0.55557 0.790775
vn 0.256938 0.55557 0.790775
vn 0.256938 0.55557 0.790775
vn 0.256938 0.55557 0.790775
vn -0.951057 0 0.309017
vn -0.951057 0 0.309017
vn -0.951057 0 0.309017
vn 0.303079 0.19509 0.932782
vn 0.303079 0.19509 0.932782
vn 0.303079 0.19509 0.932782
vn 0.303079 0.19509 0.932782
vn -0.951057 0 0.309017
vn -0.951057 0 0.309017
vn -0.951057 0 0.309017
vn 0.303079 -0.19509 0.932782
vn 0.303079 -0.19509 0.932782
vn 0.303079 -0.19509 0.932782
vn 0.303079 -0.19509 0.932782
vn -0.951057 0 0.309017
vn -0.951057 0 0.309017
vn -0.951057 0 0.309017
vn 0.256938 -0.55557 0.790775
vn 0.256938 -0.55557 0.790775
vn 0.256938 -0.55557 0.790775
vn 0.256938 -0.55557 0.790775
vn -0.951057 0 0.309017
vn -0.951057 0 0.309017
vn -0.951057 0 0.309017
vn 0.171681 -0.83147 0.528379
vn 0.171681 -0.83147 0.528379
vn 0.171681 -0.83147 0.528379
vn 0.171681 -0.83147 0.528379
vn -0.951057 0 0.309017
vn -0.951057 0 0.309017
vn -0.951057 0 0.309017
vn 0.060286 -0.980785 0.185542
vn 0.060286 -0.980785 0.185542
vn 0.060286 -0.980785 0.185542
vn 0.060286 -0.980785 0.185542
vn -0.951057 0 0.309017
vn -0.951057 0 0.309017
vn -0.951057 0 0.309017
vn -0.060286 -0.980785 -0.185542
vn -0.060286 -0.980785 -0.185542
vn -0.060286 -0.980785 -0.185542
vn -0.060286 -0.980785 -0.185542
vn -0.951057 0 0.309017
vn -0.951057 0 0.309017
vn -0.951057 0 0.309017
vn -0.171681 -0.83147 -0.528379
vn -0.171681 -0.83147 -0.528379
vn -0.171681 -0.83147 -0.528379
vn -0.171681 -0.83147 -0.528379
vn -0.951057 0 0.309017
vn -0.951057 0 0.309017
vn -0.951057 0 0.309017
vn -0.256938 -0.55557 -0.790775
vn -0.256938 -0.55557 -0.790775
vn -0.256938 -0.55557 -0.790775
vn -0.256938 -0.55557 -0.790775
vn -0.951057 0 0.309017
vn -0.951057 0 0.309017
vn -0.951057 0 0.309017
vn -0.303079 -0.19509 -0.932782
vn -0.303079 -0.19509 -0.932782
vn -0.303079 -0.19509 -0.932782
vn -0.303079 -0.19509 -0.932782
vn -0.951057 0 0.309017
vn -0.951057 0 0.309017
vn -0.951057 0 0.309017
vn -0.303079 0.19509 -0.932782
vn -0.303079 0.19509 -0.932782
vn -0.303079 0.19509 -0.932782
vn -0.303079 0.19509 -0.932782
vn -0.951057 0 0.309017
vn -0.951057 0 0.309017
vn -0.951057 0 0.309017
vn -0.256938 0.55557 -0.790775
vn -0.256938 0.55557 -0.790775
vn -0.256938 0.55557 -0.790775
vn -0.256938 0.55557 -0.790775
vn -0.951057 0 0.309017
vn -0.951057 0 0.309017
vn -0.951057 0 0.309017
vn -0.171681 0.83147 -0.528379
vn -0.171681 0.83147 -0.528379
vn -0.171681 0.83147 -0.528379
vn -0.171681 0.83147 -0.528379
vn -0.951057 0 0.309017
vn -0.951057 0 0.309017
vn -0.951057 0 0.309017
vn -0.060286 0.980785 -0.185542
vn -0.060286 0.980785 -0.185542
vn -0.060286 0.980785 -0.185542
vn -0.060286 0.980785 -0.185542
vn -0.951057 0 0.309017
vn -0.951057 0 0.309017
vn -0.951057 0 0.309017
vn 0.079979 0.965926 0.246152
vn 0.079979 0.965926 0.246152
vn 0.079979 0.965926 0.246152
vn 0.079979 0.965926 0.246152
vn -0.951057 0 0.309017
vn -0.951057 0 0.309017
vn -0.951057 0 0.309017
vn 0.218508 0.707107 0.672499
vn 0.218508 0.707107 0.672499
vn 0.218508 0.707107 0.672499
vn 0.218508 0.707107 0.672499
vn -0.951057 0 0.309017
vn -0.951057 0 0.309017
vn -0.951057 0 0.309017
vn 0.298487 0.258819 0.91865
vn 0.298487 0.258819 0.91865
vn 0.298487 0.258819 0.91865
vn 0.298487 0.258819 0.91865
vn -0.951057 0 0.309017
vn -0.951057 0 0.309017
vn -0.951057 0 0.309017
vn 0.298487 -0.258819 0.91865
vn 0.298487 -0.258819 0.91865
vn 0.298487 -0.258819 0.91865
vn 0.298487 -0.258819 0.91865
vn -0.951057 0 0.309017
vn -0.951057 0 0.309017
vn -0.951057 0 0.309017
vn 0.218508 -0.707107 0.672499
vn 0.218508 -0.707107 0.672499
vn 0.218508 -0.707107 0.672499
vn 0.218508 -0.707107 0.672499
vn -0.951057 0 0.309017
vn -0.951057 0 0.309017
vn -0.951057 0 0.309017
vn 0.079979 -0.965926 0.246152
vn 0.079979 -0.965926 0.246152
vn 0.079979 -0.965926 0.246152
vn 0.079979 -0.965926 0.246152
vn -0.951057 0 0.309017
vn -0.951057 0 0.309017
vn -0.951057 0 0.309017
vn -0.079979 -0.965926 -0.246152
vn -0.079979 -0.965926 -0.246152
vn -0.079979 -0.965926 -0.246152
vn -0.079979 -0.965926 -0.246152
vn -0.951057 0 0.309017
vn -0.951057 0 0.309017
vn -0.951057 0 0.309017
vn -0.218508 -0.707107 -0.672499
vn -0.218508 -0.707107 -0.672499
vn -0.218508 -0.707107 -0.672499
vn -0.218508 -0.707107 -0.672499
vn -0.951057 0 0.309017
vn -0.951057 0 0.309017
vn -0.951057 0 0.309017
vn -0.298487 -0.258819 -0.91865
vn -0.298487 -0.258819 -0.91865
vn -0.298487 -0.258819 -0.91865
vn -0.298487 -0.258819 -0.91865
vn -0.951057 0 0.309017
vn -0.951057 0 0.309017
vn -0.951057 0 0.309017
vn -0.298487 0.258819 -0.91865
vn -0.298487 0.258819 -0.91865
vn -0.298487 0.258819 -0.91865
vn -0.298487 0.258819 -0.91865
vn -0.951057 0 0.309017
vn -0.951057 0 0.309017
vn -0.951057 0 0.309017
vn -0.218508 0.707107 -0.672499
vn -0.218508 0.707107 -0.672499
vn -0.218508 0.707107 -0.672499
vn -0.218508 0.707107 -0.672499
vn -0.951057 0 0.309017
vn -0.951057 0 0.309017
vn -0.951057 0 0.309017
vn -0.079979 0.965926 -0.246152
vn -0.079979 0.965926 -0.246152
vn -0.079979 0.965926 -0.246152
vn -0.079979 0.965926 -0.246152
vn -0.951057 0 0.309017
vn -0.951057 0 0.309017
vn -0.951057 0 0.309017
vn 0.060286 0.980785 0.185542
vn 0.060286 0.980785 0.185542
vn 0.060286 0.980785 0.185542
vn 0.060286 0.980785 0.185542
vn -0.951057 0 0.309017
vn -0.951057 0 0.309017
vn -0.951057 0 0.309017
vn 0.171681 0.83147 0.528379
vn 0.171681 0.83147 0.528379
vn 0.171681 0.83147 0.528379
vn 0.171681 0.83147 0.528379
vn -0.951057 0 0.309017
vn -0.951057 0 0.309017
vn -0.951057 0 0.309017
vn 0.256938 0.55557 0.790775
vn 0.256938 0.55557 0.790775
vn 0.256938 0.55557 0.790775
vn 0.256938 0.55557 0.790775
vn -0.951057 0 0.309017
vn -0.951057 0 0.309017
vn -0.951057 0 0.309017
vn 0.303079 0.19509 0.932782
vn 0.303079 0.19509 0.932782
vn 0.303079 0.19509 0.932782
vn 0.303079 0.19509 0.932782
vn -0.951057 0 0.309017
vn -0.951057 0 0.309017
vn -0.951057 0 0.309017
vn 0.303079 -0.19509 0.932782
vn 0.303079 -0.19509 0.932782
vn 0.303079 -0.19509 0.932782
vn 0.303079 -0.19509 0.932782
vn -0.951057 0 0.309017
vn -0.951057 0 0.309017
vn -0.951057 0 0.309017
vn 0.256938 -0.55557 0.790775
vn 0.256938 -0.55557 0.790775
vn 0.256938 -0.55557 0.790775
vn 0.256938 -0.55557 0.790775
vn -0.951057 0 0.309017
vn -0.951057 0 0.309017
vn -0.951057 0 0.309017
vn 0.171681 -0.83147 0.528379
vn 0.171681 -0.83147 0.528379
vn 0.171681 -0.83147 0.528379
vn 0.171681 -0.83147 0.528379
vn -0.951057 0 0.309017
vn -0.951057 0 0.309017
vn -0.951057 0 0.309017
vn 0.060286 -0.980785 0.185542
vn 0.060286 -0.980785 0.185542
vn 0.060286 -0.980785 0.185542
vn 0.060286 -0.980785 0.185542
vn -0.951057 0 0.309017
vn -0.951057 0 0.309017
vn -0.951057 0 0.309017
vn -0.060286 -0.980785 -0.185542
vn -0.060286 -0.980785 -0.185542
vn -0.060286 -0.980785 -0.185542
vn -0.060286 -0.980785 -0.185542
vn -0.951057 0 0.309017
vn -0.951057 0 0.309017
vn -0.951057 0 0.309017
vn -0.171681 -0.83147 -0.528379
vn -0.171681 -0.83147 -0.528379
vn -0.171681 -0.83147 -0.528379
vn -0.171681 -0.83147 -0.528379
vn -0.951057 0 0.309017
vn -0.951057 0 0.309017
vn -0.951057 0 0.309017
vn -0.256938 -0.55557 -0.790775
vn -0.256938 -0.55557 -0.790775
vn -0.256938 -0.55557 -0.790775
vn -0.256938 -0.55557 -0.790775
vn -0.951057 0 0.309017
vn -0.951057 0 0.309017
vn -0.951057 0 0.309017
vn -0.303079 -0.19509 -0.932782
vn -0.303079 -0.19509 -0.932782
vn -0.303079 -0.19509 -0.932782
vn -0.303079 -0.19509 -0.932782
vn -0.951057 0 0.309017
vn -0.951057 0 0.309017
vn -0.951057 0 0.309017
vn -0.303079 0.19509 -0.932782
vn -0.303079 0.19509 -0.932782
vn -0.303079 0.19509 -0.932782
vn -0.303079 0.19509 -0.932782
vn -0.951057 0 0.309017
vn -0.951057 0 0.309017
vn -0.951057 0 0.309017
vn -0.256938 0.55557 -0.790775
vn -0.256938 0.55557 -0.790775
vn -0.256938 0.55557 -0.790775
vn -0.256938 0.55557 -0.790775
vn -0.951057 0 0.309017
vn -0.951057 0 0.309017
vn -0.951057 0 0.309017
vn -0.171681 0.83147 -0.528379
vn -0.171681 0.83147 -0.528379
vn -0.171681 0.83147 -0.528379
vn -0.171681 0.83147 -0.528379
vn -0.951057 0 0.309017
vn -0.951057 0 0.309017
vn -0.951057 0 0.309017
vn -0.060286 0.980785 -0.185542
vn -0.060286 0.980785 -0.185542
vn -0.060286 0.980785 -0.185542
vn -0.060286 0.980785 -0.185542
vn -0.951057 0 0.309017
vn -0.951057 0 0.309017
vn -0.951057 0 0.309017
vn 0.079979 0.965926 0.246152
vn 0.079979 0.965926 0.246152
vn 0.079979 0.965926 0.246152
vn 0.079979 0.965926 0.246152
vn -0.951057 0 0.309017
vn -0.951057 0 0.309017
vn -0.951057 0 0.309017
vn 0.218508 0.707107 0.672499
vn 0.218508 0.707107 0.672499
vn 0.218508 0.707107 0.672499
vn 0.218508 0.707107 0.672499
vn -0.951057 0 0.309017
vn -0.951057 0 0.309017
vn -0.951057 0 0.309017
vn 0.298487 0.258819 0.91865
vn 0.298487 0.258819 0.91865
vn 0.298487 0.258819 0.91865
vn 0.298487 0.258819 0.91865
vn -0.951057 0 0.309017
vn -0.951057 0 0.309017
vn -0.951057 0 0.309017
vn 0.298487 -0.258819 0.91865
vn 0.298487 -0.258819 0.91865
vn 0.298487 -0.258819 0.91865
vn 0.298487 -0.258819 0.91865
vn -0.951057 0 0.309017
vn -0.951057 0 0.309017
vn -0.951057 0 0.309017
vn 0.218508 -0.707107 0.672499
vn 0.218508 -0.707107 0.672499
vn 0.218508 -0.707107 0.672499
vn 0.218508 -0.707107 0.672499
vn -0.951057 0 0.309017
vn -0.951057 0 0.309017
vn -0.951057 0 0.309017
vn 0.079979 -0.965926 0.246152
vn 0.079979 -0.965926 0.246152
vn 0.079979 -0.965926 0.246152
vn 0.079979 -0.965926 0.246152
vn -0.951057 0 0.309017
vn -0.951057 0 0.309017
vn -0.951057 0 0.309017
vn -0.079979 -0.965926 -0.246152
vn -0.079979 -0.965926 -0.246152
vn -0.079979 -0.965926 -0.246152
vn -0.079979 -0.965926 -0.246152
vn -0.951057 0 0.309017
vn -0.951057 0 0.309017
vn -0.951057 0 0.309017
vn -0.218508 -0.707107 -0.672499
vn -0.218508 -0.707107 -0.672499
vn -0.218508 -0.707107 -0.672499
vn -0.218508 -0.707107 -0.672499
vn -0.951057 0 0.309017
vn -0.951057 0 0.309017
vn -0.951057 0 0.309017
vn -0.298487 -0.258819 -0.91865
vn -0.298487 -0.258819 -0.91865
vn -0.298487 -0.258819 -0.91865
vn -0.298487 -0.258819 -0.91865
vn -0.951057 0 0.309017
vn -0.951057 0 0.309017
vn -0.951057 0 0.309017
vn -0.298487 0.258819 -0.91865
vn -0.298487 0.258819 -0.91865
vn -0.298487 0.258819 -0.91865
vn -0.298487 0.258819 -0.91865
vn -0.951057 0 0.309017
vn -0.951057 0 0.309017
vn -0.951057 0 0.309017
vn -0.218508 0.707107 -0.672499
vn -0.218508 0.707107 -0.672499
vn -0.218508 0.707107 -0.672499
vn -0.218508 0.707107 -0.672499
vn -0.951057 0 0.309017
vn -0.951057 0 0.309017
vn -0.951057 0 0.309017
vn -0.079979 0.965926 -0.246152
vn -0.079979 0.965926 -0.246152
vn -0.079979 0.965926 -0.246152
vn -0.079979 0.965926 -0.246152
vn -0.951057 0 0.309017
vn -0.951057 0 0.309017
vn -0.951057 0 0.309017
vn 0.060286 0.980785 0.185542
vn 0.060286 0.980785 0.185542
vn 0.060286 0.980785 0.185542
vn 0.060286 0.980785 0.185542
vn -0.951057 0 0.309017
vn -0.951057 0 0.309017
vn -0.951057 0 0.309017
vn 0.171681 0.83147 0.528379
vn 0.171681 0.83147 0.528379
vn 0.171681 0.83147 0.528379
vn 0.171681 0.83147 0.528379
vn -0.951057 0 0.309017
vn -0.951057 0 0.309017
vn -0.951057 0 0.309017
vn 0.256938 0.55557 0.790775
vn 0.256938 0.55557 0.790775
vn 0.256938 0.55557 0.790775
vn 0.256938 0.55557 0.790775
vn -0.951057 0 0.309017
vn -0.951057 0 0.309017
vn -0.951057 0 0.309017
vn 0.303079 0.19509 0.932782
vn 0.303079 0.19509 0.932782
vn 0.303079 0.19509 0.932782
vn 0.303079 0.19509 0.932782
vn -0.951057 0 0.309017
vn -0.951057 0 0.309017
vn -0.951057 0 0.309017
vn 0.303079 -0.19509 0.932782
vn 0.303079 -0.19509 0.932782
vn 0.303079 -0.19509 0.932782
vn 0.303079 -0.19509 0.932782
vn -0.951057 0 0.309017
vn -0.951057 0 0.309017
vn -0.951057 0 0.309017
vn 0.256938 -0.55557 0.790775
vn 0.256938 -0.55557 0.790775
vn 0.256938 -0.55557 0.790775
vn 0.256938 -0.55557 0.790775
vn -0.951057 0 0.309017
vn -0.951057 0 0.309017
vn -0.951057 0 0.309017
vn 0.171681 -0.83147 0.528379
vn 0.171681 -0.83147 0.528379
vn 0.171681 -0.83147 0.528379
vn 0.171681 -0.83147 0.528379
vn -0.951057 0 0.309017
vn -0.951057 0 0.309017
vn -0.951057 0 0.309017
vn 0.060286 -0.980785 0.185542
vn 0.060286 -0.980785 0.185542
vn 0.060286 -0.980785 0.185542
vn 0.060286 -0.980785 0.185542
vn -0.951057 0 0.309017
vn -0.951057 0 0.309017
vn -0.951057 0 0.309017
vn -0.060286 -0.980785 -0.185542
vn -0.060286 -0.980785 -0.185542
vn -0.060286 -0.980785 -0.185542
vn -0.060286 -0.980785 -0.185542
vn -0.951057 0 0.309017
vn -0.951057 0 0.309017
vn -0.951057 0 0.309017
vn -0.171681 -0.83147 -0.528379
vn -0.171681 -0.83147 -0.528379
vn -0.171681 -0.83147 -0.528379
vn -0.171681 -0.83147 -0.528379
vn -0.951057 0 0.309017
vn -0.951057 0 0.309017
vn -0.951057 0 0.309017
vn -0.256938 -0.55557 -0.790775
vn -0.256938 -0.55557 -0.790775
vn -0.256938 -0.55557 -0.790775
vn -0.256938 -0.55557 -0.790775
vn -0.951057 0 0.309017
vn -0.951057 0 0.309017
vn -0.951057 0 0.309017
vn -0.303079 -0.19509 -0.932782
vn -0.303079 -0.19509 -0.932782
vn -0.303079 -0.19509 -0.932782
vn -0.303079 -0.19509 -0.932782
vn -0.951057 0 0.309017
vn -0.951057 0 0.309017
vn -0.951057 0 0.309017
vn -0.303079 0.19509 -0.932782
vn -0.303079 0.19509 -0.932782
vn -0.303079 0.19509 -0.932782
vn -0.303079 0.19509 -0.932782
vn -0.951057 0 0.309017
vn -0.951057 0 0.309017
vn -0.951057 0 0.309017
vn -0.256938 0.55557 -0.790775
vn -0.256938 0.55557 -0.790775
vn -0.256938 0.55557 -0.790775
vn -0.256938 0.55557 -0.790775
vn -0.951057 0 0.309017
vn -0.951057 0 0.309017
vn -0.951057 0 0.309017
vn -0.171681 0.83147 -0.528379
vn -0.171681 0.83147 -0.528379
vn -0.171681 0.83147 -0.528379
vn -0.171681 0.83147 -0.528379
vn -0.951057 0 0.309017
vn -0.951057 0 0.309017
vn -0.951057 0 0.309017
vn -0.060286 0.980785 -0.185542
vn -0.060286 0.980785 -0.185542
vn -0.060286 0.980785 -0.185542
vn -0.060286 0.980785 -0.185542
vn -0.951057 0 0.309017
vn -0.951057 0 0.309017
vn -0.951057 0 0.309017
vn 0.079979 0.965926 0.246152
vn 0.079979 0.965926 0.246152
vn 0.079979 0.965926 0.246152
vn 0.079979 0.965926 0.246152
vn -0.951057 0 0.309017
vn -0.951057 0 0.309017
vn -0.951057 0 0.309017
vn 0.218508 0.707107 0.672499
vn 0.218508 0.707107 0.672499
vn 0.218508 0.707107 0.672499
vn 0.218508 0.707107 0.672499
vn -0.951057 0 0.309017
vn -0.951057 0 0.309017
vn -0.951057 0 0.309017
vn 0.298487 0.258819 0.91865
vn 0.298487 0.258819 0.91865
vn 0.298487 0.258819 0.91865
vn 0.298487 0.258819 0.91865
vn -0.951057 0 0.309017
vn -0.951057 0 0.309017
vn -0.951057 0 0.309017
vn 0.298487 -0.258819 0.91865
vn 0.298487 -0.258819 0.91865
vn 0.298487 -0.258819 0.91865
vn 0.298487 -0.258819 0.91865
vn -0.951057 0 0.309017
vn -0.951057 0 0.309017
vn -0.951057 0 0.309017
vn 0.218508 -0.707107 0.672499
vn 0.218508 -0.707107 0.672499
vn 0.218508 -0.707107 0.672499
vn 0.218508 -0.707107 0.672499
vn -0.951057 0 0.309017
vn -0.951057 0 0.309017
vn -0.951057 0 0.309017
vn 0.079979 -0.965926 0.246152
vn 0.079979 -0.965926 0.246152
vn 0.079979 -0.965926 0.246152
vn 0.079979 -0.965926 0.246152
vn -0.951057 0 0.309017
vn -0.951057 0 0.309017
vn -0.951057 0 0.309017
vn -0.079979 -0.965926 -0.246152
vn -0.079979 -0.965926 -0.246152
vn -0.079979 -0.965926 -0.246152
vn -0.079979 -0.965926 -0.246152
vn -0.951057 0 0.309017
vn -0.951057 0 0.309017
vn -0.951057 0 0.309017
vn -0.218508 -0.707107 -0.672499
vn -0.218508 -0.707107 -0.672499
vn -0.218508 -0.707107 -0.672499
vn -0.218508 -0.707107 -0.672499
vn -0.951057 0 0.309017
vn -0.951057 0 0.309017
vn -0.951057 0 0.309017
vn -0.298487 -0.258819 -0.91865
vn -0.298487 -0.258819 -0.91865
vn -0.298487 -0.258819 -0.91865
vn -0.298487 -0.258819 -0.91865
vn -0.951057 0 0.309017
vn -0.951057 0 0.309017
vn -0.951057 0 0.309017
vn -0.298487 0.258819 -0.91865
vn -0.298487 0.258819 -0.91865
vn -0.298487 0.258819 -0.91865
vn -0.298487 0.258819 -0.91865
vn -0.951057 0 0.309017
vn -0.951057 0 0.309017
vn -0.951057 0 0.309017
vn -0.218508 0.707107 -0.672499
vn -0.218508 0.707107 -0.672499
vn -0.218508 0.707107 -0.672499
vn -0.218508 0.707107 -0.672499
vn -0.951057 0 0.309017
vn -0.951057 0 0.309017
vn -0.951057 0 0.309017
vn -0.079979 0.965926 -0.246152
vn -0.079979 0.965926 -0.246152
vn -0.079979 0.965926 -0.246152
vn -0.079979 0.965926 -0.246152
vn -0.951057 0 0.309017
vn -0.951057 0 0.309017
vn -0.951057 0 0.309017
vn 1 0 0
vn 1 0 0
vn 1 0 0
vn 1 0 0
vn -1 0 0
vn -1 0 0
vn -1 0 0
vn -1 0 0
vn 0 1 0
vn 0 1 0
vn 0 1 0
vn 0 1 0
vn 0 -1 0
vn 0 -1 0
vn 0 -1 0
vn 0 -1 0
vn 0 0 1
vn 0 0 1
vn 0 0 1
vn 0 0 1
vn 0 0 -1
vn 0 0 -1
vn 0 0 -1
vn 0 0 -1
f 1469/1469/1469 1470/1470/1470 1471/1471/1471
f 1469/1469/1469 1471/1471/1471 1472/1472/1472
f 1473/1473/1473 1474/1474/1474 1475/1475/1475
f 1473/1473/1473 1475/1475/1475 1476/1476/1476
f 1477/1477/1477 1478/1478/1478 1479/1479/1479
f 1477/1477/1477 1479/1479/1479 1480/1480/1480
f 1481/1481/1481 1482/1482/1482 1483/1483/1483
f 1481/1481/1481 1483/1483/1483 1484/1484/1484
f 1485/1485/1485 1486/1486/1486 1487/1487/1487
f 1485/1485/1485 1487/1487/1487 1488/1488/1488
f 1489/1489/1489 1490/1490/1490 1491/1491/1491
f 1489/1489/1489 1491/1491/1491 1492/1492/1492
f 1493/1493/1493 1494/1494/1494 1495/1495/1495
f 1493/1493/1493 1495/1495/1495 1496/1496/1496
f 1497/1497/1497 1498/1498/1498 1499/1499/1499
f 1497/1497/1497 1499/1499/1499 1500/1500/1500
f 1501/1501/1501 1502/1502/1502 1503/1503/1503
f 1501/1501/1501 1503/1503/1503 1504/1504/1504
f 1505/1505/1505 1506/1506/1506 1507/1507/1507
f 1505/1505/1505 1507/1507/1507 1508/1508/1508
f 1509/1509/1509 1510/1510/1510 1511/1511/1511
f 1509/1509/1509 1511/1511/1511 1512/1512/1512
f 1513/1513/1513 1514/1514/1514 1515/1515/1515
f 1513/1513/1513 1515/1515/1515 1516/1516/1516
f 1517/1517/1517 1518/1518/1518 1519/1519/1519
f 1517/1517/1517 1519/1519/1519 1520/1520/1520
f 1521/1521/1521 1522/1522/1522 1523/1523/1523
f 1524/1524/1524 1525/1525/1525 1526/1526/1526
f 1524/1524/1524 1526/1526/1526 1527/1527/1527
f 1528/1528/1528 1529/1529/1529 1530/1530/1530
f 1531/1531/1531 1532/1532/1532 1533/1533/1533
f 1531/1531/1531 1533/1533/1533 1534/1534/1534
f 1535/1535/1535 1536/1536/1536 1537/1537/1537
f 1538/1538/1538 1539/1539/1539 1540/1540/1540
f 1538/1538/1538 1540/1540/1540 1541/1541/1541
f 1542/1542/1542 1543/1543/1543 1544/1544/1544
f 1545/1545/1545 1546/1546/1546 1547/1547/1547
f 1545/1545/1545 1547/1547/1547 1548/1548/1548
f 1549/1549/1549 1550/1550/1550 1551/1551/1551
f 1552/1552/1552 1553/1553/1553 1554/1554/1554
f 1552/1552/1552 1554/1554/1554 1555/1555/1555
f 1556/1556/1556 1557/1557/1557 1558/1558/1558
f 1559/1559/1559 1560/1560/1560 1561/1561/1561
f 1559/1559/1559 1561/1561/1561 1562/1562/1562
f 1563/1563/1563 1564/1564/1564 1565/1565/1565
f 1566/1566/1566 1567/1567/1567 1568/1568/1568
f 1566/1566/1566 1568/1568/1568 1569/1569/1569
f 1570/1570/1570 1571/1571/1571 1572/1572/1572
f 1573/1573/1573 1574/1574/1574 1575/1575/1575
f 1573/1573/1573 1575/1575/1575 1576/1576/1576
f 1577/1577/1577 1578/1578/1578 1579/1579/1579
f 1580/1580/1580 1581/1581/1581 1582/1582/1582
f 1580/1580/1580 1582/1582/1582 1583/1583/1583
f 1584/1584/1584 1585/1585/1585 1586/1586/1586
f 1587/1587/1587 1588/1588/1588 1589/1589/1589
f 1587/1587/1587 1589/1589/1589 1590/1590/1590
f 1591/1591/1591 1592/1592/1592 1593/1593/1593
f 1594/1594/1594 1595/1595/1595 1596/1596/1596
f 1594/1594/1594 1596/1596/1596 1597/1597/1597
f 1598/1598/1598 1599/1599/1599 1600/1600/1600
f 1601/1601/1601 1602/1602/1602 1603/1603/1603
f 1601/1601/1601 1603/1603/1603 1604/1604/1604
f 1605/1605/1605 1606/1606/1606 1607/1607/1607
f 1608/1608/1608 1609/1609/1609 1610/1610/1610
f 1608/1608/1608 1610/1610/1610 1611/1611/1611
f 1612/1612/1612 1613/1613/1613 1614/1614/1614
f 1615/1615/1615 1616/1616/1616 1617/1617/1617
f 1615/1615/1615 1617/1617/1617 1618/1618/1618
f 1619/1619/1619 1620/1620/1620 1621/1621/1621
f 1622/1622/1622 1623/1623/1623 1624/1624/1624
f 1622/1622/1622 1624/1624/1624 1625/1625/1625
f 1626/1626/1626 1627/1627/1627 1628/1628/1628
f 1629/1629/1629 1630/1630/1630 1631/1631/1631
f 1629/1629/1629 1631/1631/1631 1632/1632/1632
f 1633/1633/1633 1634/1634/1634 1635/1635/1635
f 1636/1636/1636 1637/1637/1637 1638/1638/1638
f 1636/1636/1636 1638/1638/1638 1639/1639/1639
f 1640/1640/1640 1641/1641/1641 1642/1642/1642
f 1643/1643/1643 1644/1644/1644 1645/1645/1645
f 1643/1643/1643 1645/1645/1645 1646/1646/1646
f 1647/1647/1647 1648/1648/1648 1649/1649/1649
f 1650/1650/1650 1651/1651/1651 1652/1652/1652
f 1650/1650/1650 1652/1652/1652 1653/1653/1653
f 1654/1654/1654 1655/1655/1655 1656/1656/1656
f 1657/1657/1657 1658/1658/1658 1659/1659/1659
f 1657/1657/1657 1659/1659/1659 1660/1660/1660
f 1661/1661/1661 1662/1662/1662 1663/1663/1663
f 1664/1664/1664 1665/1665/1665 1666/1666/1666
f 1664/1664/1664 1666/1666/1666 1667/1667/1667
f 1668/1668/1668 1669/1669/1669 1670/1670/1670
f 1671/1671/1671 1672/1672/1672 1673/1673/1673
f 1671/1671/1671 1673/1673/1673 1674/1674/1674
f 1675/1675/1675 1676/1676/1676 1677/1677/1677
f 1678/1678/1678 1679/1679/1679 1680/1680/1680
f 1678/1678/1678 1680/1680/1680 1681/1681/1681
f 1682/1682/1682 1683/1683/1683 1684/1684/1684
f 1685/1685/1685 1686/1686/1686 1687/1687/1687
f 1685/1685/1685 1687/1687/1687 1688/1688/1688
f 1689/1689/1689 1690/1690/1690 1691/1691/1691
f 1692/1692/1692 1693/1693/1693 1694/1694/1694
f 1692/1692/1692 1694/1694/1694 1695/1695/1695
f 1696/1696/1696 1697/1697/1697 1698/1698/1698
f 1699/1699/1699 1700/1700/1700 1701/1701/1701
f 1699/1699/1699 1701/1701/1701 1702/1702/1702
f 1703/1703/1703 1704/1704/1704 1705/1705/1705
f 1706/1706/1706 1707/1707/1707 1708/1708/1708
f 1706/1706/1706 1708/1708/1708 1709/1709/1709
f 1710/1710/1710 1711/1711/1711 1712/1712/1712
f 1713/1713/1713 1714/1714/1714 1715/1715/1715
f 1713/1713/1713 1715/1715/1715 1716/1716/1716
f 1717/1717/1717 1718/1718/1718 1719/1719/1719
f 1720/1720/1720 1721/1721/1721 1722/1722/1722
f 1720/1720/1720 1722/1722/1722 1723/1723/1723
f 1724/1724/1724 1725/1725/1725 1726/1726/1726
f 1727/1727/1727 1728/1728/1728 1729/1729/1729
f 1727/1727/1727 1729/1729/1729 1730/1730/1730
f 1731/1731/1731 1732/1732/1732 1733/1733/1733
f 1734/1734/1734 1735/1735/1735 1736/1736/1736
f 1734/1734/1734 1736/1736/1736 1737/1737/1737
f 1738/1738/1738 1739/1739/1739 1740/1740/1740
f 1741/1741/1741 1742/1742/1742 1743/1743/1743
f 1741/1741/1741 1743/1743/1743 1744/1744/1744
f 1745/1745/1745 1746/1746/1746 1747/1747/1747
f 1748/1748/1748 1749/1749/1749 1750/1750/1750
f 1748/1748/1748 1750/1750/1750 1751/1751/1751
f 1752/1752/1752 1753/1753/1753 1754/1754/1754
f 1755/1755/1755 1756/1756/1756 1757/1757/1757
f 1755/1755/1755 1757/1757/1757 1758/1758/1758
f 1759/1759/1759 1760/1760/1760 1761/1761/1761
f 1762/1762/1762 1763/1763/1763 1764/1764/1764
f 1762/1762/1762 1764/1764/1764 1765/1765/1765
f 1766/1766/1766 1767/1767/1767 1768/1768/1768
f 1769/1769/1769 1770/1770/1770 1771/1771/1771
f 1769/1769/1769 1771/1771/1771 1772/1772/1772
f 1773/1773/1773 1774/1774/1774 1775/1775/1775
f 1776/1776/1776 1777/1777/1777 1778/1778/1778
f 1776/1776/1776 1778/1778/1778 1779/1779/1779
f 1780/1780/1780 1781/1781/1781 1782/1782/1782
f 1783/1783/1783 1784/1784/1784 1785/1785/1785
f 1783/1783/1783 1785/1785/1785 1786/1786/1786
f 1787/1787/1787 1788/1788/1788 1789/1789/1789
f 1790/1790/1790 1791/1791/1791 1792/1792/1792
f 1790/1790/1790 1792/1792/1792 1793/1793/1793
f 1794/1794/1794 1795/1795/1795 1796/1796/1796
f 1797/1797/1797 1798/1798/1798 1799/1799/1799
f 1797/1797/1797 1799/1799/1799 1800/1800/1800
f 1801/1801/1801 1802/1802/1802 1803/1803/1803
f 1804/1804/1804 1805/1805/1805 1806/1806/1806
f 1804/1804/1804 1806/1806/1806 1807/1807/1807
f 1808/1808/1808 1809/1809/1809 1810/1810/1810
f 1811/1811/1811 1812/1812/1812 1813/1813/1813
f 1811/1811/1811 1813/1813/1813 1814/1814/1814
f 1815/1815/1815 1816/1816/1816 1817/1817/1817
f 1818/1818/1818 1819/1819/1819 1820/1820/1820
f 1818/1818/1818 1820/1820/1820 1821/1821/1821
f 1822/1822/1822 1823/1823/1823 1824/1824/1824
f 1825/1825/1825 1826/1826/1826 1827/1827/1827
f 1825/1825/1825 1827/1827/1827 1828/1828/1828
f 1829/1829/1829 1830/1830/1830 1831/1831/1831
f 1832/1832/1832 1833/1833/1833 1834/1834/1834
f 1832/1832/1832 1834/1834/1834 1835/1835/1835
f 1836/1836/1836 1837/1837/1837 1838/1838/1838
f 1839/1839/1839 1840/1840/1840 1841/1841/1841
f 1839/1839/1839 1841/1841/1841 1842/1842/1842
f 1843/1843/1843 1844/1844/1844 1845/1845/1845
f 1846/1846/1846 1847/1847/1847 1848/1848/1848
f 1846/1846/1846 1848/1848/1848 1849/1849/1849
f 1850/1850/1850 1851/1851/1851 1852/1852/1852
f 1853/1853/1853 1854/1854/1854 1855/1855/1855
f 1853/1853/1853 1855/1855/1855 1856/1856/1856
f 1857/1857/1857 1858/1858/1858 1859/1859/1859
f 1860/1860/1860 1861/1861/1861 1862/1862/1862
f 1860/1860/1860 1862/1862/1862 1863/1863/1863
f 1864/1864/1864 1865/1865/1865 1866/1866/1866
f 1867/1867/1867 1868/1868/1868 1869/1869/1869
f 1867/1867/1867 1869/1869/1869 1870/1870/1870
f 1871/1871/1871 1872/1872/1872 1873/1873/1873
f 1874/1874/1874 1875/1875/1875 1876/1876/1876
f 1874/1874/1874 1876/1876/1876 1877/1877/1877
f 1878/1878/1878 1879/1879/1879 1880/1880/1880
f 1881/1881/1881 1882/1882/1882 1883/1883/1883
f 1881/1881/1881 1883/1883/1883 1884/1884/1884
f 1885/1885/1885 1886/1886/1886 1887/1887/1887
f 1888/1888/1888 1889/1889/1889 1890/1890/1890
f 1888/1888/1888 1890/1890/1890 1891/1891/1891
f 1892/1892/1892 1893/1893/1893 1894/1894/1894
f 1895/1895/1895 1896/1896/1896 1897/1897/1897
f 1895/1895/1895 1897/1897/1897 1898/1898/1898
f 1899/1899/1899 1900/1900/1900 1901/1901/1901
f 1902/1902/1902 1903/1903/1903 1904/1904/1904
f 1902/1902/1902 1904/1904/1904 1905/1905/1905
f 1906/1906/1906 1907/1907/1907 1908/1908/1908
f 1909/1909/1909 1910/1910/1910 1911/1911/1911
f 1909/1909/1909 1911/1911/1911 1912/1912/1912
f 1913/1913/1913 1914/1914/1914 1915/1915/1915
f 1916/1916/1916 1917/1917/1917 1918/1918/1918
f 1916/1916/1916 1918/1918/1918 1919/1919/1919
f 1920/1920/1920 1921/1921/1921 1922/1922/1922
f 1923/1923/1923 1924/1924/1924 1925/1925/1925
f 1923/1923/1923 1925/1925/1925 1926/1926/1926
f 1927/1927/1927 1928/1928/1928 1929/1929/1929
f 1930/1930/1930 1931/1931/1931 1932/1932/1932
f 1930/1930/1930 1932/1932/1932 1933/1933/1933
f 1934/1934/1934 1935/1935/1935 1936/1936/1936
f 1937/1937/1937 1938/1938/1938 1939/1939/1939
f 1937/1937/1937 1939/1939/1939 1940/1940/1940
f 1941/1941/1941 1942/1942/1942 1943/1943/1943
f 1944/1944/1944 1945/1945/1945 1946/1946/1946
f 1944/1944/1944 1946/1946/1946 1947/1947/1947
f 1948/1948/1948 1949/1949/1949 1950/1950/1950
f 1951/1951/1951 1952/1952/1952 1953/1953/1953
f 1951/1951/1951 1953/1953/1953 1954/1954/1954
f 1955/1955/1955 1956/1956/1956 1957/1957/1957
f 1958/1958/1958 1959/1959/1959 1960/1960/1960
f 1958/1958/1958 1960/1960/1960 1961/1961/1961
f 1962/1962/1962 1963/1963/1963 1964/1964/1964
f 1965/1965/1965 1966/1966/1966 1967/1967/1967
f 1965/1965/1965 1967/1967/1967 1968/1968/1968
f 1969/1969/1969 1970/1970/1970 1971/1971/1971
f 1972/1972/1972 1973/1973/1973 1974/1974/1974
f 1972/1972/1972 1974/1974/1974 1975/1975/1975
f 1976/1976/1976 1977/1977/1977 1978/1978/1978
f 1979/1979/1979 1980/1980/1980 1981/1981/1981
f 1979/1979/1979 1981/1981/1981 1982/1982/1982
f 1983/1983/1983 1984/1984/1984 1985/1985/1985
f 1986/1986/1986 1987/1987/1987 1988/1988/1988
f 1986/1986/1986 1988/1988/1988 1989/1989/1989
f 1990/1990/1990 1991/1991/1991 1992/1992/1992
f 1993/1993/1993 1994/1994/1994 1995/1995/1995
f 1993/1993/1993 1995/1995/1995 1996/1996/1996
f 1997/1997/1997 1998/1998/1998 1999/1999/1999
f 2000/2000/2000 2001/2001/2001 2002/2002/2002
f 2000/2000/2000 2002/2002/2002 2003/2003/2003
f 2004/2004/2004 2005/2005/2005 2006/2006/2006
f 2007/2007/2007 2008/2008/2008 2009/2009/2009
f 2007/2007/2007 2009/2009/2009 2010/2010/2010
f 2011/2011/2011 2012/2012/2012 2013/2013/2013
f 2014/2014/2014 2015/2015/2015 2016/2016/2016
f 2014/2014/2014 2016/2016/2016 2017/2017/2017
f 2018/2018/2018 2019/2019/2019 2020/2020/2020
f 2021/2021/2021 2022/2022/2022 2023/2023/2023
f 2021/2021/2021 2023/2023/2023 2024/2024/2024
f 2025/2025/2025 2026/2026/2026 2027/2027/2027
f 2028/2028/2028 2029/2029/2029 2030/2030/2030
f 2028/2028/2028 2030/2030/2030 2031/2031/2031
f 2032/2032/2032 2033/2033/2033 2034/2034/2034
f 2035/2035/2035 2036/2036/2036 2037/2037/2037
f 2035/2035/2035 2037/2037/2037 2038/2038/2038
f 2039/2039/2039 2040/2040/2040 2041/2041/2041
f 2042/2042/2042 2043/2043/2043 2044/2044/2044
f 2042/2042/2042 2044/2044/2044 2045/2045/2045
f 2046/2046/2046 2047/2047/2047 2048/2048/2048
f 2049/2049/2049 2050/2050/2050 2051/2051/2051
f 2049/2049/2049 2051/2051/2051 2052/2052/2052
f 2053/2053/2053 2054/2054/2054 2055/2055/2055
f 2056/2056/2056 2057/2057/2057 2058/2058/2058
f 2056/2056/2056 2058/2058/2058 2059/2059/2059
f 2060/2060/2060 2061/2061/2061 2062/2062/2062
f 2063/2063/2063 2064/2064/2064 2065/2065/2065
f 2063/2063/2063 2065/2065/2065 2066/2066/2066
f 2067/2067/2067 2068/2068/2068 2069/2069/2069
f 2070/2070/2070 2071/2071/2071 2072/2072/2072
f 2070/2070/2070 2072/2072/2072 2073/2073/2073
f 2074/2074/2074 2075/2075/2075 2076/2076/2076
f 2077/2077/2077 2078/2078/2078 2079/2079/2079
f 2077/2077/2077 2079/2079/2079 2080/2080/2080
f 2081/2081/2081 2082/2082/2082 2083/2083/2083
f 2084/2084/2084 2085/2085/2085 2086/2086/2086
f 2084/2084/2084 2086/2086/2086 2087/2087/2087
f 2088/2088/2088 2089/2089/2089 2090/2090/2090
f 2091/2091/2091 2092/2092/2092 2093/2093/2093
f 2091/2091/2091 2093/2093/2093 2094/2094/2094
f 2095/2095/2095 2096/2096/2096 2097/2097/2097
f 2098/2098/2098 2099/2099/2099 2100/2100/2100
f 2098/2098/2098 2100/2100/2100 2101/2101/2101
f 2102/2102/2102 2103/2103/2103 2104/2104/2104
f 2105/2105/2105 2106/2106/2106 2107/2107/2107
f 2105/2105/2105 2107/2107/2107 2108/2108/2108
f 2109/2109/2109 2110/2110/2110 2111/2111/2111
f 2112/2112/2112 2113/2113/2113 2114/2114/2114
f 2112/2112/2112 2114/2114/2114 2115/2115/2115
f 2116/2116/2116 2117/2117/2117 2118/2118/2118
f 2119/2119/2119 2120/2120/2120 2121/2121/2121
f 2119/2119/2119 2121/2121/2121 2122/2122/2122
f 2123/2123/2123 2124/2124/2124 2125/2125/2125
f 2126/2126/2126 2127/2127/2127 2128/2128/2128
f 2126/2126/2126 2128/2128/2128 2129/2129/2129
f 2130/2130/2130 2131/2131/2131 2132/2132/2132
f 2133/2133/2133 2134/2134/2134 2135/2135/2135
f 2133/2133/2133 2135/2135/2135 2136/2136/2136
f 2137/2137/2137 2138/2138/2138 2139/2139/2139
f 2140/2140/2140 2141/2141/2141 2142/2142/2142
f 2140/2140/2140 2142/2142/2142 2143/2143/2143
f 2144/2144/2144 2145/2145/2145 2146/2146/2146
f 2147/2147/2147 2148/2148/2148 2149/2149/2149
f 2147/2147/2147 2149/2149/2149 2150/2150/2150
f 2151/2151/2151 2152/2152/2152 2153/2153/2153
f 2154/2154/2154 2155/2155/2155 2156/2156/2156
f 2154/2154/2154 2156/2156/2156 2157/2157/2157
f 2158/2158/2158 2159/2159/2159 2160/2160/2160
f 2161/2161/2161 2162/2162/2162 2163/2163/2163
f 2161/2161/2161 2163/2163/2163 2164/2164/2164
f 2165/2165/2165 2166/2166/2166 2167/2167/2167
f 2168/2168/2168 2169/2169/2169 2170/2170/2170
f 2168/2168/2168 2170/2170/2170 2171/2171/2171
f 2172/2172/2172 2173/2173/2173 2174/2174/2174
f 2175/2175/2175 2176/2176/2176 2177/2177/2177
f 2175/2175/2175 2177/2177/2177 2178/2178/2178
f 2179/2179/2179 2180/2180/2180 2181/2181/2181
f 2182/2182/2182 2183/2183/2183 2184/2184/2184
f 2182/2182/2182 2184/2184/2184 2185/2185/2185
f 2186/2186/2186 2187/2187/2187 2188/2188/2188
f 2189/2189/2189 2190/2190/2190 2191/2191/2191
f 2189/2189/2189 2191/2191/2191 2192/2192/2192
f 2193/2193/2193 2194/2194/2194 2195/2195/2195
f 2196/2196/2196 2197/2197/2197 2198/2198/2198
f 2196/2196/2196 2198/2198/2198 2199/2199/2199
f 2200/2200/2200 2201/2201/2201 2202/2202/2202
f 2203/2203/2203 2204/2204/2204 2205/2205/2205
f 2203/2203/2203 2205/2205/2205 2206/2206/2206
f 2207/2207/2207 2208/2208/2208 2209/2209/2209
f 2210/2210/2210 2211/2211/2211 2212/2212/2212
f 2210/2210/2210 2212/2212/2212 2213/2213/2213
f 2214/2214/2214 2215/2215/2215 2216/2216/2216
f 2217/2217/2217 2218/2218/2218 2219/2219/2219
f 2217/2217/2217 2219/2219/2219 2220/2220/2220
f 2221/2221/2221 2222/2222/2222 2223/2223/2223
f 2224/2224/2224 2225/2225/2225 2226/2226/2226
f 2224/2224/2224 2226/2226/2226 2227/2227/2227
f 2228/2228/2228 2229/2229/2229 2230/2230/2230
f 2231/2231/2231 2232/2232/2232 2233/2233/2233
f 2231/2231/2231 2233/2233/2233 2234/2234/2234
f 2235/2235/2235 2236/2236/2236 2237/2237/2237
f 2238/2238/2238 2239/2239/2239 2240/2240/2240
f 2238/2238/2238 2240/2240/2240 2241/2241/2241
f 2242/2242/2242 2243/2243/2243 2244/2244/2244
f 2245/2245/2245 2246/2246/2246 2247/2247/2247
f 2245/2245/2245 2247/2247/2247 2248/2248/2248
f 2249/2249/2249 2250/2250/2250 2251/2251/2251
f 2252/2252/2252 2253/2253/2253 2254/2254/2254
f 2252/2252/2252 2254/2254/2254 2255/2255/2255
f 2256/2256/2256 2257/2257/2257 2258/2258/2258
f 2259/2259/2259 2260/2260/2260 2261/2261/2261
f 2259/2259/2259 2261/2261/2261 2262/2262/2262
f 2263/2263/2263 2264/2264/2264 2265/2265/2265
f 2266/2266/2266 2267/2267/2267 2268/2268/2268
f 2266/2266/2266 2268/2268/2268 2269/2269/2269
f 2270/2270/2270 2271/2271/2271 2272/2272/2272
f 2273/2273/2273 2274/2274/2274 2275/2275/2275
f 2273/2273/2273 2275/2275/2275 2276/2276/2276
f 2277/2277/2277 2278/2278/2278 2279/2279/2279
f 2280/2280/2280 2281/2281/2281 2282/2282/2282
f 2280/2280/2280 2282/2282/2282 2283/2283/2283
f 2284/2284/2284 2285/2285/2285 2286/2286/2286
f 2287/2287/2287 2288/2288/2288 2289/2289/2289
f 2287/2287/2287 2289/2289/2289 2290/2290/2290
f 2291/2291/2291 2292/2292/2292 2293/2293/2293
f 2294/2294/2294 2295/2295/2295 2296/2296/2296
f 2294/2294/2294 2296/2296/2296 2297/2297/2297
f 2298/2298/2298 2299/2299/2299 2300/2300/2300
f 2301/2301/2301 2302/2302/2302 2303/2303/2303
f 2301/2301/2301 2303/2303/2303 2304/2304/2304
f 2305/2305/2305 2306/2306/2306 2307/2307/2307
f 2305/2305/2305 2307/2307/2307 2308/2308/2308
f 2309/2309/2309 2310/2310/2310 2311/2311/2311
f 2309/2309/2309 2311/2311/2311 2312/2312/2312
f 2313/2313/2313 2314/2314/2314 2315/2315/2315
f 2313/2313/2313 2315/2315/2315 2316/2316/2316
f 2317/2317/2317 2318/2318/2318 2319/2319/2319
f 2317/2317/2317 2319/2319/2319 2320/2320/2320
f 2321/2321/2321 2322/2322/2322 2323/2323/2323
f 2321/2321/2321 2323/2323/2323 2324/2324/2324
o LAUNCHER_R
usemtl ObjectsGDI
v 8 -9.8 12.9
v 8 -5.2 12.9
v 8 -5.2 17.1
v 8 -9.8 17.1
v -4 -5.2 12.9
v -4 -9.8 12.9
v -4 -9.8 17.1
v -4 -5.2 17.1
v 8 -5.2 12.9
v -4 -5.2 12.9
v -4 -5.2 17.1
v 8 -5.2 17.1
v -4 -9.8 12.9
v 8 -9.8 12.9
v 8 -9.8 17.1
v -4 -9.8 17.1
v -4 -9.8 17.1
v 8 -9.8 17.1
v 8 -5.2 17.1
v -4 -5.2 17.1
v 8 -9.8 12.9
v -4 -9.8 12.9
v -4 -5.2 12.9
v 8 -5.2 12.9
v 8.8 -9.6 13.1
v 8.8 -5.4 13.1
v 8.8 -5.4 16.9
v 8.8 -9.6 16.9
v 8 -5.4 13.1
v 8 -9.6 13.1
v 8 -9.6 16.9
v 8 -5.4 16.9
v 8.8 -5.4 13.1
v 8 -5.4 13.1
v 8 -5.4 16.9
v 8.8 -5.4 16.9
v 8 -9.6 13.1
v 8.8 -9.6 13.1
v 8.8 -9.6 16.9
v 8 -9.6 16.9
v 8 -9.6 16.9
v 8.8 -9.6 16.9
v 8.8 -5.4 16.9
v 8 -5.4 16.9
v 8.8 -9.6 13.1
v 8 -9.6 13.1
v 8 -5.4 13.1
v 8.8 -5.4 13.1
v 8.229366 -7.75 16.13541
v 8.318058 -7.80709 16.408375
v 9.459326 -7.80709 16.037555
v 9.370634 -7.75 15.76459
v 9.370634 -8.5 15.76459
v 9.459326 -7.80709 16.037555
v 9.370634 -7.75 15.76459
v 8.318058 -7.80709 16.408375
v 8.393247 -7.96967 16.639784
v 9.534515 -7.96967 16.268964
v 9.459326 -7.80709 16.037555
v 9.370634 -8.5 15.76459
v 9.534515 -7.96967 16.268964
v 9.459326 -7.80709 16.037555
v 8.393247 -7.96967 16.639784
v 8.443487 -8.212987 16.794406
v 9.584755 -8.212987 16.423586
v 9.534515 -7.96967 16.268964
v 9.370634 -8.5 15.76459
v 9.584755 -8.212987 16.423586
v 9.534515 -7.96967 16.268964
v 8.443487 -8.212987 16.794406
v 8.461129 -8.5 16.848703
v 9.602397 -8.5 16.477882
v 9.584755 -8.212987 16.423586
v 9.370634 -8.5 15.76459
v 9.602397 -8.5 16.477882
v 9.584755 -8.212987 16.423586
v 8.461129 -8.5 16.848703
v 8.443487 -8.787013 16.794406
v 9.584755 -8.787013 16.423586
v 9.602397 -8.5 16.477882
v 9.370634 -8.5 15.76459
v 9.584755 -8.787013 16.423586
v 9.602397 -8.5 16.477882
v 8.443487 -8.787013 16.794406
v 8.393247 -9.03033 16.639784
v 9.534515 -9.03033 16.268964
v 9.584755 -8.787013 16.423586
v 9.370634 -8.5 15.76459
v 9.534515 -9.03033 16.268964
v 9.584755 -8.787013 16.423586
v 8.393247 -9.03033 16.639784
v 8.318058 -9.19291 16.408375
v 9.459326 -9.19291 16.037555
v 9.534515 -9.03033 16.268964
v 9.370634 -8.5 15.76459
v 9.459326 -9.19291 16.037555
v 9.534515 -9.03033 16.268964
v 8.318058 -9.19291 16.408375
v 8.229366 -9.25 16.13541
v 9.370634 -9.25 15.76459
v 9.459326 -9.19291 16.037555
v 9.370634 -8.5 15.76459
v 9.370634 -9.25 15.76459
v 9.459326 -9.19291 16.037555
v 8.229366 -9.25 16.13541
v 8.140674 -9.19291 15.862445
v 9.281942 -9.19291 15.491625
v 9.370634 -9.25 15.76459
v 9.370634 -8.5 15.76459
v 9.281942 -9.19291 15.491625
v 9.370634 -9.25 15.76459
v 8.140674 -9.19291 15.862445
v 8.065485 -9.03033 15.631036
v 9.206753 -9.03033 15.260216
v 9.281942 -9.19291 15.491625
v 9.370634 -8.5 15.76459
v 9.206753 -9.03033 15.260216
v 9.281942 -9.19291 15.491625
v 8.065485 -9.03033 15.631036
v 8.015245 -8.787013 15.476414
v 9.156513 -8.787013 15.105594
v 9.206753 -9.03033 15.260216
v 9.370634 -8.5 15.76459
v 9.156513 -8.787013 15.105594
v 9.206753 -9.03033 15.260216
v 8.015245 -8.787013 15.476414
v 7.997603 -8.5 15.422118
v 9.138871 -8.5 15.051297
v 9.156513 -8.787013 15.105594
v 9.370634 -8.5 15.76459
v 9.138871 -8.5 15.051297
v 9.156513 -8.787013 15.105594
v 7.997603 -8.5 15.422118
v 8.015245 -8.212987 15.476414
v 9.156513 -8.212987 15.105594
v 9.138871 -8.5 15.051297
v 9.370634 -8.5 15.76459
v 9.156513 -8.212987 15.105594
v 9.138871 -8.5 15.051297
v 8.015245 -8.212987 15.476414
v 8.065485 -7.96967 15.631036
v 9.206753 -7.96967 15.260216
v 9.156513 -8.212987 15.105594
v 9.370634 -8.5 15.76459
v 9.206753 -7.96967 15.260216
v 9.156513 -8.212987 15.105594
v 8.065485 -7.96967 15.631036
v 8.140674 -7.80709 15.862445
v 9.281942 -7.80709 15.491625
v 9.206753 -7.96967 15.260216
v 9.370634 -8.5 15.76459
v 9.281942 -7.80709 15.491625
v 9.206753 -7.96967 15.260216
v 8.140674 -7.80709 15.862445
v 8.229366 -7.75 16.13541
v 9.370634 -7.75 15.76459
v 9.281942 -7.80709 15.491625
v 9.370634 -8.5 15.76459
v 9.370634 -7.75 15.76459
v 9.281942 -7.80709 15.491625
v 9.219577 -7.95 16.073607
v 9.304557 -8.023686 16.335147
v 10.065402 -8.023686 16.087934
v 9.980423 -7.95 15.826393
v 9.980423 -8.5 15.826393
v 10.065402 -8.023686 16.087934
v 9.980423 -7.95 15.826393
v 9.304557 -8.023686 16.335147
v 9.366767 -8.225 16.526608
v 10.127612 -8.225 16.279395
v 10.065402 -8.023686 16.087934
v 9.980423 -8.5 15.826393
v 10.127612 -8.225 16.279395
v 10.065402 -8.023686 16.087934
v 9.366767 -8.225 16.526608
v 9.389537 -8.5 16.596688
v 10.150382 -8.5 16.349474
v 10.127612 -8.225 16.279395
v 9.980423 -8.5 15.826393
v 10.150382 -8.5 16.349474
v 10.127612 -8.225 16.279395
v 9.389537 -8.5 16.596688
v 9.366767 -8.775 16.526608
v 10.127612 -8.775 16.279395
v 10.150382 -8.5 16.349474
v 9.980423 -8.5 15.826393
v 10.127612 -8.775 16.279395
v 10.150382 -8.5 16.349474
v 9.366767 -8.775 16.526608
v 9.304557 -8.976314 16.335147
v 10.065402 -8.976314 16.087934
v 10.127612 -8.775 16.279395
v 9.980423 -8.5 15.826393
v 10.065402 -8.976314 16.087934
v 10.127612 -8.775 16.279395
v 9.304557 -8.976314 16.335147
v 9.219577 -9.05 16.073607
v 9.980423 -9.05 15.826393
v 10.065402 -8.976314 16.087934
v 9.980423 -8.5 15.826393
v 9.980423 -9.05 15.826393
v 10.065402 -8.976314 16.087934
v 9.219577 -9.05 16.073607
v 9.134598 -8.976314 15.812066
v 9.895443 -8.976314 15.564853
v 9.980423 -9.05 15.826393
v 9.980423 -8.5 15.826393
v 9.895443 -8.976314 15.564853
v 9.980423 -9.05 15.826393
v 9.134598 -8.976314 15.812066
v 9.072388 -8.775 15.620605
v 9.833233 -8.775 15.373392
v 9.895443 -8.976314 15.564853
v 9.980423 -8.5 15.826393
v 9.833233 -8.775 15.373392
v 9.895443 -8.976314 15.564853
v 9.072388 -8.775 15.620605
v 9.049618 -8.5 15.550526
v 9.810463 -8.5 15.303312
v 9.833233 -8.775 15.373392
v 9.980423 -8.5 15.826393
v 9.810463 -8.5 15.303312
v 9.833233 -8.775 15.373392
v 9.049618 -8.5 15.550526
v 9.072388 -8.225 15.620605
v 9.833233 -8.225 15.373392
v 9.810463 -8.5 15.303312
v 9.980423 -8.5 15.826393
v 9.833233 -8.225 15.373392
v 9.810463 -8.5 15.303312
v 9.072388 -8.225 15.620605
v 9.134598 -8.023686 15.812066
v 9.895443 -8.023686 15.564853
v 9.833233 -8.225 15.373392
v 9.980423 -8.5 15.826393
v 9.895443 -8.023686 15.564853
v 9.833233 -8.225 15.373392
v 9.134598 -8.023686 15.812066
v 9.219577 -7.95 16.073607
v 9.980423 -7.95 15.826393
v 9.895443 -8.023686 15.564853
v 9.980423 -8.5 15.826393
v 9.980423 -7.95 15.826393
v 9.895443 -8.023686 15.564853
v 8.229366 -5.75 16.13541
v 8.318058 -5.80709 16.408375
v 9.459326 -5.80709 16.037555
v 9.370634 -5.75 15.76459
v 9.370634 -6.5 15.76459
v 9.459326 -5.80709 16.037555
v 9.370634 -5.75 15.76459
v 8.318058 -5.80709 16.408375
v 8.393247 -5.96967 16.639784
v 9.534515 -5.96967 16.268964
v 9.459326 -5.80709 16.037555
v 9.370634 -6.5 15.76459
v 9.534515 -5.96967 16.268964
v 9.459326 -5.80709 16.037555
v 8.393247 -5.96967 16.639784
v 8.443487 -6.212987 16.794406
v 9.584755 -6.212987 16.423586
v 9.534515 -5.96967 16.268964
v 9.370634 -6.5 15.76459
v 9.584755 -6.212987 16.423586
v 9.534515 -5.96967 16.268964
v 8.443487 -6.212987 16.794406
v 8.461129 -6.5 16.848703
v 9.602397 -6.5 16.477882
v 9.584755 -6.212987 16.423586
v 9.370634 -6.5 15.76459
v 9.602397 -6.5 16.477882
v 9.584755 -6.212987 16.423586
v 8.461129 -6.5 16.848703
v 8.443487 -6.787013 16.794406
v 9.584755 -6.787013 16.423586
v 9.602397 -6.5 16.477882
v 9.370634 -6.5 15.76459
v 9.584755 -6.787013 16.423586
v 9.602397 -6.5 16.477882
v 8.443487 -6.787013 16.794406
v 8.393247 -7.03033 16.639784
v 9.534515 -7.03033 16.268964
v 9.584755 -6.787013 16.423586
v 9.370634 -6.5 15.76459
v 9.534515 -7.03033 16.268964
v 9.584755 -6.787013 16.423586
v 8.393247 -7.03033 16.639784
v 8.318058 -7.19291 16.408375
v 9.459326 -7.19291 16.037555
v 9.534515 -7.03033 16.268964
v 9.370634 -6.5 15.76459
v 9.459326 -7.19291 16.037555
v 9.534515 -7.03033 16.268964
v 8.318058 -7.19291 16.408375
v 8.229366 -7.25 16.13541
v 9.370634 -7.25 15.76459
v 9.459326 -7.19291 16.037555
v 9.370634 -6.5 15.76459
v 9.370634 -7.25 15.76459
v 9.459326 -7.19291 16.037555
v 8.229366 -7.25 16.13541
v 8.140674 -7.19291 15.862445
v 9.281942 -7.19291 15.491625
v 9.370634 -7.25 15.76459
v 9.370634 -6.5 15.76459
v 9.281942 -7.19291 15.491625
v 9.370634 -7.25 15.76459
v 8.140674 -7.19291 15.862445
v 8.065485 -7.03033 15.631036
v 9.206753 -7.03033 15.260216
v 9.281942 -7.19291 15.491625
v 9.370634 -6.5 15.76459
v 9.206753 -7.03033 15.260216
v 9.281942 -7.19291 15.491625
v 8.065485 -7.03033 15.631036
v 8.015245 -6.787013 15.476414
v 9.156513 -6.787013 15.105594
v 9.206753 -7.03033 15.260216
v 9.370634 -6.5 15.76459
v 9.156513 -6.787013 15.105594
v 9.206753 -7.03033 15.260216
v 8.015245 -6.787013 15.476414
v 7.997603 -6.5 15.422118
v 9.138871 -6.5 15.051297
v 9.156513 -6.787013 15.105594
v 9.370634 -6.5 15.76459
v 9.138871 -6.5 15.051297
v 9.156513 -6.787013 15.105594
v 7.997603 -6.5 15.422118
v 8.015245 -6.212987 15.476414
v 9.156513 -6.212987 15.105594
v 9.138871 -6.5 15.051297
v 9.370634 -6.5 15.76459
v 9.156513 -6.212987 15.105594
v 9.138871 -6.5 15.051297
v 8.015245 -6.212987 15.476414
v 8.065485 -5.96967 15.631036
v 9.206753 -5.96967 15.260216
v 9.156513 -6.212987 15.105594
v 9.370634 -6.5 15.76459
v 9.206753 -5.96967 15.260216
v 9.156513 -6.212987 15.105594
v 8.065485 -5.96967 15.631036
v 8.140674 -5.80709 15.862445
v 9.281942 -5.80709 15.491625
v 9.206753 -5.96967 15.260216
v 9.370634 -6.5 15.76459
v 9.281942 -5.80709 15.491625
v 9.206753 -5.96967 15.260216
v 8.140674 -5.80709 15.862445
v 8.229366 -5.75 16.13541
v 9.370634 -5.75 15.76459
v 9.281942 -5.80709 15.491625
v 9.370634 -6.5 15.76459
v 9.370634 -5.75 15.76459
v 9.281942 -5.80709 15.491625
v 9.219577 -5.95 16.073607
v 9.304557 -6.023686 16.335147
v 10.065402 -6.023686 16.087934
v 9.980423 -5.95 15.826393
v 9.980423 -6.5 15.826393
v 10.065402 -6.023686 16.087934
v 9.980423 -5.95 15.826393
v 9.304557 -6.023686 16.335147
v 9.366767 -6.225 16.526608
v 10.127612 -6.225 16.279395
v 10.065402 -6.023686 16.087934
v 9.980423 -6.5 15.826393
v 10.127612 -6.225 16.279395
v 10.065402 -6.023686 16.087934
v 9.366767 -6.225 16.526608
v 9.389537 -6.5 16.596688
v 10.150382 -6.5 16.349474
v 10.127612 -6.225 16.279395
v 9.980423 -6.5 15.826393
v 10.150382 -6.5 16.349474
v 10.127612 -6.225 16.279395
v 9.389537 -6.5 16.596688
v 9.366767 -6.775 16.526608
v 10.127612 -6.775 16.279395
v 10.150382 -6.5 16.349474
v 9.980423 -6.5 15.826393
v 10.127612 -6.775 16.279395
v 10.150382 -6.5 16.349474
v 9.366767 -6.775 16.526608
v 9.304557 -6.976314 16.335147
v 10.065402 -6.976314 16.087934
v 10.127612 -6.775 16.279395
v 9.980423 -6.5 15.826393
v 10.065402 -6.976314 16.087934
v 10.127612 -6.775 16.279395
v 9.304557 -6.976314 16.335147
v 9.219577 -7.05 16.073607
v 9.980423 -7.05 15.826393
v 10.065402 -6.976314 16.087934
v 9.980423 -6.5 15.826393
v 9.980423 -7.05 15.826393
v 10.065402 -6.976314 16.087934
v 9.219577 -7.05 16.073607
v 9.134598 -6.976314 15.812066
v 9.895443 -6.976314 15.564853
v 9.980423 -7.05 15.826393
v 9.980423 -6.5 15.826393
v 9.895443 -6.976314 15.564853
v 9.980423 -7.05 15.826393
v 9.134598 -6.976314 15.812066
v 9.072388 -6.775 15.620605
v 9.833233 -6.775 15.373392
v 9.895443 -6.976314 15.564853
v 9.980423 -6.5 15.826393
v 9.833233 -6.775 15.373392
v 9.895443 -6.976314 15.564853
v 9.072388 -6.775 15.620605
v 9.049618 -6.5 15.550526
v 9.810463 -6.5 15.303312
v 9.833233 -6.775 15.373392
v 9.980423 -6.5 15.826393
v 9.810463 -6.5 15.303312
v 9.833233 -6.775 15.373392
v 9.049618 -6.5 15.550526
v 9.072388 -6.225 15.620605
v 9.833233 -6.225 15.373392
v 9.810463 -6.5 15.303312
v 9.980423 -6.5 15.826393
v 9.833233 -6.225 15.373392
v 9.810463 -6.5 15.303312
v 9.072388 -6.225 15.620605
v 9.134598 -6.023686 15.812066
v 9.895443 -6.023686 15.564853
v 9.833233 -6.225 15.373392
v 9.980423 -6.5 15.826393
v 9.895443 -6.023686 15.564853
v 9.833233 -6.225 15.373392
v 9.134598 -6.023686 15.812066
v 9.219577 -5.95 16.073607
v 9.980423 -5.95 15.826393
v 9.895443 -6.023686 15.564853
v 9.980423 -6.5 15.826393
v 9.980423 -5.95 15.826393
v 9.895443 -6.023686 15.564853
v 8.229366 -7.75 14.23541
v 8.318058 -7.80709 14.508375
v 9.459326 -7.80709 14.137555
v 9.370634 -7.75 13.86459
v 9.370634 -8.5 13.86459
v 9.459326 -7.80709 14.137555
v 9.370634 -7.75 13.86459
v 8.318058 -7.80709 14.508375
v 8.393247 -7.96967 14.739784
v 9.534515 -7.96967 14.368964
v 9.459326 -7.80709 14.137555
v 9.370634 -8.5 13.86459
v 9.534515 -7.96967 14.368964
v 9.459326 -7.80709 14.137555
v 8.393247 -7.96967 14.739784
v 8.443487 -8.212987 14.894406
v 9.584755 -8.212987 14.523586
v 9.534515 -7.96967 14.368964
v 9.370634 -8.5 13.86459
v 9.584755 -8.212987 14.523586
v 9.534515 -7.96967 14.368964
v 8.443487 -8.212987 14.894406
v 8.461129 -8.5 14.948703
v 9.602397 -8.5 14.577882
v 9.584755 -8.212987 14.523586
v 9.370634 -8.5 13.86459
v 9.602397 -8.5 14.577882
v 9.584755 -8.212987 14.523586
v 8.461129 -8.5 14.948703
v 8.443487 -8.787013 14.894406
v 9.584755 -8.787013 14.523586
v 9.602397 -8.5 14.577882
v 9.370634 -8.5 13.86459
v 9.584755 -8.787013 14.523586
v 9.602397 -8.5 14.577882
v 8.443487 -8.787013 14.894406
v 8.393247 -9.03033 14.739784
v 9.534515 -9.03033 14.368964
v 9.584755 -8.787013 14.523586
v 9.370634 -8.5 13.86459
v 9.534515 -9.03033 14.368964
v 9.584755 -8.787013 14.523586
v 8.393247 -9.03033 14.739784
v 8.318058 -9.19291 14.508375
v 9.459326 -9.19291 14.137555
v 9.534515 -9.03033 14.368964
v 9.370634 -8.5 13.86459
v 9.459326 -9.19291 14.137555
v 9.534515 -9.03033 14.368964
v 8.318058 -9.19291 14.508375
v 8.229366 -9.25 14.23541
v 9.370634 -9.25 13.86459
v 9.459326 -9.19291 14.137555
v 9.370634 -8.5 13.86459
v 9.370634 -9.25 13.86459
v 9.459326 -9.19291 14.137555
v 8.229366 -9.25 14.23541
v 8.140674 -9.19291 13.962445
v 9.281942 -9.19291 13.591625
v 9.370634 -9.25 13.86459
v 9.370634 -8.5 13.86459
v 9.281942 -9.19291 13.591625
v 9.370634 -9.25 13.86459
v 8.140674 -9.19291 13.962445
v 8.065485 -9.03033 13.731036
v 9.206753 -9.03033 13.360216
v 9.281942 -9.19291 13.591625
v 9.370634 -8.5 13.86459
v 9.206753 -9.03033 13.360216
v 9.281942 -9.19291 13.591625
v 8.065485 -9.03033 13.731036
v 8.015245 -8.787013 13.576414
v 9.156513 -8.787013 13.205594
v 9.206753 -9.03033 13.360216
v 9.370634 -8.5 13.86459
v 9.156513 -8.787013 13.205594
v 9.206753 -9.03033 13.360216
v 8.015245 -8.787013 13.576414
v 7.997603 -8.5 13.522118
v 9.138871 -8.5 13.151297
v 9.156513 -8.787013 13.205594
v 9.370634 -8.5 13.86459
v 9.138871 -8.5 13.151297
v 9.156513 -8.787013 13.205594
v 7.997603 -8.5 13.522118
v 8.015245 -8.212987 13.576414
v 9.156513 -8.212987 13.205594
v 9.138871 -8.5 13.151297
v 9.370634 -8.5 13.86459
v 9.156513 -8.212987 13.205594
v 9.138871 -8.5 13.151297
v 8.015245 -8.212987 13.576414
v 8.065485 -7.96967 13.731036
v 9.206753 -7.96967 13.360216
v 9.156513 -8.212987 13.205594
v 9.370634 -8.5 13.86459
v 9.206753 -7.96967 13.360216
v 9.156513 -8.212987 13.205594
v 8.065485 -7.96967 13.731036
v 8.140674 -7.80709 13.962445
v 9.281942 -7.80709 13.591625
v 9.206753 -7.96967 13.360216
v 9.370634 -8.5 13.86459
v 9.281942 -7.80709 13.591625
v 9.206753 -7.96967 13.360216
v 8.140674 -7.80709 13.962445
v 8.229366 -7.75 14.23541
v 9.370634 -7.75 13.86459
v 9.281942 -7.80709 13.591625
v 9.370634 -8.5 13.86459
v 9.370634 -7.75 13.86459
v 9.281942 -7.80709 13.591625
v 9.219577 -7.95 14.173607
v 9.304557 -8.023686 14.435147
v 10.065402 -8.023686 14.187934
v 9.980423 -7.95 13.926393
v 9.980423 -8.5 13.926393
v 10.065402 -8.023686 14.187934
v 9.980423 -7.95 13.926393
v 9.304557 -8.023686 14.435147
v 9.366767 -8.225 14.626608
v 10.127612 -8.225 14.379395
v 10.065402 -8.023686 14.187934
v 9.980423 -8.5 13.926393
v 10.127612 -8.225 14.379395
v 10.065402 -8.023686 14.187934
v 9.366767 -8.225 14.626608
v 9.389537 -8.5 14.696688
v 10.150382 -8.5 14.449474
v 10.127612 -8.225 14.379395
v 9.980423 -8.5 13.926393
v 10.150382 -8.5 14.449474
v 10.127612 -8.225 14.379395
v 9.389537 -8.5 14.696688
v 9.366767 -8.775 14.626608
v 10.127612 -8.775 14.379395
v 10.150382 -8.5 14.449474
v 9.980423 -8.5 13.926393
v 10.127612 -8.775 14.379395
v 10.150382 -8.5 14.449474
v 9.366767 -8.775 14.626608
v 9.304557 -8.976314 14.435147
v 10.065402 -8.976314 14.187934
v 10.127612 -8.775 14.379395
v 9.980423 -8.5 13.926393
v 10.065402 -8.976314 14.187934
v 10.127612 -8.775 14.379395
v 9.304557 -8.976314 14.435147
v 9.219577 -9.05 14.173607
v 9.980423 -9.05 13.926393
v 10.065402 -8.976314 14.187934
v 9.980423 -8.5 13.926393
v 9.980423 -9.05 13.926393
v 10.065402 -8.976314 14.187934
v 9.219577 -9.05 14.173607
v 9.134598 -8.976314 13.912066
v 9.895443 -8.976314 13.664853
v 9.980423 -9.05 13.926393
v 9.980423 -8.5 13.926393
v 9.895443 -8.976314 13.664853
v 9.980423 -9.05 13.926393
v 9.134598 -8.976314 13.912066
v 9.072388 -8.775 13.720605
v 9.833233 -8.775 13.473392
v 9.895443 -8.976314 13.664853
v 9.980423 -8.5 13.926393
v 9.833233 -8.775 13.473392
v 9.895443 -8.976314 13.664853
v 9.072388 -8.775 13.720605
v 9.049618 -8.5 13.650526
v 9.810463 -8.5 13.403312
v 9.833233 -8.775 13.473392
v 9.980423 -8.5 13.926393
v 9.810463 -8.5 13.403312
v 9.833233 -8.775 13.473392
v 9.049618 -8.5 13.650526
v 9.072388 -8.225 13.720605
v 9.833233 -8.225 13.473392
v 9.810463 -8.5 13.403312
v 9.980423 -8.5 13.926393
v 9.833233 -8.225 13.473392
v 9.810463 -8.5 13.403312
v 9.072388 -8.225 13.720605
v 9.134598 -8.023686 13.912066
v 9.895443 -8.023686 13.664853
v 9.833233 -8.225 13.473392
v 9.980423 -8.5 13.926393
v 9.895443 -8.023686 13.664853
v 9.833233 -8.225 13.473392
v 9.134598 -8.023686 13.912066
v 9.219577 -7.95 14.173607
v 9.980423 -7.95 13.926393
v 9.895443 -8.023686 13.664853
v 9.980423 -8.5 13.926393
v 9.980423 -7.95 13.926393
v 9.895443 -8.023686 13.664853
v 8.229366 -5.75 14.23541
v 8.318058 -5.80709 14.508375
v 9.459326 -5.80709 14.137555
v 9.370634 -5.75 13.86459
v 9.370634 -6.5 13.86459
v 9.459326 -5.80709 14.137555
v 9.370634 -5.75 13.86459
v 8.318058 -5.80709 14.508375
v 8.393247 -5.96967 14.739784
v 9.534515 -5.96967 14.368964
v 9.459326 -5.80709 14.137555
v 9.370634 -6.5 13.86459
v 9.534515 -5.96967 14.368964
v 9.459326 -5.80709 14.137555
v 8.393247 -5.96967 14.739784
v 8.443487 -6.212987 14.894406
v 9.584755 -6.212987 14.523586
v 9.534515 -5.96967 14.368964
v 9.370634 -6.5 13.86459
v 9.584755 -6.212987 14.523586
v 9.534515 -5.96967 14.368964
v 8.443487 -6.212987 14.894406
v 8.461129 -6.5 14.948703
v 9.602397 -6.5 14.577882
v 9.584755 -6.212987 14.523586
v 9.370634 -6.5 13.86459
v 9.602397 -6.5 14.577882
v 9.584755 -6.212987 14.523586
v 8.461129 -6.5 14.948703
v 8.443487 -6.787013 14.894406
v 9.584755 -6.787013 14.523586
v 9.602397 -6.5 14.577882
v 9.370634 -6.5 13.86459
v 9.584755 -6.787013 14.523586
v 9.602397 -6.5 14.577882
v 8.443487 -6.787013 14.894406
v 8.393247 -7.03033 14.739784
v 9.534515 -7.03033 14.368964
v 9.584755 -6.787013 14.523586
v 9.370634 -6.5 13.86459
v 9.534515 -7.03033 14.368964
v 9.584755 -6.787013 14.523586
v 8.393247 -7.03033 14.739784
v 8.318058 -7.19291 14.508375
v 9.459326 -7.19291 14.137555
v 9.534515 -7.03033 14.368964
v 9.370634 -6.5 13.86459
v 9.459326 -7.19291 14.137555
v 9.534515 -7.03033 14.368964
v 8.318058 -7.19291 14.508375
v 8.229366 -7.25 14.23541
v 9.370634 -7.25 13.86459
v 9.459326 -7.19291 14.137555
v 9.370634 -6.5 13.86459
v 9.370634 -7.25 13.86459
v 9.459326 -7.19291 14.137555
v 8.229366 -7.25 14.23541
v 8.140674 -7.19291 13.962445
v 9.281942 -7.19291 13.591625
v 9.370634 -7.25 13.86459
v 9.370634 -6.5 13.86459
v 9.281942 -7.19291 13.591625
v 9.370634 -7.25 13.86459
v 8.140674 -7.19291 13.962445
v 8.065485 -7.03033 13.731036
v 9.206753 -7.03033 13.360216
v 9.281942 -7.19291 13.591625
v 9.370634 -6.5 13.86459
v 9.206753 -7.03033 13.360216
v 9.281942 -7.19291 13.591625
v 8.065485 -7.03033 13.731036
v 8.015245 -6.787013 13.576414
v 9.156513 -6.787013 13.205594
v 9.206753 -7.03033 13.360216
v 9.370634 -6.5 13.86459
v 9.156513 -6.787013 13.205594
v 9.206753 -7.03033 13.360216
v 8.015245 -6.787013 13.576414
v 7.997603 -6.5 13.522118
v 9.138871 -6.5 13.151297
v 9.156513 -6.787013 13.205594
v 9.370634 -6.5 13.86459
v 9.138871 -6.5 13.151297
v 9.156513 -6.787013 13.205594
v 7.997603 -6.5 13.522118
v 8.015245 -6.212987 13.576414
v 9.156513 -6.212987 13.205594
v 9.138871 -6.5 13.151297
v 9.370634 -6.5 13.86459
v 9.156513 -6.212987 13.205594
v 9.138871 -6.5 13.151297
v 8.015245 -6.212987 13.576414
v 8.065485 -5.96967 13.731036
v 9.206753 -5.96967 13.360216
v 9.156513 -6.212987 13.205594
v 9.370634 -6.5 13.86459
v 9.206753 -5.96967 13.360216
v 9.156513 -6.212987 13.205594
v 8.065485 -5.96967 13.731036
v 8.140674 -5.80709 13.962445
v 9.281942 -5.80709 13.591625
v 9.206753 -5.96967 13.360216
v 9.370634 -6.5 13.86459
v 9.281942 -5.80709 13.591625
v 9.206753 -5.96967 13.360216
v 8.140674 -5.80709 13.962445
v 8.229366 -5.75 14.23541
v 9.370634 -5.75 13.86459
v 9.281942 -5.80709 13.591625
v 9.370634 -6.5 13.86459
v 9.370634 -5.75 13.86459
v 9.281942 -5.80709 13.591625
v 9.219577 -5.95 14.173607
v 9.304557 -6.023686 14.435147
v 10.065402 -6.023686 14.187934
v 9.980423 -5.95 13.926393
v 9.980423 -6.5 13.926393
v 10.065402 -6.023686 14.187934
v 9.980423 -5.95 13.926393
v 9.304557 -6.023686 14.435147
v 9.366767 -6.225 14.626608
v 10.127612 -6.225 14.379395
v 10.065402 -6.023686 14.187934
v 9.980423 -6.5 13.926393
v 10.127612 -6.225 14.379395
v 10.065402 -6.023686 14.187934
v 9.366767 -6.225 14.626608
v 9.389537 -6.5 14.696688
v 10.150382 -6.5 14.449474
v 10.127612 -6.225 14.379395
v 9.980423 -6.5 13.926393
v 10.150382 -6.5 14.449474
v 10.127612 -6.225 14.379395
v 9.389537 -6.5 14.696688
v 9.366767 -6.775 14.626608
v 10.127612 -6.775 14.379395
v 10.150382 -6.5 14.449474
v 9.980423 -6.5 13.926393
v 10.127612 -6.775 14.379395
v 10.150382 -6.5 14.449474
v 9.366767 -6.775 14.626608
v 9.304557 -6.976314 14.435147
v 10.065402 -6.976314 14.187934
v 10.127612 -6.775 14.379395
v 9.980423 -6.5 13.926393
v 10.065402 -6.976314 14.187934
v 10.127612 -6.775 14.379395
v 9.304557 -6.976314 14.435147
v 9.219577 -7.05 14.173607
v 9.980423 -7.05 13.926393
v 10.065402 -6.976314 14.187934
v 9.980423 -6.5 13.926393
v 9.980423 -7.05 13.926393
v 10.065402 -6.976314 14.187934
v 9.219577 -7.05 14.173607
v 9.134598 -6.976314 13.912066
v 9.895443 -6.976314 13.664853
v 9.980423 -7.05 13.926393
v 9.980423 -6.5 13.926393
v 9.895443 -6.976314 13.664853
v 9.980423 -7.05 13.926393
v 9.134598 -6.976314 13.912066
v 9.072388 -6.775 13.720605
v 9.833233 -6.775 13.473392
v 9.895443 -6.976314 13.664853
v 9.980423 -6.5 13.926393
v 9.833233 -6.775 13.473392
v 9.895443 -6.976314 13.664853
v 9.072388 -6.775 13.720605
v 9.049618 -6.5 13.650526
v 9.810463 -6.5 13.403312
v 9.833233 -6.775 13.473392
v 9.980423 -6.5 13.926393
v 9.810463 -6.5 13.403312
v 9.833233 -6.775 13.473392
v 9.049618 -6.5 13.650526
v 9.072388 -6.225 13.720605
v 9.833233 -6.225 13.473392
v 9.810463 -6.5 13.403312
v 9.980423 -6.5 13.926393
v 9.833233 -6.225 13.473392
v 9.810463 -6.5 13.403312
v 9.072388 -6.225 13.720605
v 9.134598 -6.023686 13.912066
v 9.895443 -6.023686 13.664853
v 9.833233 -6.225 13.473392
v 9.980423 -6.5 13.926393
v 9.895443 -6.023686 13.664853
v 9.833233 -6.225 13.473392
v 9.134598 -6.023686 13.912066
v 9.219577 -5.95 14.173607
v 9.980423 -5.95 13.926393
v 9.895443 -6.023686 13.664853
v 9.980423 -6.5 13.926393
v 9.980423 -5.95 13.926393
v 9.895443 -6.023686 13.664853
v -4 -9.4 13.3
v -4 -5.6 13.3
v -4 -5.6 16.7
v -4 -9.4 16.7
v -4.8 -5.6 13.3
v -4.8 -9.4 13.3
v -4.8 -9.4 16.7
v -4.8 -5.6 16.7
v -4 -5.6 13.3
v -4.8 -5.6 13.3
v -4.8 -5.6 16.7
v -4 -5.6 16.7
v -4.8 -9.4 13.3
v -4 -9.4 13.3
v -4 -9.4 16.7
v -4.8 -9.4 16.7
v -4.8 -9.4 16.7
v -4 -9.4 16.7
v -4 -5.6 16.7
v -4.8 -5.6 16.7
v -4 -9.4 13.3
v -4.8 -9.4 13.3
v -4.8 -5.6 13.3
v -4 -5.6 13.3
vt 0.78 0.22
vt 0.97 0.22
vt 0.97 0.03
vt 0.78 0.03
vt 0.78 0.22
vt 0.97 0.22
vt 0.97 0.03
vt 0.78 0.03
vt 0.78 0.22
vt 0.97 0.22
vt 0.97 0.03
vt 0.78 0.03
vt 0.78 0.22
vt 0.97 0.22
vt 0.97 0.03
vt 0.78 0.03
vt 0.78 0.22
vt 0.97 0.22
vt 0.97 0.03
vt 0.78 0.03
vt 0.78 0.22
vt 0.97 0.22
vt 0.97 0.03
vt 0.78 0.03
vt 0.53 0.22
vt 0.72 0.22
vt 0.72 0.03
vt 0.53 0.03
vt 0.53 0.22
vt 0.72 0.22
vt 0.72 0.03
vt 0.53 0.03
vt 0.53 0.22
vt 0.72 0.22
vt 0.72 0.03
vt 0.53 0.03
vt 0.53 0.22
vt 0.72 0.22
vt 0.72 0.03
vt 0.53 0.03
vt 0.53 0.22
vt 0.72 0.22
vt 0.72 0.03
vt 0.53 0.03
vt 0.53 0.22
vt 0.72 0.22
vt 0.72 0.03
vt 0.53 0.03
vt 0.53 0.47
vt 0.541875 0.47
vt 0.541875 0.28
vt 0.53 0.28
vt 0.625 0.375
vt 0.703992 0.342281
vt 0.7105 0.375
vt 0.541875 0.47
vt 0.55375 0.47
vt 0.55375 0.28
vt 0.541875 0.28
vt 0.625 0.375
vt 0.685458 0.314542
vt 0.703992 0.342281
vt 0.55375 0.47
vt 0.565625 0.47
vt 0.565625 0.28
vt 0.55375 0.28
vt 0.625 0.375
vt 0.657719 0.296008
vt 0.685458 0.314542
vt 0.565625 0.47
vt 0.5775 0.47
vt 0.5775 0.28
vt 0.565625 0.28
vt 0.625 0.375
vt 0.625 0.2895
vt 0.657719 0.296008
vt 0.5775 0.47
vt 0.589375 0.47
vt 0.589375 0.28
vt 0.5775 0.28
vt 0.625 0.375
vt 0.592281 0.296008
vt 0.625 0.2895
vt 0.589375 0.47
vt 0.60125 0.47
vt 0.60125 0.28
vt 0.589375 0.28
vt 0.625 0.375
vt 0.564542 0.314542
vt 0.592281 0.296008
vt 0.60125 0.47
vt 0.613125 0.47
vt 0.613125 0.28
vt 0.60125 0.28
vt 0.625 0.375
vt 0.546008 0.342281
vt 0.564542 0.314542
vt 0.613125 0.47
vt 0.625 0.47
vt 0.625 0.28
vt 0.613125 0.28
vt 0.625 0.375
vt 0.5395 0.375
vt 0.546008 0.342281
vt 0.625 0.47
vt 0.636875 0.47
vt 0.636875 0.28
vt 0.625 0.28
vt 0.625 0.375
vt 0.546008 0.407719
vt 0.5395 0.375
vt 0.636875 0.47
vt 0.64875 0.47
vt 0.64875 0.28
vt 0.636875 0.28
vt 0.625 0.375
vt 0.564542 0.435458
vt 0.546008 0.407719
vt 0.64875 0.47
vt 0.660625 0.47
vt 0.660625 0.28
vt 0.64875 0.28
vt 0.625 0.375
vt 0.592281 0.453992
vt 0.564542 0.435458
vt 0.660625 0.47
vt 0.6725 0.47
vt 0.6725 0.28
vt 0.660625 0.28
vt 0.625 0.375
vt 0.625 0.4605
vt 0.592281 0.453992
vt 0.6725 0.47
vt 0.684375 0.47
vt 0.684375 0.28
vt 0.6725 0.28
vt 0.625 0.375
vt 0.657719 0.453992
vt 0.625 0.4605
vt 0.684375 0.47
vt 0.69625 0.47
vt 0.69625 0.28
vt 0.684375 0.28
vt 0.625 0.375
vt 0.685458 0.435458
vt 0.657719 0.453992
vt 0.69625 0.47
vt 0.708125 0.47
vt 0.708125 0.28
vt 0.69625 0.28
vt 0.625 0.375
vt 0.703992 0.407719
vt 0.685458 0.435458
vt 0.708125 0.47
vt 0.72 0.47
vt 0.72 0.28
vt 0.708125 0.28
vt 0.625 0.375
vt 0.7105 0.375
vt 0.703992 0.407719
vt 0.78 0.22
vt 0.795833 0.22
vt 0.795833 0.03
vt 0.78 0.03
vt 0.625 0.375
vt 0.699045 0.33225
vt 0.7105 0.375
vt 0.795833 0.22
vt 0.811667 0.22
vt 0.811667 0.03
vt 0.795833 0.03
vt 0.625 0.375
vt 0.66775 0.300955
vt 0.699045 0.33225
vt 0.811667 0.22
vt 0.8275 0.22
vt 0.8275 0.03
vt 0.811667 0.03
vt 0.625 0.375
vt 0.625 0.2895
vt 0.66775 0.300955
vt 0.8275 0.22
vt 0.843333 0.22
vt 0.843333 0.03
vt 0.8275 0.03
vt 0.625 0.375
vt 0.58225 0.300955
vt 0.625 0.2895
vt 0.843333 0.22
vt 0.859167 0.22
vt 0.859167 0.03
vt 0.843333 0.03
vt 0.625 0.375
vt 0.550955 0.33225
vt 0.58225 0.300955
vt 0.859167 0.22
vt 0.875 0.22
vt 0.875 0.03
vt 0.859167 0.03
vt 0.625 0.375
vt 0.5395 0.375
vt 0.550955 0.33225
vt 0.875 0.22
vt 0.890833 0.22
vt 0.890833 0.03
vt 0.875 0.03
vt 0.625 0.375
vt 0.550955 0.41775
vt 0.5395 0.375
vt 0.890833 0.22
vt 0.906667 0.22
vt 0.906667 0.03
vt 0.890833 0.03
vt 0.625 0.375
vt 0.58225 0.449045
vt 0.550955 0.41775
vt 0.906667 0.22
vt 0.9225 0.22
vt 0.9225 0.03
vt 0.906667 0.03
vt 0.625 0.375
vt 0.625 0.4605
vt 0.58225 0.449045
vt 0.9225 0.22
vt 0.938333 0.22
vt 0.938333 0.03
vt 0.9225 0.03
vt 0.625 0.375
vt 0.66775 0.449045
vt 0.625 0.4605
vt 0.938333 0.22
vt 0.954167 0.22
vt 0.954167 0.03
vt 0.938333 0.03
vt 0.625 0.375
vt 0.699045 0.41775
vt 0.66775 0.449045
vt 0.954167 0.22
vt 0.97 0.22
vt 0.97 0.03
vt 0.954167 0.03
vt 0.625 0.375
vt 0.7105 0.375
vt 0.699045 0.41775
vt 0.53 0.47
vt 0.541875 0.47
vt 0.541875 0.28
vt 0.53 0.28
vt 0.625 0.375
vt 0.703992 0.342281
vt 0.7105 0.375
vt 0.541875 0.47
vt 0.55375 0.47
vt 0.55375 0.28
vt 0.541875 0.28
vt 0.625 0.375
vt 0.685458 0.314542
vt 0.703992 0.342281
vt 0.55375 0.47
vt 0.565625 0.47
vt 0.565625 0.28
vt 0.55375 0.28
vt 0.625 0.375
vt 0.657719 0.296008
vt 0.685458 0.314542
vt 0.565625 0.47
vt 0.5775 0.47
vt 0.5775 0.28
vt 0.565625 0.28
vt 0.625 0.375
vt 0.625 0.2895
vt 0.657719 0.296008
vt 0.5775 0.47
vt 0.589375 0.47
vt 0.589375 0.28
vt 0.5775 0.28
vt 0.625 0.375
vt 0.592281 0.296008
vt 0.625 0.2895
vt 0.589375 0.47
vt 0.60125 0.47
vt 0.60125 0.28
vt 0.589375 0.28
vt 0.625 0.375
vt 0.564542 0.314542
vt 0.592281 0.296008
vt 0.60125 0.47
vt 0.613125 0.47
vt 0.613125 0.28
vt 0.60125 0.28
vt 0.625 0.375
vt 0.546008 0.342281
vt 0.564542 0.314542
vt 0.613125 0.47
vt 0.625 0.47
vt 0.625 0.28
vt 0.613125 0.28
vt 0.625 0.375
vt 0.5395 0.375
vt 0.546008 0.342281
vt 0.625 0.47
vt 0.636875 0.47
vt 0.636875 0.28
vt 0.625 0.28
vt 0.625 0.375
vt 0.546008 0.407719
vt 0.5395 0.375
vt 0.636875 0.47
vt 0.64875 0.47
vt 0.64875 0.28
vt 0.636875 0.28
vt 0.625 0.375
vt 0.564542 0.435458
vt 0.546008 0.407719
vt 0.64875 0.47
vt 0.660625 0.47
vt 0.660625 0.28
vt 0.64875 0.28
vt 0.625 0.375
vt 0.592281 0.453992
vt 0.564542 0.435458
vt 0.660625 0.47
vt 0.6725 0.47
vt 0.6725 0.28
vt 0.660625 0.28
vt 0.625 0.375
vt 0.625 0.4605
vt 0.592281 0.453992
vt 0.6725 0.47
vt 0.684375 0.47
vt 0.684375 0.28
vt 0.6725 0.28
vt 0.625 0.375
vt 0.657719 0.453992
vt 0.625 0.4605
vt 0.684375 0.47
vt 0.69625 0.47
vt 0.69625 0.28
vt 0.684375 0.28
vt 0.625 0.375
vt 0.685458 0.435458
vt 0.657719 0.453992
vt 0.69625 0.47
vt 0.708125 0.47
vt 0.708125 0.28
vt 0.69625 0.28
vt 0.625 0.375
vt 0.703992 0.407719
vt 0.685458 0.435458
vt 0.708125 0.47
vt 0.72 0.47
vt 0.72 0.28
vt 0.708125 0.28
vt 0.625 0.375
vt 0.7105 0.375
vt 0.703992 0.407719
vt 0.78 0.22
vt 0.795833 0.22
vt 0.795833 0.03
vt 0.78 0.03
vt 0.625 0.375
vt 0.699045 0.33225
vt 0.7105 0.375
vt 0.795833 0.22
vt 0.811667 0.22
vt 0.811667 0.03
vt 0.795833 0.03
vt 0.625 0.375
vt 0.66775 0.300955
vt 0.699045 0.33225
vt 0.811667 0.22
vt 0.8275 0.22
vt 0.8275 0.03
vt 0.811667 0.03
vt 0.625 0.375
vt 0.625 0.2895
vt 0.66775 0.300955
vt 0.8275 0.22
vt 0.843333 0.22
vt 0.843333 0.03
vt 0.8275 0.03
vt 0.625 0.375
vt 0.58225 0.300955
vt 0.625 0.2895
vt 0.843333 0.22
vt 0.859167 0.22
vt 0.859167 0.03
vt 0.843333 0.03
vt 0.625 0.375
vt 0.550955 0.33225
vt 0.58225 0.300955
vt 0.859167 0.22
vt 0.875 0.22
vt 0.875 0.03
vt 0.859167 0.03
vt 0.625 0.375
vt 0.5395 0.375
vt 0.550955 0.33225
vt 0.875 0.22
vt 0.890833 0.22
vt 0.890833 0.03
vt 0.875 0.03
vt 0.625 0.375
vt 0.550955 0.41775
vt 0.5395 0.375
vt 0.890833 0.22
vt 0.906667 0.22
vt 0.906667 0.03
vt 0.890833 0.03
vt 0.625 0.375
vt 0.58225 0.449045
vt 0.550955 0.41775
vt 0.906667 0.22
vt 0.9225 0.22
vt 0.9225 0.03
vt 0.906667 0.03
vt 0.625 0.375
vt 0.625 0.4605
vt 0.58225 0.449045
vt 0.9225 0.22
vt 0.938333 0.22
vt 0.938333 0.03
vt 0.9225 0.03
vt 0.625 0.375
vt 0.66775 0.449045
vt 0.625 0.4605
vt 0.938333 0.22
vt 0.954167 0.22
vt 0.954167 0.03
vt 0.938333 0.03
vt 0.625 0.375
vt 0.699045 0.41775
vt 0.66775 0.449045
vt 0.954167 0.22
vt 0.97 0.22
vt 0.97 0.03
vt 0.954167 0.03
vt 0.625 0.375
vt 0.7105 0.375
vt 0.699045 0.41775
vt 0.53 0.47
vt 0.541875 0.47
vt 0.541875 0.28
vt 0.53 0.28
vt 0.625 0.375
vt 0.703992 0.342281
vt 0.7105 0.375
vt 0.541875 0.47
vt 0.55375 0.47
vt 0.55375 0.28
vt 0.541875 0.28
vt 0.625 0.375
vt 0.685458 0.314542
vt 0.703992 0.342281
vt 0.55375 0.47
vt 0.565625 0.47
vt 0.565625 0.28
vt 0.55375 0.28
vt 0.625 0.375
vt 0.657719 0.296008
vt 0.685458 0.314542
vt 0.565625 0.47
vt 0.5775 0.47
vt 0.5775 0.28
vt 0.565625 0.28
vt 0.625 0.375
vt 0.625 0.2895
vt 0.657719 0.296008
vt 0.5775 0.47
vt 0.589375 0.47
vt 0.589375 0.28
vt 0.5775 0.28
vt 0.625 0.375
vt 0.592281 0.296008
vt 0.625 0.2895
vt 0.589375 0.47
vt 0.60125 0.47
vt 0.60125 0.28
vt 0.589375 0.28
vt 0.625 0.375
vt 0.564542 0.314542
vt 0.592281 0.296008
vt 0.60125 0.47
vt 0.613125 0.47
vt 0.613125 0.28
vt 0.60125 0.28
vt 0.625 0.375
vt 0.546008 0.342281
vt 0.564542 0.314542
vt 0.613125 0.47
vt 0.625 0.47
vt 0.625 0.28
vt 0.613125 0.28
vt 0.625 0.375
vt 0.5395 0.375
vt 0.546008 0.342281
vt 0.625 0.47
vt 0.636875 0.47
vt 0.636875 0.28
vt 0.625 0.28
vt 0.625 0.375
vt 0.546008 0.407719
vt 0.5395 0.375
vt 0.636875 0.47
vt 0.64875 0.47
vt 0.64875 0.28
vt 0.636875 0.28
vt 0.625 0.375
vt 0.564542 0.435458
vt 0.546008 0.407719
vt 0.64875 0.47
vt 0.660625 0.47
vt 0.660625 0.28
vt 0.64875 0.28
vt 0.625 0.375
vt 0.592281 0.453992
vt 0.564542 0.435458
vt 0.660625 0.47
vt 0.6725 0.47
vt 0.6725 0.28
vt 0.660625 0.28
vt 0.625 0.375
vt 0.625 0.4605
vt 0.592281 0.453992
vt 0.6725 0.47
vt 0.684375 0.47
vt 0.684375 0.28
vt 0.6725 0.28
vt 0.625 0.375
vt 0.657719 0.453992
vt 0.625 0.4605
vt 0.684375 0.47
vt 0.69625 0.47
vt 0.69625 0.28
vt 0.684375 0.28
vt 0.625 0.375
vt 0.685458 0.435458
vt 0.657719 0.453992
vt 0.69625 0.47
vt 0.708125 0.47
vt 0.708125 0.28
vt 0.69625 0.28
vt 0.625 0.375
vt 0.703992 0.407719
vt 0.685458 0.435458
vt 0.708125 0.47
vt 0.72 0.47
vt 0.72 0.28
vt 0.708125 0.28
vt 0.625 0.375
vt 0.7105 0.375
vt 0.703992 0.407719
vt 0.78 0.22
vt 0.795833 0.22
vt 0.795833 0.03
vt 0.78 0.03
vt 0.625 0.375
vt 0.699045 0.33225
vt 0.7105 0.375
vt 0.795833 0.22
vt 0.811667 0.22
vt 0.811667 0.03
vt 0.795833 0.03
vt 0.625 0.375
vt 0.66775 0.300955
vt 0.699045 0.33225
vt 0.811667 0.22
vt 0.8275 0.22
vt 0.8275 0.03
vt 0.811667 0.03
vt 0.625 0.375
vt 0.625 0.2895
vt 0.66775 0.300955
vt 0.8275 0.22
vt 0.843333 0.22
vt 0.843333 0.03
vt 0.8275 0.03
vt 0.625 0.375
vt 0.58225 0.300955
vt 0.625 0.2895
vt 0.843333 0.22
vt 0.859167 0.22
vt 0.859167 0.03
vt 0.843333 0.03
vt 0.625 0.375
vt 0.550955 0.33225
vt 0.58225 0.300955
vt 0.859167 0.22
vt 0.875 0.22
vt 0.875 0.03
vt 0.859167 0.03
vt 0.625 0.375
vt 0.5395 0.375
vt 0.550955 0.33225
vt 0.875 0.22
vt 0.890833 0.22
vt 0.890833 0.03
vt 0.875 0.03
vt 0.625 0.375
vt 0.550955 0.41775
vt 0.5395 0.375
vt 0.890833 0.22
vt 0.906667 0.22
vt 0.906667 0.03
vt 0.890833 0.03
vt 0.625 0.375
vt 0.58225 0.449045
vt 0.550955 0.41775
vt 0.906667 0.22
vt 0.9225 0.22
vt 0.9225 0.03
vt 0.906667 0.03
vt 0.625 0.375
vt 0.625 0.4605
vt 0.58225 0.449045
vt 0.9225 0.22
vt 0.938333 0.22
vt 0.938333 0.03
vt 0.9225 0.03
vt 0.625 0.375
vt 0.66775 0.449045
vt 0.625 0.4605
vt 0.938333 0.22
vt 0.954167 0.22
vt 0.954167 0.03
vt 0.938333 0.03
vt 0.625 0.375
vt 0.699045 0.41775
vt 0.66775 0.449045
vt 0.954167 0.22
vt 0.97 0.22
vt 0.97 0.03
vt 0.954167 0.03
vt 0.625 0.375
vt 0.7105 0.375
vt 0.699045 0.41775
vt 0.53 0.47
vt 0.541875 0.47
vt 0.541875 0.28
vt 0.53 0.28
vt 0.625 0.375
vt 0.703992 0.342281
vt 0.7105 0.375
vt 0.541875 0.47
vt 0.55375 0.47
vt 0.55375 0.28
vt 0.541875 0.28
vt 0.625 0.375
vt 0.685458 0.314542
vt 0.703992 0.342281
vt 0.55375 0.47
vt 0.565625 0.47
vt 0.565625 0.28
vt 0.55375 0.28
vt 0.625 0.375
vt 0.657719 0.296008
vt 0.685458 0.314542
vt 0.565625 0.47
vt 0.5775 0.47
vt 0.5775 0.28
vt 0.565625 0.28
vt 0.625 0.375
vt 0.625 0.2895
vt 0.657719 0.296008
vt 0.5775 0.47
vt 0.589375 0.47
vt 0.589375 0.28
vt 0.5775 0.28
vt 0.625 0.375
vt 0.592281 0.296008
vt 0.625 0.2895
vt 0.589375 0.47
vt 0.60125 0.47
vt 0.60125 0.28
vt 0.589375 0.28
vt 0.625 0.375
vt 0.564542 0.314542
vt 0.592281 0.296008
vt 0.60125 0.47
vt 0.613125 0.47
vt 0.613125 0.28
vt 0.60125 0.28
vt 0.625 0.375
vt 0.546008 0.342281
vt 0.564542 0.314542
vt 0.613125 0.47
vt 0.625 0.47
vt 0.625 0.28
vt 0.613125 0.28
vt 0.625 0.375
vt 0.5395 0.375
vt 0.546008 0.342281
vt 0.625 0.47
vt 0.636875 0.47
vt 0.636875 0.28
vt 0.625 0.28
vt 0.625 0.375
vt 0.546008 0.407719
vt 0.5395 0.375
vt 0.636875 0.47
vt 0.64875 0.47
vt 0.64875 0.28
vt 0.636875 0.28
vt 0.625 0.375
vt 0.564542 0.435458
vt 0.546008 0.407719
vt 0.64875 0.47
vt 0.660625 0.47
vt 0.660625 0.28
vt 0.64875 0.28
vt 0.625 0.375
vt 0.592281 0.453992
vt 0.564542 0.435458
vt 0.660625 0.47
vt 0.6725 0.47
vt 0.6725 0.28
vt 0.660625 0.28
vt 0.625 0.375
vt 0.625 0.4605
vt 0.592281 0.453992
vt 0.6725 0.47
vt 0.684375 0.47
vt 0.684375 0.28
vt 0.6725 0.28
vt 0.625 0.375
vt 0.657719 0.453992
vt 0.625 0.4605
vt 0.684375 0.47
vt 0.69625 0.47
vt 0.69625 0.28
vt 0.684375 0.28
vt 0.625 0.375
vt 0.685458 0.435458
vt 0.657719 0.453992
vt 0.69625 0.47
vt 0.708125 0.47
vt 0.708125 0.28
vt 0.69625 0.28
vt 0.625 0.375
vt 0.703992 0.407719
vt 0.685458 0.435458
vt 0.708125 0.47
vt 0.72 0.47
vt 0.72 0.28
vt 0.708125 0.28
vt 0.625 0.375
vt 0.7105 0.375
vt 0.703992 0.407719
vt 0.78 0.22
vt 0.795833 0.22
vt 0.795833 0.03
vt 0.78 0.03
vt 0.625 0.375
vt 0.699045 0.33225
vt 0.7105 0.375
vt 0.795833 0.22
vt 0.811667 0.22
vt 0.811667 0.03
vt 0.795833 0.03
vt 0.625 0.375
vt 0.66775 0.300955
vt 0.699045 0.33225
vt 0.811667 0.22
vt 0.8275 0.22
vt 0.8275 0.03
vt 0.811667 0.03
vt 0.625 0.375
vt 0.625 0.2895
vt 0.66775 0.300955
vt 0.8275 0.22
vt 0.843333 0.22
vt 0.843333 0.03
vt 0.8275 0.03
vt 0.625 0.375
vt 0.58225 0.300955
vt 0.625 0.2895
vt 0.843333 0.22
vt 0.859167 0.22
vt 0.859167 0.03
vt 0.843333 0.03
vt 0.625 0.375
vt 0.550955 0.33225
vt 0.58225 0.300955
vt 0.859167 0.22
vt 0.875 0.22
vt 0.875 0.03
vt 0.859167 0.03
vt 0.625 0.375
vt 0.5395 0.375
vt 0.550955 0.33225
vt 0.875 0.22
vt 0.890833 0.22
vt 0.890833 0.03
vt 0.875 0.03
vt 0.625 0.375
vt 0.550955 0.41775
vt 0.5395 0.375
vt 0.890833 0.22
vt 0.906667 0.22
vt 0.906667 0.03
vt 0.890833 0.03
vt 0.625 0.375
vt 0.58225 0.449045
vt 0.550955 0.41775
vt 0.906667 0.22
vt 0.9225 0.22
vt 0.9225 0.03
vt 0.906667 0.03
vt 0.625 0.375
vt 0.625 0.4605
vt 0.58225 0.449045
vt 0.9225 0.22
vt 0.938333 0.22
vt 0.938333 0.03
vt 0.9225 0.03
vt 0.625 0.375
vt 0.66775 0.449045
vt 0.625 0.4605
vt 0.938333 0.22
vt 0.954167 0.22
vt 0.954167 0.03
vt 0.938333 0.03
vt 0.625 0.375
vt 0.699045 0.41775
vt 0.66775 0.449045
vt 0.954167 0.22
vt 0.97 0.22
vt 0.97 0.03
vt 0.954167 0.03
vt 0.625 0.375
vt 0.7105 0.375
vt 0.699045 0.41775
vt 0.28 0.97
vt 0.47 0.97
vt 0.47 0.78
vt 0.28 0.78
vt 0.28 0.97
vt 0.47 0.97
vt 0.47 0.78
vt 0.28 0.78
vt 0.28 0.97
vt 0.47 0.97
vt 0.47 0.78
vt 0.28 0.78
vt 0.28 0.97
vt 0.47 0.97
vt 0.47 0.78
vt 0.28 0.78
vt 0.28 0.97
vt 0.47 0.97
vt 0.47 0.78
vt 0.28 0.78
vt 0.28 0.97
vt 0.47 0.97
vt 0.47 0.78
vt 0.28 0.78
vn 1 0 0
vn 1 0 0
vn 1 0 0
vn 1 0 0
vn -1 0 0
vn -1 0 0
vn -1 0 0
vn -1 0 0
vn 0 1 0
vn 0 1 0
vn 0 1 0
vn 0 1 0
vn 0 -1 0
vn 0 -1 0
vn 0 -1 0
vn 0 -1 0
vn 0 0 1
vn 0 0 1
vn 0 0 1
vn 0 0 1
vn 0 0 -1
vn 0 0 -1
vn 0 0 -1
vn 0 0 -1
vn 1 0 0
vn 1 0 0
vn 1 0 0
vn 1 0 0
vn -1 0 0
vn -1 0 0
vn -1 0 0
vn -1 0 0
vn 0 1 0
vn 0 1 0
vn 0 1 0
vn 0 1 0
vn 0 -1 0
vn 0 -1 0
vn 0 -1 0
vn 0 -1 0
vn 0 0 1
vn 0 0 1
vn 0 0 1
vn 0 0 1
vn 0 0 -1
vn 0 0 -1
vn 0 0 -1
vn 0 0 -1
vn 0.060286 0.980785 0.185542
vn 0.060286 0.980785 0.185542
vn 0.060286 0.980785 0.185542
vn 0.060286 0.980785 0.185542
vn -0.951057 0 0.309017
vn -0.951057 0 0.309017
vn -0.951057 0 0.309017
vn 0.171681 0.83147 0.528379
vn 0.171681 0.83147 0.528379
vn 0.171681 0.83147 0.528379
vn 0.171681 0.83147 0.528379
vn -0.951057 0 0.309017
vn -0.951057 0 0.309017
vn -0.951057 0 0.309017
vn 0.256938 0.55557 0.790775
vn 0.256938 0.55557 0.790775
vn 0.256938 0.55557 0.790775
vn 0.256938 0.55557 0.790775
vn -0.951057 0 0.309017
vn -0.951057 0 0.309017
vn -0.951057 0 0.309017
vn 0.303079 0.19509 0.932782
vn 0.303079 0.19509 0.932782
vn 0.303079 0.19509 0.932782
vn 0.303079 0.19509 0.932782
vn -0.951057 0 0.309017
vn -0.951057 0 0.309017
vn -0.951057 0 0.309017
vn 0.303079 -0.19509 0.932782
vn 0.303079 -0.19509 0.932782
vn 0.303079 -0.19509 0.932782
vn 0.303079 -0.19509 0.932782
vn -0.951057 0 0.309017
vn -0.951057 0 0.309017
vn -0.951057 0 0.309017
vn 0.256938 -0.55557 0.790775
vn 0.256938 -0.55557 0.790775
vn 0.256938 -0.55557 0.790775
vn 0.256938 -0.55557 0.790775
vn -0.951057 0 0.309017
vn -0.951057 0 0.309017
vn -0.951057 0 0.309017
vn 0.171681 -0.83147 0.528379
vn 0.171681 -0.83147 0.528379
vn 0.171681 -0.83147 0.528379
vn 0.171681 -0.83147 0.528379
vn -0.951057 0 0.309017
vn -0.951057 0 0.309017
vn -0.951057 0 0.309017
vn 0.060286 -0.980785 0.185542
vn 0.060286 -0.980785 0.185542
vn 0.060286 -0.980785 0.185542
vn 0.060286 -0.980785 0.185542
vn -0.951057 0 0.309017
vn -0.951057 0 0.309017
vn -0.951057 0 0.309017
vn -0.060286 -0.980785 -0.185542
vn -0.060286 -0.980785 -0.185542
vn -0.060286 -0.980785 -0.185542
vn -0.060286 -0.980785 -0.185542
vn -0.951057 0 0.309017
vn -0.951057 0 0.309017
vn -0.951057 0 0.309017
vn -0.171681 -0.83147 -0.528379
vn -0.171681 -0.83147 -0.528379
vn -0.171681 -0.83147 -0.528379
vn -0.171681 -0.83147 -0.528379
vn -0.951057 0 0.309017
vn -0.951057 0 0.309017
vn -0.951057 0 0.309017
vn -0.256938 -0.55557 -0.790775
vn -0.256938 -0.55557 -0.790775
vn -0.256938 -0.55557 -0.790775
vn -0.256938 -0.55557 -0.790775
vn -0.951057 0 0.309017
vn -0.951057 0 0.309017
vn -0.951057 0 0.309017
vn -0.303079 -0.19509 -0.932782
vn -0.303079 -0.19509 -0.932782
vn -0.303079 -0.19509 -0.932782
vn -0.303079 -0.19509 -0.932782
vn -0.951057 0 0.309017
vn -0.951057 0 0.309017
vn -0.951057 0 0.309017
vn -0.303079 0.19509 -0.932782
vn -0.303079 0.19509 -0.932782
vn -0.303079 0.19509 -0.932782
vn -0.303079 0.19509 -0.932782
vn -0.951057 0 0.309017
vn -0.951057 0 0.309017
vn -0.951057 0 0.309017
vn -0.256938 0.55557 -0.790775
vn -0.256938 0.55557 -0.790775
vn -0.256938 0.55557 -0.790775
vn -0.256938 0.55557 -0.790775
vn -0.951057 0 0.309017
vn -0.951057 0 0.309017
vn -0.951057 0 0.309017
vn -0.171681 0.83147 -0.528379
vn -0.171681 0.83147 -0.528379
vn -0.171681 0.83147 -0.528379
vn -0.171681 0.83147 -0.528379
vn -0.951057 0 0.309017
vn -0.951057 0 0.309017
vn -0.951057 0 0.309017
vn -0.060286 0.980785 -0.185542
vn -0.060286 0.980785 -0.185542
vn -0.060286 0.980785 -0.185542
vn -0.060286 0.980785 -0.185542
vn -0.951057 0 0.309017
vn -0.951057 0 0.309017
vn -0.951057 0 0.309017
vn 0.079979 0.965926 0.246152
vn 0.079979 0.965926 0.246152
vn 0.079979 0.965926 0.246152
vn 0.079979 0.965926 0.246152
vn -0.951057 0 0.309017
vn -0.951057 0 0.309017
vn -0.951057 0 0.309017
vn 0.218508 0.707107 0.672499
vn 0.218508 0.707107 0.672499
vn 0.218508 0.707107 0.672499
vn 0.218508 0.707107 0.672499
vn -0.951057 0 0.309017
vn -0.951057 0 0.309017
vn -0.951057 0 0.309017
vn 0.298487 0.258819 0.91865
vn 0.298487 0.258819 0.91865
vn 0.298487 0.258819 0.91865
vn 0.298487 0.258819 0.91865
vn -0.951057 0 0.309017
vn -0.951057 0 0.309017
vn -0.951057 0 0.309017
vn 0.298487 -0.258819 0.91865
vn 0.298487 -0.258819 0.91865
vn 0.298487 -0.258819 0.91865
vn 0.298487 -0.258819 0.91865
vn -0.951057 0 0.309017
vn -0.951057 0 0.309017
vn -0.951057 0 0.309017
vn 0.218508 -0.707107 0.672499
vn 0.218508 -0.707107 0.672499
vn 0.218508 -0.707107 0.672499
vn 0.218508 -0.707107 0.672499
vn -0.951057 0 0.309017
vn -0.951057 0 0.309017
vn -0.951057 0 0.309017
vn 0.079979 -0.965926 0.246152
vn 0.079979 -0.965926 0.246152
vn 0.079979 -0.965926 0.246152
vn 0.079979 -0.965926 0.246152
vn -0.951057 0 0.309017
vn -0.951057 0 0.309017
vn -0.951057 0 0.309017
vn -0.079979 -0.965926 -0.246152
vn -0.079979 -0.965926 -0.246152
vn -0.079979 -0.965926 -0.246152
vn -0.079979 -0.965926 -0.246152
vn -0.951057 0 0.309017
vn -0.951057 0 0.309017
vn -0.951057 0 0.309017
vn -0.218508 -0.707107 -0.672499
vn -0.218508 -0.707107 -0.672499
vn -0.218508 -0.707107 -0.672499
vn -0.218508 -0.707107 -0.672499
vn -0.951057 0 0.309017
vn -0.951057 0 0.309017
vn -0.951057 0 0.309017
vn -0.298487 -0.258819 -0.91865
vn -0.298487 -0.258819 -0.91865
vn -0.298487 -0.258819 -0.91865
vn -0.298487 -0.258819 -0.91865
vn -0.951057 0 0.309017
vn -0.951057 0 0.309017
vn -0.951057 0 0.309017
vn -0.298487 0.258819 -0.91865
vn -0.298487 0.258819 -0.91865
vn -0.298487 0.258819 -0.91865
vn -0.298487 0.258819 -0.91865
vn -0.951057 0 0.309017
vn -0.951057 0 0.309017
vn -0.951057 0 0.309017
vn -0.218508 0.707107 -0.672499
vn -0.218508 0.707107 -0.672499
vn -0.218508 0.707107 -0.672499
vn -0.218508 0.707107 -0.672499
vn -0.951057 0 0.309017
vn -0.951057 0 0.309017
vn -0.951057 0 0.309017
vn -0.079979 0.965926 -0.246152
vn -0.079979 0.965926 -0.246152
vn -0.079979 0.965926 -0.246152
vn -0.079979 0.965926 -0.246152
vn -0.951057 0 0.309017
vn -0.951057 0 0.309017
vn -0.951057 0 0.309017
vn 0.060286 0.980785 0.185542
vn 0.060286 0.980785 0.185542
vn 0.060286 0.980785 0.185542
vn 0.060286 0.980785 0.185542
vn -0.951057 0 0.309017
vn -0.951057 0 0.309017
vn -0.951057 0 0.309017
vn 0.171681 0.83147 0.528379
vn 0.171681 0.83147 0.528379
vn 0.171681 0.83147 0.528379
vn 0.171681 0.83147 0.528379
vn -0.951057 0 0.309017
vn -0.951057 0 0.309017
vn -0.951057 0 0.309017
vn 0.256938 0.55557 0.790775
vn 0.256938 0.55557 0.790775
vn 0.256938 0.55557 0.790775
vn 0.256938 0.55557 0.790775
vn -0.951057 0 0.309017
vn -0.951057 0 0.309017
vn -0.951057 0 0.309017
vn 0.303079 0.19509 0.932782
vn 0.303079 0.19509 0.932782
vn 0.303079 0.19509 0.932782
vn 0.303079 0.19509 0.932782
vn -0.951057 0 0.309017
vn -0.951057 0 0.309017
vn -0.951057 0 0.309017
vn 0.303079 -0.19509 0.932782
vn 0.303079 -0.19509 0.932782
vn 0.303079 -0.19509 0.932782
vn 0.303079 -0.19509 0.932782
vn -0.951057 0 0.309017
vn -0.951057 0 0.309017
vn -0.951057 0 0.309017
vn 0.256938 -0.55557 0.790775
vn 0.256938 -0.55557 0.790775
vn 0.256938 -0.55557 0.790775
vn 0.256938 -0.55557 0.790775
vn -0.951057 0 0.309017
vn -0.951057 0 0.309017
vn -0.951057 0 0.309017
vn 0.171681 -0.83147 0.528379
vn 0.171681 -0.83147 0.528379
vn 0.171681 -0.83147 0.528379
vn 0.171681 -0.83147 0.528379
vn -0.951057 0 0.309017
vn -0.951057 0 0.309017
vn -0.951057 0 0.309017
vn 0.060286 -0.980785 0.185542
vn 0.060286 -0.980785 0.185542
vn 0.060286 -0.980785 0.185542
vn 0.060286 -0.980785 0.185542
vn -0.951057 0 0.309017
vn -0.951057 0 0.309017
vn -0.951057 0 0.309017
vn -0.060286 -0.980785 -0.185542
vn -0.060286 -0.980785 -0.185542
vn -0.060286 -0.980785 -0.185542
vn -0.060286 -0.980785 -0.185542
vn -0.951057 0 0.309017
vn -0.951057 0 0.309017
vn -0.951057 0 0.309017
vn -0.171681 -0.83147 -0.528379
vn -0.171681 -0.83147 -0.528379
vn -0.171681 -0.83147 -0.528379
vn -0.171681 -0.83147 -0.528379
vn -0.951057 0 0.309017
vn -0.951057 0 0.309017
vn -0.951057 0 0.309017
vn -0.256938 -0.55557 -0.790775
vn -0.256938 -0.55557 -0.790775
vn -0.256938 -0.55557 -0.790775
vn -0.256938 -0.55557 -0.790775
vn -0.951057 0 0.309017
vn -0.951057 0 0.309017
vn -0.951057 0 0.309017
vn -0.303079 -0.19509 -0.932782
vn -0.303079 -0.19509 -0.932782
vn -0.303079 -0.19509 -0.932782
vn -0.303079 -0.19509 -0.932782
vn -0.951057 0 0.309017
vn -0.951057 0 0.309017
vn -0.951057 0 0.309017
vn -0.303079 0.19509 -0.932782
vn -0.303079 0.19509 -0.932782
vn -0.303079 0.19509 -0.932782
vn -0.303079 0.19509 -0.932782
vn -0.951057 0 0.309017
vn -0.951057 0 0.309017
vn -0.951057 0 0.309017
vn -0.256938 0.55557 -0.790775
vn -0.256938 0.55557 -0.790775
vn -0.256938 0.55557 -0.790775
vn -0.256938 0.55557 -0.790775
vn -0.951057 0 0.309017
vn -0.951057 0 0.309017
vn -0.951057 0 0.309017
vn -0.171681 0.83147 -0.528379
vn -0.171681 0.83147 -0.528379
vn -0.171681 0.83147 -0.528379
vn -0.171681 0.83147 -0.528379
vn -0.951057 0 0.309017
vn -0.951057 0 0.309017
vn -0.951057 0 0.309017
vn -0.060286 0.980785 -0.185542
vn -0.060286 0.980785 -0.185542
vn -0.060286 0.980785 -0.185542
vn -0.060286 0.980785 -0.185542
vn -0.951057 0 0.309017
vn -0.951057 0 0.309017
vn -0.951057 0 0.309017
vn 0.079979 0.965926 0.246152
vn 0.079979 0.965926 0.246152
vn 0.079979 0.965926 0.246152
vn 0.079979 0.965926 0.246152
vn -0.951057 0 0.309017
vn -0.951057 0 0.309017
vn -0.951057 0 0.309017
vn 0.218508 0.707107 0.672499
vn 0.218508 0.707107 0.672499
vn 0.218508 0.707107 0.672499
vn 0.218508 0.707107 0.672499
vn -0.951057 0 0.309017
vn -0.951057 0 0.309017
vn -0.951057 0 0.309017
vn 0.298487 0.258819 0.91865
vn 0.298487 0.258819 0.91865
vn 0.298487 0.258819 0.91865
vn 0.298487 0.258819 0.91865
vn -0.951057 0 0.309017
vn -0.951057 0 0.309017
vn -0.951057 0 0.309017
vn 0.298487 -0.258819 0.91865
vn 0.298487 -0.258819 0.91865
vn 0.298487 -0.258819 0.91865
vn 0.298487 -0.258819 0.91865
vn -0.951057 0 0.309017
vn -0.951057 0 0.309017
vn -0.951057 0 0.309017
vn 0.218508 -0.707107 0.672499
vn 0.218508 -0.707107 0.672499
vn 0.218508 -0.707107 0.672499
vn 0.218508 -0.707107 0.672499
vn -0.951057 0 0.309017
vn -0.951057 0 0.309017
vn -0.951057 0 0.309017
vn 0.079979 -0.965926 0.246152
vn 0.079979 -0.965926 0.246152
vn 0.079979 -0.965926 0.246152
vn 0.079979 -0.965926 0.246152
vn -0.951057 0 0.309017
vn -0.951057 0 0.309017
vn -0.951057 0 0.309017
vn -0.079979 -0.965926 -0.246152
vn -0.079979 -0.965926 -0.246152
vn -0.079979 -0.965926 -0.246152
vn -0.079979 -0.965926 -0.246152
vn -0.951057 0 0.309017
vn -0.951057 0 0.309017
vn -0.951057 0 0.309017
vn -0.218508 -0.707107 -0.672499
vn -0.218508 -0.707107 -0.672499
vn -0.218508 -0.707107 -0.672499
vn -0.218508 -0.707107 -0.672499
vn -0.951057 0 0.309017
vn -0.951057 0 0.309017
vn -0.951057 0 0.309017
vn -0.298487 -0.258819 -0.91865
vn -0.298487 -0.258819 -0.91865
vn -0.298487 -0.258819 -0.91865
vn -0.298487 -0.258819 -0.91865
vn -0.951057 0 0.309017
vn -0.951057 0 0.309017
vn -0.951057 0 0.309017
vn -0.298487 0.258819 -0.91865
vn -0.298487 0.258819 -0.91865
vn -0.298487 0.258819 -0.91865
vn -0.298487 0.258819 -0.91865
vn -0.951057 0 0.309017
vn -0.951057 0 0.309017
vn -0.951057 0 0.309017
vn -0.218508 0.707107 -0.672499
vn -0.218508 0.707107 -0.672499
vn -0.218508 0.707107 -0.672499
vn -0.218508 0.707107 -0.672499
vn -0.951057 0 0.309017
vn -0.951057 0 0.309017
vn -0.951057 0 0.309017
vn -0.079979 0.965926 -0.246152
vn -0.079979 0.965926 -0.246152
vn -0.079979 0.965926 -0.246152
vn -0.079979 0.965926 -0.246152
vn -0.951057 0 0.309017
vn -0.951057 0 0.309017
vn -0.951057 0 0.309017
vn 0.060286 0.980785 0.185542
vn 0.060286 0.980785 0.185542
vn 0.060286 0.980785 0.185542
vn 0.060286 0.980785 0.185542
vn -0.951057 0 0.309017
vn -0.951057 0 0.309017
vn -0.951057 0 0.309017
vn 0.171681 0.83147 0.528379
vn 0.171681 0.83147 0.528379
vn 0.171681 0.83147 0.528379
vn 0.171681 0.83147 0.528379
vn -0.951057 0 0.309017
vn -0.951057 0 0.309017
vn -0.951057 0 0.309017
vn 0.256938 0.55557 0.790775
vn 0.256938 0.55557 0.790775
vn 0.256938 0.55557 0.790775
vn 0.256938 0.55557 0.790775
vn -0.951057 0 0.309017
vn -0.951057 0 0.309017
vn -0.951057 0 0.309017
vn 0.303079 0.19509 0.932782
vn 0.303079 0.19509 0.932782
vn 0.303079 0.19509 0.932782
vn 0.303079 0.19509 0.932782
vn -0.951057 0 0.309017
vn -0.951057 0 0.309017
vn -0.951057 0 0.309017
vn 0.303079 -0.19509 0.932782
vn 0.303079 -0.19509 0.932782
vn 0.303079 -0.19509 0.932782
vn 0.303079 -0.19509 0.932782
vn -0.951057 0 0.309017
vn -0.951057 0 0.309017
vn -0.951057 0 0.309017
vn 0.256938 -0.55557 0.790775
vn 0.256938 -0.55557 0.790775
vn 0.256938 -0.55557 0.790775
vn 0.256938 -0.55557 0.790775
vn -0.951057 0 0.309017
vn -0.951057 0 0.309017
vn -0.951057 0 0.309017
vn 0.171681 -0.83147 0.528379
vn 0.171681 -0.83147 0.528379
vn 0.171681 -0.83147 0.528379
vn 0.171681 -0.83147 0.528379
vn -0.951057 0 0.309017
vn -0.951057 0 0.309017
vn -0.951057 0 0.309017
vn 0.060286 -0.980785 0.185542
vn 0.060286 -0.980785 0.185542
vn 0.060286 -0.980785 0.185542
vn 0.060286 -0.980785 0.185542
vn -0.951057 0 0.309017
vn -0.951057 0 0.309017
vn -0.951057 0 0.309017
vn -0.060286 -0.980785 -0.185542
vn -0.060286 -0.980785 -0.185542
vn -0.060286 -0.980785 -0.185542
vn -0.060286 -0.980785 -0.185542
vn -0.951057 0 0.309017
vn -0.951057 0 0.309017
vn -0.951057 0 0.309017
vn -0.171681 -0.83147 -0.528379
vn -0.171681 -0.83147 -0.528379
vn -0.171681 -0.83147 -0.528379
vn -0.171681 -0.83147 -0.528379
vn -0.951057 0 0.309017
vn -0.951057 0 0.309017
vn -0.951057 0 0.309017
vn -0.256938 -0.55557 -0.790775
vn -0.256938 -0.55557 -0.790775
vn -0.256938 -0.55557 -0.790775
vn -0.256938 -0.55557 -0.790775
vn -0.951057 0 0.309017
vn -0.951057 0 0.309017
vn -0.951057 0 0.309017
vn -0.303079 -0.19509 -0.932782
vn -0.303079 -0.19509 -0.932782
vn -0.303079 -0.19509 -0.932782
vn -0.303079 -0.19509 -0.932782
vn -0.951057 0 0.309017
vn -0.951057 0 0.309017
vn -0.951057 0 0.309017
vn -0.303079 0.19509 -0.932782
vn -0.303079 0.19509 -0.932782
vn -0.303079 0.19509 -0.932782
vn -0.303079 0.19509 -0.932782
vn -0.951057 0 0.309017
vn -0.951057 0 0.309017
vn -0.951057 0 0.309017
vn -0.256938 0.55557 -0.790775
vn -0.256938 0.55557 -0.790775
vn -0.256938 0.55557 -0.790775
vn -0.256938 0.55557 -0.790775
vn -0.951057 0 0.309017
vn -0.951057 0 0.309017
vn -0.951057 0 0.309017
vn -0.171681 0.83147 -0.528379
vn -0.171681 0.83147 -0.528379
vn -0.171681 0.83147 -0.528379
vn -0.171681 0.83147 -0.528379
vn -0.951057 0 0.309017
vn -0.951057 0 0.309017
vn -0.951057 0 0.309017
vn -0.060286 0.980785 -0.185542
vn -0.060286 0.980785 -0.185542
vn -0.060286 0.980785 -0.185542
vn -0.060286 0.980785 -0.185542
vn -0.951057 0 0.309017
vn -0.951057 0 0.309017
vn -0.951057 0 0.309017
vn 0.079979 0.965926 0.246152
vn 0.079979 0.965926 0.246152
vn 0.079979 0.965926 0.246152
vn 0.079979 0.965926 0.246152
vn -0.951057 0 0.309017
vn -0.951057 0 0.309017
vn -0.951057 0 0.309017
vn 0.218508 0.707107 0.672499
vn 0.218508 0.707107 0.672499
vn 0.218508 0.707107 0.672499
vn 0.218508 0.707107 0.672499
vn -0.951057 0 0.309017
vn -0.951057 0 0.309017
vn -0.951057 0 0.309017
vn 0.298487 0.258819 0.91865
vn 0.298487 0.258819 0.91865
vn 0.298487 0.258819 0.91865
vn 0.298487 0.258819 0.91865
vn -0.951057 0 0.309017
vn -0.951057 0 0.309017
vn -0.951057 0 0.309017
vn 0.298487 -0.258819 0.91865
vn 0.298487 -0.258819 0.91865
vn 0.298487 -0.258819 0.91865
vn 0.298487 -0.258819 0.91865
vn -0.951057 0 0.309017
vn -0.951057 0 0.309017
vn -0.951057 0 0.309017
vn 0.218508 -0.707107 0.672499
vn 0.218508 -0.707107 0.672499
vn 0.218508 -0.707107 0.672499
vn 0.218508 -0.707107 0.672499
vn -0.951057 0 0.309017
vn -0.951057 0 0.309017
vn -0.951057 0 0.309017
vn 0.079979 -0.965926 0.246152
vn 0.079979 -0.965926 0.246152
vn 0.079979 -0.965926 0.246152
vn 0.079979 -0.965926 0.246152
vn -0.951057 0 0.309017
vn -0.951057 0 0.309017
vn -0.951057 0 0.309017
vn -0.079979 -0.965926 -0.246152
vn -0.079979 -0.965926 -0.246152
vn -0.079979 -0.965926 -0.246152
vn -0.079979 -0.965926 -0.246152
vn -0.951057 0 0.309017
vn -0.951057 0 0.309017
vn -0.951057 0 0.309017
vn -0.218508 -0.707107 -0.672499
vn -0.218508 -0.707107 -0.672499
vn -0.218508 -0.707107 -0.672499
vn -0.218508 -0.707107 -0.672499
vn -0.951057 0 0.309017
vn -0.951057 0 0.309017
vn -0.951057 0 0.309017
vn -0.298487 -0.258819 -0.91865
vn -0.298487 -0.258819 -0.91865
vn -0.298487 -0.258819 -0.91865
vn -0.298487 -0.258819 -0.91865
vn -0.951057 0 0.309017
vn -0.951057 0 0.309017
vn -0.951057 0 0.309017
vn -0.298487 0.258819 -0.91865
vn -0.298487 0.258819 -0.91865
vn -0.298487 0.258819 -0.91865
vn -0.298487 0.258819 -0.91865
vn -0.951057 0 0.309017
vn -0.951057 0 0.309017
vn -0.951057 0 0.309017
vn -0.218508 0.707107 -0.672499
vn -0.218508 0.707107 -0.672499
vn -0.218508 0.707107 -0.672499
vn -0.218508 0.707107 -0.672499
vn -0.951057 0 0.309017
vn -0.951057 0 0.309017
vn -0.951057 0 0.309017
vn -0.079979 0.965926 -0.246152
vn -0.079979 0.965926 -0.246152
vn -0.079979 0.965926 -0.246152
vn -0.079979 0.965926 -0.246152
vn -0.951057 0 0.309017
vn -0.951057 0 0.309017
vn -0.951057 0 0.309017
vn 0.060286 0.980785 0.185542
vn 0.060286 0.980785 0.185542
vn 0.060286 0.980785 0.185542
vn 0.060286 0.980785 0.185542
vn -0.951057 0 0.309017
vn -0.951057 0 0.309017
vn -0.951057 0 0.309017
vn 0.171681 0.83147 0.528379
vn 0.171681 0.83147 0.528379
vn 0.171681 0.83147 0.528379
vn 0.171681 0.83147 0.528379
vn -0.951057 0 0.309017
vn -0.951057 0 0.309017
vn -0.951057 0 0.309017
vn 0.256938 0.55557 0.790775
vn 0.256938 0.55557 0.790775
vn 0.256938 0.55557 0.790775
vn 0.256938 0.55557 0.790775
vn -0.951057 0 0.309017
vn -0.951057 0 0.309017
vn -0.951057 0 0.309017
vn 0.303079 0.19509 0.932782
vn 0.303079 0.19509 0.932782
vn 0.303079 0.19509 0.932782
vn 0.303079 0.19509 0.932782
vn -0.951057 0 0.309017
vn -0.951057 0 0.309017
vn -0.951057 0 0.309017
vn 0.303079 -0.19509 0.932782
vn 0.303079 -0.19509 0.932782
vn 0.303079 -0.19509 0.932782
vn 0.303079 -0.19509 0.932782
vn -0.951057 0 0.309017
vn -0.951057 0 0.309017
vn -0.951057 0 0.309017
vn 0.256938 -0.55557 0.790775
vn 0.256938 -0.55557 0.790775
vn 0.256938 -0.55557 0.790775
vn 0.256938 -0.55557 0.790775
vn -0.951057 0 0.309017
vn -0.951057 0 0.309017
vn -0.951057 0 0.309017
vn 0.171681 -0.83147 0.528379
vn 0.171681 -0.83147 0.528379
vn 0.171681 -0.83147 0.528379
vn 0.171681 -0.83147 0.528379
vn -0.951057 0 0.309017
vn -0.951057 0 0.309017
vn -0.951057 0 0.309017
vn 0.060286 -0.980785 0.185542
vn 0.060286 -0.980785 0.185542
vn 0.060286 -0.980785 0.185542
vn 0.060286 -0.980785 0.185542
vn -0.951057 0 0.309017
vn -0.951057 0 0.309017
vn -0.951057 0 0.309017
vn -0.060286 -0.980785 -0.185542
vn -0.060286 -0.980785 -0.185542
vn -0.060286 -0.980785 -0.185542
vn -0.060286 -0.980785 -0.185542
vn -0.951057 0 0.309017
vn -0.951057 0 0.309017
vn -0.951057 0 0.309017
vn -0.171681 -0.83147 -0.528379
vn -0.171681 -0.83147 -0.528379
vn -0.171681 -0.83147 -0.528379
vn -0.171681 -0.83147 -0.528379
vn -0.951057 0 0.309017
vn -0.951057 0 0.309017
vn -0.951057 0 0.309017
vn -0.256938 -0.55557 -0.790775
vn -0.256938 -0.55557 -0.790775
vn -0.256938 -0.55557 -0.790775
vn -0.256938 -0.55557 -0.790775
vn -0.951057 0 0.309017
vn -0.951057 0 0.309017
vn -0.951057 0 0.309017
vn -0.303079 -0.19509 -0.932782
vn -0.303079 -0.19509 -0.932782
vn -0.303079 -0.19509 -0.932782
vn -0.303079 -0.19509 -0.932782
vn -0.951057 0 0.309017
vn -0.951057 0 0.309017
vn -0.951057 0 0.309017
vn -0.303079 0.19509 -0.932782
vn -0.303079 0.19509 -0.932782
vn -0.303079 0.19509 -0.932782
vn -0.303079 0.19509 -0.932782
vn -0.951057 0 0.309017
vn -0.951057 0 0.309017
vn -0.951057 0 0.309017
vn -0.256938 0.55557 -0.790775
vn -0.256938 0.55557 -0.790775
vn -0.256938 0.55557 -0.790775
vn -0.256938 0.55557 -0.790775
vn -0.951057 0 0.309017
vn -0.951057 0 0.309017
vn -0.951057 0 0.309017
vn -0.171681 0.83147 -0.528379
vn -0.171681 0.83147 -0.528379
vn -0.171681 0.83147 -0.528379
vn -0.171681 0.83147 -0.528379
vn -0.951057 0 0.309017
vn -0.951057 0 0.309017
vn -0.951057 0 0.309017
vn -0.060286 0.980785 -0.185542
vn -0.060286 0.980785 -0.185542
vn -0.060286 0.980785 -0.185542
vn -0.060286 0.980785 -0.185542
vn -0.951057 0 0.309017
vn -0.951057 0 0.309017
vn -0.951057 0 0.309017
vn 0.079979 0.965926 0.246152
vn 0.079979 0.965926 0.246152
vn 0.079979 0.965926 0.246152
vn 0.079979 0.965926 0.246152
vn -0.951057 0 0.309017
vn -0.951057 0 0.309017
vn -0.951057 0 0.309017
vn 0.218508 0.707107 0.672499
vn 0.218508 0.707107 0.672499
vn 0.218508 0.707107 0.672499
vn 0.218508 0.707107 0.672499
vn -0.951057 0 0.309017
vn -0.951057 0 0.309017
vn -0.951057 0 0.309017
vn 0.298487 0.258819 0.91865
vn 0.298487 0.258819 0.91865
vn 0.298487 0.258819 0.91865
vn 0.298487 0.258819 0.91865
vn -0.951057 0 0.309017
vn -0.951057 0 0.309017
vn -0.951057 0 0.309017
vn 0.298487 -0.258819 0.91865
vn 0.298487 -0.258819 0.91865
vn 0.298487 -0.258819 0.91865
vn 0.298487 -0.258819 0.91865
vn -0.951057 0 0.309017
vn -0.951057 0 0.309017
vn -0.951057 0 0.309017
vn 0.218508 -0.707107 0.672499
vn 0.218508 -0.707107 0.672499
vn 0.218508 -0.707107 0.672499
vn 0.218508 -0.707107 0.672499
vn -0.951057 0 0.309017
vn -0.951057 0 0.309017
vn -0.951057 0 0.309017
vn 0.079979 -0.965926 0.246152
vn 0.079979 -0.965926 0.246152
vn 0.079979 -0.965926 0.246152
vn 0.079979 -0.965926 0.246152
vn -0.951057 0 0.309017
vn -0.951057 0 0.309017
vn -0.951057 0 0.309017
vn -0.079979 -0.965926 -0.246152
vn -0.079979 -0.965926 -0.246152
vn -0.079979 -0.965926 -0.246152
vn -0.079979 -0.965926 -0.246152
vn -0.951057 0 0.309017
vn -0.951057 0 0.309017
vn -0.951057 0 0.309017
vn -0.218508 -0.707107 -0.672499
vn -0.218508 -0.707107 -0.672499
vn -0.218508 -0.707107 -0.672499
vn -0.218508 -0.707107 -0.672499
vn -0.951057 0 0.309017
vn -0.951057 0 0.309017
vn -0.951057 0 0.309017
vn -0.298487 -0.258819 -0.91865
vn -0.298487 -0.258819 -0.91865
vn -0.298487 -0.258819 -0.91865
vn -0.298487 -0.258819 -0.91865
vn -0.951057 0 0.309017
vn -0.951057 0 0.309017
vn -0.951057 0 0.309017
vn -0.298487 0.258819 -0.91865
vn -0.298487 0.258819 -0.91865
vn -0.298487 0.258819 -0.91865
vn -0.298487 0.258819 -0.91865
vn -0.951057 0 0.309017
vn -0.951057 0 0.309017
vn -0.951057 0 0.309017
vn -0.218508 0.707107 -0.672499
vn -0.218508 0.707107 -0.672499
vn -0.218508 0.707107 -0.672499
vn -0.218508 0.707107 -0.672499
vn -0.951057 0 0.309017
vn -0.951057 0 0.309017
vn -0.951057 0 0.309017
vn -0.079979 0.965926 -0.246152
vn -0.079979 0.965926 -0.246152
vn -0.079979 0.965926 -0.246152
vn -0.079979 0.965926 -0.246152
vn -0.951057 0 0.309017
vn -0.951057 0 0.309017
vn -0.951057 0 0.309017
vn 1 0 0
vn 1 0 0
vn 1 0 0
vn 1 0 0
vn -1 0 0
vn -1 0 0
vn -1 0 0
vn -1 0 0
vn 0 1 0
vn 0 1 0
vn 0 1 0
vn 0 1 0
vn 0 -1 0
vn 0 -1 0
vn 0 -1 0
vn 0 -1 0
vn 0 0 1
vn 0 0 1
vn 0 0 1
vn 0 0 1
vn 0 0 -1
vn 0 0 -1
vn 0 0 -1
vn 0 0 -1
f 2325/2325/2325 2326/2326/2326 2327/2327/2327
f 2325/2325/2325 2327/2327/2327 2328/2328/2328
f 2329/2329/2329 2330/2330/2330 2331/2331/2331
f 2329/2329/2329 2331/2331/2331 2332/2332/2332
f 2333/2333/2333 2334/2334/2334 2335/2335/2335
f 2333/2333/2333 2335/2335/2335 2336/2336/2336
f 2337/2337/2337 2338/2338/2338 2339/2339/2339
f 2337/2337/2337 2339/2339/2339 2340/2340/2340
f 2341/2341/2341 2342/2342/2342 2343/2343/2343
f 2341/2341/2341 2343/2343/2343 2344/2344/2344
f 2345/2345/2345 2346/2346/2346 2347/2347/2347
f 2345/2345/2345 2347/2347/2347 2348/2348/2348
f 2349/2349/2349 2350/2350/2350 2351/2351/2351
f 2349/2349/2349 2351/2351/2351 2352/2352/2352
f 2353/2353/2353 2354/2354/2354 2355/2355/2355
f 2353/2353/2353 2355/2355/2355 2356/2356/2356
f 2357/2357/2357 2358/2358/2358 2359/2359/2359
f 2357/2357/2357 2359/2359/2359 2360/2360/2360
f 2361/2361/2361 2362/2362/2362 2363/2363/2363
f 2361/2361/2361 2363/2363/2363 2364/2364/2364
f 2365/2365/2365 2366/2366/2366 2367/2367/2367
f 2365/2365/2365 2367/2367/2367 2368/2368/2368
f 2369/2369/2369 2370/2370/2370 2371/2371/2371
f 2369/2369/2369 2371/2371/2371 2372/2372/2372
f 2373/2373/2373 2374/2374/2374 2375/2375/2375
f 2373/2373/2373 2375/2375/2375 2376/2376/2376
f 2377/2377/2377 2378/2378/2378 2379/2379/2379
f 2380/2380/2380 2381/2381/2381 2382/2382/2382
f 2380/2380/2380 2382/2382/2382 2383/2383/2383
f 2384/2384/2384 2385/2385/2385 2386/2386/2386
f 2387/2387/2387 2388/2388/2388 2389/2389/2389
f 2387/2387/2387 2389/2389/2389 2390/2390/2390
f 2391/2391/2391 2392/2392/2392 2393/2393/2393
f 2394/2394/2394 2395/2395/2395 2396/2396/2396
f 2394/2394/2394 2396/2396/2396 2397/2397/2397
f 2398/2398/2398 2399/2399/2399 2400/2400/2400
f 2401/2401/2401 2402/2402/2402 2403/2403/2403
f 2401/2401/2401 2403/2403/2403 2404/2404/2404
f 2405/2405/2405 2406/2406/2406 2407/2407/2407
f 2408/2408/2408 2409/2409/2409 2410/2410/2410
f 2408/2408/2408 2410/2410/2410 2411/2411/2411
f 2412/2412/2412 2413/2413/2413 2414/2414/2414
f 2415/2415/2415 2416/2416/2416 2417/2417/2417
f 2415/2415/2415 2417/2417/2417 2418/2418/2418
f 2419/2419/2419 2420/2420/2420 2421/2421/2421
f 2422/2422/2422 2423/2423/2423 2424/2424/2424
f 2422/2422/2422 2424/2424/2424 2425/2425/2425
f 2426/2426/2426 2427/2427/2427 2428/2428/2428
f 2429/2429/2429 2430/2430/2430 2431/2431/2431
f 2429/2429/2429 2431/2431/2431 2432/2432/2432
f 2433/2433/2433 2434/2434/2434 2435/2435/2435
f 2436/2436/2436 2437/2437/2437 2438/2438/2438
f 2436/2436/2436 2438/2438/2438 2439/2439/2439
f 2440/2440/2440 2441/2441/2441 2442/2442/2442
f 2443/2443/2443 2444/2444/2444 2445/2445/2445
f 2443/2443/2443 2445/2445/2445 2446/2446/2446
f 2447/2447/2447 2448/2448/2448 2449/2449/2449
f 2450/2450/2450 2451/2451/2451 2452/2452/2452
f 2450/2450/2450 2452/2452/2452 2453/2453/2453
f 2454/2454/2454 2455/2455/2455 2456/2456/2456
f 2457/2457/2457 2458/2458/2458 2459/2459/2459
f 2457/2457/2457 2459/2459/2459 2460/2460/2460
f 2461/2461/2461 2462/2462/2462 2463/2463/2463
f 2464/2464/2464 2465/2465/2465 2466/2466/2466
f 2464/2464/2464 2466/2466/2466 2467/2467/2467
f 2468/2468/2468 2469/2469/2469 2470/2470/2470
f 2471/2471/2471 2472/2472/2472 2473/2473/2473
f 2471/2471/2471 2473/2473/2473 2474/2474/2474
f 2475/2475/2475 2476/2476/2476 2477/2477/2477
f 2478/2478/2478 2479/2479/2479 2480/2480/2480
f 2478/2478/2478 2480/2480/2480 2481/2481/2481
f 2482/2482/2482 2483/2483/2483 2484/2484/2484
f 2485/2485/2485 2486/2486/2486 2487/2487/2487
f 2485/2485/2485 2487/2487/2487 2488/2488/2488
f 2489/2489/2489 2490/2490/2490 2491/2491/2491
f 2492/2492/2492 2493/2493/2493 2494/2494/2494
f 2492/2492/2492 2494/2494/2494 2495/2495/2495
f 2496/2496/2496 2497/2497/2497 2498/2498/2498
f 2499/2499/2499 2500/2500/2500 2501/2501/2501
f 2499/2499/2499 2501/2501/2501 2502/2502/2502
f 2503/2503/2503 2504/2504/2504 2505/2505/2505
f 2506/2506/2506 2507/2507/2507 2508/2508/2508
f 2506/2506/2506 2508/2508/2508 2509/2509/2509
f 2510/2510/2510 2511/2511/2511 2512/2512/2512
f 2513/2513/2513 2514/2514/2514 2515/2515/2515
f 2513/2513/2513 2515/2515/2515 2516/2516/2516
f 2517/2517/2517 2518/2518/2518 2519/2519/2519
f 2520/2520/2520 2521/2521/2521 2522/2522/2522
f 2520/2520/2520 2522/2522/2522 2523/2523/2523
f 2524/2524/2524 2525/2525/2525 2526/2526/2526
f 2527/2527/2527 2528/2528/2528 2529/2529/2529
f 2527/2527/2527 2529/2529/2529 2530/2530/2530
f 2531/2531/2531 2532/2532/2532 2533/2533/2533
f 2534/2534/2534 2535/2535/2535 2536/2536/2536
f 2534/2534/2534 2536/2536/2536 2537/2537/2537
f 2538/2538/2538 2539/2539/2539 2540/2540/2540
f 2541/2541/2541 2542/2542/2542 2543/2543/2543
f 2541/2541/2541 2543/2543/2543 2544/2544/2544
f 2545/2545/2545 2546/2546/2546 2547/2547/2547
f 2548/2548/2548 2549/2549/2549 2550/2550/2550
f 2548/2548/2548 2550/2550/2550 2551/2551/2551
f 2552/2552/2552 2553/2553/2553 2554/2554/2554
f 2555/2555/2555 2556/2556/2556 2557/2557/2557
f 2555/2555/2555 2557/2557/2557 2558/2558/2558
f 2559/2559/2559 2560/2560/2560 2561/2561/2561
f 2562/2562/2562 2563/2563/2563 2564/2564/2564
f 2562/2562/2562 2564/2564/2564 2565/2565/2565
f 2566/2566/2566 2567/2567/2567 2568/2568/2568
f 2569/2569/2569 2570/2570/2570 2571/2571/2571
f 2569/2569/2569 2571/2571/2571 2572/2572/2572
f 2573/2573/2573 2574/2574/2574 2575/2575/2575
f 2576/2576/2576 2577/2577/2577 2578/2578/2578
f 2576/2576/2576 2578/2578/2578 2579/2579/2579
f 2580/2580/2580 2581/2581/2581 2582/2582/2582
f 2583/2583/2583 2584/2584/2584 2585/2585/2585
f 2583/2583/2583 2585/2585/2585 2586/2586/2586
f 2587/2587/2587 2588/2588/2588 2589/2589/2589
f 2590/2590/2590 2591/2591/2591 2592/2592/2592
f 2590/2590/2590 2592/2592/2592 2593/2593/2593
f 2594/2594/2594 2595/2595/2595 2596/2596/2596
f 2597/2597/2597 2598/2598/2598 2599/2599/2599
f 2597/2597/2597 2599/2599/2599 2600/2600/2600
f 2601/2601/2601 2602/2602/2602 2603/2603/2603
f 2604/2604/2604 2605/2605/2605 2606/2606/2606
f 2604/2604/2604 2606/2606/2606 2607/2607/2607
f 2608/2608/2608 2609/2609/2609 2610/2610/2610
f 2611/2611/2611 2612/2612/2612 2613/2613/2613
f 2611/2611/2611 2613/2613/2613 2614/2614/2614
f 2615/2615/2615 2616/2616/2616 2617/2617/2617
f 2618/2618/2618 2619/2619/2619 2620/2620/2620
f 2618/2618/2618 2620/2620/2620 2621/2621/2621
f 2622/2622/2622 2623/2623/2623 2624/2624/2624
f 2625/2625/2625 2626/2626/2626 2627/2627/2627
f 2625/2625/2625 2627/2627/2627 2628/2628/2628
f 2629/2629/2629 2630/2630/2630 2631/2631/2631
f 2632/2632/2632 2633/2633/2633 2634/2634/2634
f 2632/2632/2632 2634/2634/2634 2635/2635/2635
f 2636/2636/2636 2637/2637/2637 2638/2638/2638
f 2639/2639/2639 2640/2640/2640 2641/2641/2641
f 2639/2639/2639 2641/2641/2641 2642/2642/2642
f 2643/2643/2643 2644/2644/2644 2645/2645/2645
f 2646/2646/2646 2647/2647/2647 2648/2648/2648
f 2646/2646/2646 2648/2648/2648 2649/2649/2649
f 2650/2650/2650 2651/2651/2651 2652/2652/2652
f 2653/2653/2653 2654/2654/2654 2655/2655/2655
f 2653/2653/2653 2655/2655/2655 2656/2656/2656
f 2657/2657/2657 2658/2658/2658 2659/2659/2659
f 2660/2660/2660 2661/2661/2661 2662/2662/2662
f 2660/2660/2660 2662/2662/2662 2663/2663/2663
f 2664/2664/2664 2665/2665/2665 2666/2666/2666
f 2667/2667/2667 2668/2668/2668 2669/2669/2669
f 2667/2667/2667 2669/2669/2669 2670/2670/2670
f 2671/2671/2671 2672/2672/2672 2673/2673/2673
f 2674/2674/2674 2675/2675/2675 2676/2676/2676
f 2674/2674/2674 2676/2676/2676 2677/2677/2677
f 2678/2678/2678 2679/2679/2679 2680/2680/2680
f 2681/2681/2681 2682/2682/2682 2683/2683/2683
f 2681/2681/2681 2683/2683/2683 2684/2684/2684
f 2685/2685/2685 2686/2686/2686 2687/2687/2687
f 2688/2688/2688 2689/2689/2689 2690/2690/2690
f 2688/2688/2688 2690/2690/2690 2691/2691/2691
f 2692/2692/2692 2693/2693/2693 2694/2694/2694
f 2695/2695/2695 2696/2696/2696 2697/2697/2697
f 2695/2695/2695 2697/2697/2697 2698/2698/2698
f 2699/2699/2699 2700/2700/2700 2701/2701/2701
f 2702/2702/2702 2703/2703/2703 2704/2704/2704
f 2702/2702/2702 2704/2704/2704 2705/2705/2705
f 2706/2706/2706 2707/2707/2707 2708/2708/2708
f 2709/2709/2709 2710/2710/2710 2711/2711/2711
f 2709/2709/2709 2711/2711/2711 2712/2712/2712
f 2713/2713/2713 2714/2714/2714 2715/2715/2715
f 2716/2716/2716 2717/2717/2717 2718/2718/2718
f 2716/2716/2716 2718/2718/2718 2719/2719/2719
f 2720/2720/2720 2721/2721/2721 2722/2722/2722
f 2723/2723/2723 2724/2724/2724 2725/2725/2725
f 2723/2723/2723 2725/2725/2725 2726/2726/2726
f 2727/2727/2727 2728/2728/2728 2729/2729/2729
f 2730/2730/2730 2731/2731/2731 2732/2732/2732
f 2730/2730/2730 2732/2732/2732 2733/2733/2733
f 2734/2734/2734 2735/2735/2735 2736/2736/2736
f 2737/2737/2737 2738/2738/2738 2739/2739/2739
f 2737/2737/2737 2739/2739/2739 2740/2740/2740
f 2741/2741/2741 2742/2742/2742 2743/2743/2743
f 2744/2744/2744 2745/2745/2745 2746/2746/2746
f 2744/2744/2744 2746/2746/2746 2747/2747/2747
f 2748/2748/2748 2749/2749/2749 2750/2750/2750
f 2751/2751/2751 2752/2752/2752 2753/2753/2753
f 2751/2751/2751 2753/2753/2753 2754/2754/2754
f 2755/2755/2755 2756/2756/2756 2757/2757/2757
f 2758/2758/2758 2759/2759/2759 2760/2760/2760
f 2758/2758/2758 2760/2760/2760 2761/2761/2761
f 2762/2762/2762 2763/2763/2763 2764/2764/2764
f 2765/2765/2765 2766/2766/2766 2767/2767/2767
f 2765/2765/2765 2767/2767/2767 2768/2768/2768
f 2769/2769/2769 2770/2770/2770 2771/2771/2771
f 2772/2772/2772 2773/2773/2773 2774/2774/2774
f 2772/2772/2772 2774/2774/2774 2775/2775/2775
f 2776/2776/2776 2777/2777/2777 2778/2778/2778
f 2779/2779/2779 2780/2780/2780 2781/2781/2781
f 2779/2779/2779 2781/2781/2781 2782/2782/2782
f 2783/2783/2783 2784/2784/2784 2785/2785/2785
f 2786/2786/2786 2787/2787/2787 2788/2788/2788
f 2786/2786/2786 2788/2788/2788 2789/2789/2789
f 2790/2790/2790 2791/2791/2791 2792/2792/2792
f 2793/2793/2793 2794/2794/2794 2795/2795/2795
f 2793/2793/2793 2795/2795/2795 2796/2796/2796
f 2797/2797/2797 2798/2798/2798 2799/2799/2799
f 2800/2800/2800 2801/2801/2801 2802/2802/2802
f 2800/2800/2800 2802/2802/2802 2803/2803/2803
f 2804/2804/2804 2805/2805/2805 2806/2806/2806
f 2807/2807/2807 2808/2808/2808 2809/2809/2809
f 2807/2807/2807 2809/2809/2809 2810/2810/2810
f 2811/2811/2811 2812/2812/2812 2813/2813/2813
f 2814/2814/2814 2815/2815/2815 2816/2816/2816
f 2814/2814/2814 2816/2816/2816 2817/2817/2817
f 2818/2818/2818 2819/2819/2819 2820/2820/2820
f 2821/2821/2821 2822/2822/2822 2823/2823/2823
f 2821/2821/2821 2823/2823/2823 2824/2824/2824
f 2825/2825/2825 2826/2826/2826 2827/2827/2827
f 2828/2828/2828 2829/2829/2829 2830/2830/2830
f 2828/2828/2828 2830/2830/2830 2831/2831/2831
f 2832/2832/2832 2833/2833/2833 2834/2834/2834
f 2835/2835/2835 2836/2836/2836 2837/2837/2837
f 2835/2835/2835 2837/2837/2837 2838/2838/2838
f 2839/2839/2839 2840/2840/2840 2841/2841/2841
f 2842/2842/2842 2843/2843/2843 2844/2844/2844
f 2842/2842/2842 2844/2844/2844 2845/2845/2845
f 2846/2846/2846 2847/2847/2847 2848/2848/2848
f 2849/2849/2849 2850/2850/2850 2851/2851/2851
f 2849/2849/2849 2851/2851/2851 2852/2852/2852
f 2853/2853/2853 2854/2854/2854 2855/2855/2855
f 2856/2856/2856 2857/2857/2857 2858/2858/2858
f 2856/2856/2856 2858/2858/2858 2859/2859/2859
f 2860/2860/2860 2861/2861/2861 2862/2862/2862
f 2863/2863/2863 2864/2864/2864 2865/2865/2865
f 2863/2863/2863 2865/2865/2865 2866/2866/2866
f 2867/2867/2867 2868/2868/2868 2869/2869/2869
f 2870/2870/2870 2871/2871/2871 2872/2872/2872
f 2870/2870/2870 2872/2872/2872 2873/2873/2873
f 2874/2874/2874 2875/2875/2875 2876/2876/2876
f 2877/2877/2877 2878/2878/2878 2879/2879/2879
f 2877/2877/2877 2879/2879/2879 2880/2880/2880
f 2881/2881/2881 2882/2882/2882 2883/2883/2883
f 2884/2884/2884 2885/2885/2885 2886/2886/2886
f 2884/2884/2884 2886/2886/2886 2887/2887/2887
f 2888/2888/2888 2889/2889/2889 2890/2890/2890
f 2891/2891/2891 2892/2892/2892 2893/2893/2893
f 2891/2891/2891 2893/2893/2893 2894/2894/2894
f 2895/2895/2895 2896/2896/2896 2897/2897/2897
f 2898/2898/2898 2899/2899/2899 2900/2900/2900
f 2898/2898/2898 2900/2900/2900 2901/2901/2901
f 2902/2902/2902 2903/2903/2903 2904/2904/2904
f 2905/2905/2905 2906/2906/2906 2907/2907/2907
f 2905/2905/2905 2907/2907/2907 2908/2908/2908
f 2909/2909/2909 2910/2910/2910 2911/2911/2911
f 2912/2912/2912 2913/2913/2913 2914/2914/2914
f 2912/2912/2912 2914/2914/2914 2915/2915/2915
f 2916/2916/2916 2917/2917/2917 2918/2918/2918
f 2919/2919/2919 2920/2920/2920 2921/2921/2921
f 2919/2919/2919 2921/2921/2921 2922/2922/2922
f 2923/2923/2923 2924/2924/2924 2925/2925/2925
f 2926/2926/2926 2927/2927/2927 2928/2928/2928
f 2926/2926/2926 2928/2928/2928 2929/2929/2929
f 2930/2930/2930 2931/2931/2931 2932/2932/2932
f 2933/2933/2933 2934/2934/2934 2935/2935/2935
f 2933/2933/2933 2935/2935/2935 2936/2936/2936
f 2937/2937/2937 2938/2938/2938 2939/2939/2939
f 2940/2940/2940 2941/2941/2941 2942/2942/2942
f 2940/2940/2940 2942/2942/2942 2943/2943/2943
f 2944/2944/2944 2945/2945/2945 2946/2946/2946
f 2947/2947/2947 2948/2948/2948 2949/2949/2949
f 2947/2947/2947 2949/2949/2949 2950/2950/2950
f 2951/2951/2951 2952/2952/2952 2953/2953/2953
f 2954/2954/2954 2955/2955/2955 2956/2956/2956
f 2954/2954/2954 2956/2956/2956 2957/2957/2957
f 2958/2958/2958 2959/2959/2959 2960/2960/2960
f 2961/2961/2961 2962/2962/2962 2963/2963/2963
f 2961/2961/2961 2963/2963/2963 2964/2964/2964
f 2965/2965/2965 2966/2966/2966 2967/2967/2967
f 2968/2968/2968 2969/2969/2969 2970/2970/2970
f 2968/2968/2968 2970/2970/2970 2971/2971/2971
f 2972/2972/2972 2973/2973/2973 2974/2974/2974
f 2975/2975/2975 2976/2976/2976 2977/2977/2977
f 2975/2975/2975 2977/2977/2977 2978/2978/2978
f 2979/2979/2979 2980/2980/2980 2981/2981/2981
f 2982/2982/2982 2983/2983/2983 2984/2984/2984
f 2982/2982/2982 2984/2984/2984 2985/2985/2985
f 2986/2986/2986 2987/2987/2987 2988/2988/2988
f 2989/2989/2989 2990/2990/2990 2991/2991/2991
f 2989/2989/2989 2991/2991/2991 2992/2992/2992
f 2993/2993/2993 2994/2994/2994 2995/2995/2995
f 2996/2996/2996 2997/2997/2997 2998/2998/2998
f 2996/2996/2996 2998/2998/2998 2999/2999/2999
f 3000/3000/3000 3001/3001/3001 3002/3002/3002
f 3003/3003/3003 3004/3004/3004 3005/3005/3005
f 3003/3003/3003 3005/3005/3005 3006/3006/3006
f 3007/3007/3007 3008/3008/3008 3009/3009/3009
f 3010/3010/3010 3011/3011/3011 3012/3012/3012
f 3010/3010/3010 3012/3012/3012 3013/3013/3013
f 3014/3014/3014 3015/3015/3015 3016/3016/3016
f 3017/3017/3017 3018/3018/3018 3019/3019/3019
f 3017/3017/3017 3019/3019/3019 3020/3020/3020
f 3021/3021/3021 3022/3022/3022 3023/3023/3023
f 3024/3024/3024 3025/3025/3025 3026/3026/3026
f 3024/3024/3024 3026/3026/3026 3027/3027/3027
f 3028/3028/3028 3029/3029/3029 3030/3030/3030
f 3031/3031/3031 3032/3032/3032 3033/3033/3033
f 3031/3031/3031 3033/3033/3033 3034/3034/3034
f 3035/3035/3035 3036/3036/3036 3037/3037/3037
f 3038/3038/3038 3039/3039/3039 3040/3040/3040
f 3038/3038/3038 3040/3040/3040 3041/3041/3041
f 3042/3042/3042 3043/3043/3043 3044/3044/3044
f 3045/3045/3045 3046/3046/3046 3047/3047/3047
f 3045/3045/3045 3047/3047/3047 3048/3048/3048
f 3049/3049/3049 3050/3050/3050 3051/3051/3051
f 3052/3052/3052 3053/3053/3053 3054/3054/3054
f 3052/3052/3052 3054/3054/3054 3055/3055/3055
f 3056/3056/3056 3057/3057/3057 3058/3058/3058
f 3059/3059/3059 3060/3060/3060 3061/3061/3061
f 3059/3059/3059 3061/3061/3061 3062/3062/3062
f 3063/3063/3063 3064/3064/3064 3065/3065/3065
f 3066/3066/3066 3067/3067/3067 3068/3068/3068
f 3066/3066/3066 3068/3068/3068 3069/3069/3069
f 3070/3070/3070 3071/3071/3071 3072/3072/3072
f 3073/3073/3073 3074/3074/3074 3075/3075/3075
f 3073/3073/3073 3075/3075/3075 3076/3076/3076
f 3077/3077/3077 3078/3078/3078 3079/3079/3079
f 3080/3080/3080 3081/3081/3081 3082/3082/3082
f 3080/3080/3080 3082/3082/3082 3083/3083/3083
f 3084/3084/3084 3085/3085/3085 3086/3086/3086
f 3087/3087/3087 3088/3088/3088 3089/3089/3089
f 3087/3087/3087 3089/3089/3089 3090/3090/3090
f 3091/3091/3091 3092/3092/3092 3093/3093/3093
f 3094/3094/3094 3095/3095/3095 3096/3096/3096
f 3094/3094/3094 3096/3096/3096 3097/3097/3097
f 3098/3098/3098 3099/3099/3099 3100/3100/3100
f 3101/3101/3101 3102/3102/3102 3103/3103/3103
f 3101/3101/3101 3103/3103/3103 3104/3104/3104
f 3105/3105/3105 3106/3106/3106 3107/3107/3107
f 3108/3108/3108 3109/3109/3109 3110/3110/3110
f 3108/3108/3108 3110/3110/3110 3111/3111/3111
f 3112/3112/3112 3113/3113/3113 3114/3114/3114
f 3115/3115/3115 3116/3116/3116 3117/3117/3117
f 3115/3115/3115 3117/3117/3117 3118/3118/3118
f 3119/3119/3119 3120/3120/3120 3121/3121/3121
f 3122/3122/3122 3123/3123/3123 3124/3124/3124
f 3122/3122/3122 3124/3124/3124 3125/3125/3125
f 3126/3126/3126 3127/3127/3127 3128/3128/3128
f 3129/3129/3129 3130/3130/3130 3131/3131/3131
f 3129/3129/3129 3131/3131/3131 3132/3132/3132
f 3133/3133/3133 3134/3134/3134 3135/3135/3135
f 3136/3136/3136 3137/3137/3137 3138/3138/3138
f 3136/3136/3136 3138/3138/3138 3139/3139/3139
f 3140/3140/3140 3141/3141/3141 3142/3142/3142
f 3143/3143/3143 3144/3144/3144 3145/3145/3145
f 3143/3143/3143 3145/3145/3145 3146/3146/3146
f 3147/3147/3147 3148/3148/3148 3149/3149/3149
f 3150/3150/3150 3151/3151/3151 3152/3152/3152
f 3150/3150/3150 3152/3152/3152 3153/3153/3153
f 3154/3154/3154 3155/3155/3155 3156/3156/3156
f 3157/3157/3157 3158/3158/3158 3159/3159/3159
f 3157/3157/3157 3159/3159/3159 3160/3160/3160
f 3161/3161/3161 3162/3162/3162 3163/3163/3163
f 3161/3161/3161 3163/3163/3163 3164/3164/3164
f 3165/3165/3165 3166/3166/3166 3167/3167/3167
f 3165/3165/3165 3167/3167/3167 3168/3168/3168
f 3169/3169/3169 3170/3170/3170 3171/3171/3171
f 3169/3169/3169 3171/3171/3171 3172/3172/3172
f 3173/3173/3173 3174/3174/3174 3175/3175/3175
f 3173/3173/3173 3175/3175/3175 3176/3176/3176
f 3177/3177/3177 3178/3178/3178 3179/3179/3179
f 3177/3177/3177 3179/3179/3179 3180/3180/3180
o TIRE_LF
usemtl ObjectsGDI
v 16.2 9.3 4.2
v 16.2 11.7 4.2
v 16.056888 11.7 5.28704
v 16.056888 9.3 5.28704
v 12 11.7 4.2
v 16.056888 11.7 5.28704
v 16.2 11.7 4.2
v 16.056888 9.3 5.28704
v 16.056888 11.7 5.28704
v 15.637307 11.7 6.3
v 15.637307 9.3 6.3
v 12 11.7 4.2
v 15.637307 11.7 6.3
v 16.056888 11.7 5.28704
v 15.637307 9.3 6.3
v 15.637307 11.7 6.3
v 14.969848 11.7 7.169848
v 14.969848 9.3 7.169848
v 12 11.7 4.2
v 14.969848 11.7 7.169848
v 15.637307 11.7 6.3
v 14.969848 9.3 7.169848
v 14.969848 11.7 7.169848
v 14.1 11.7 7.837307
v 14.1 9.3 7.837307
v 12 11.7 4.2
v 14.1 11.7 7.837307
v 14.969848 11.7 7.169848
v 14.1 9.3 7.837307
v 14.1 11.7 7.837307
v 13.08704 11.7 8.256888
v 13.08704 9.3 8.256888
v 12 11.7 4.2
v 13.08704 11.7 8.256888
v 14.1 11.7 7.837307
v 13.08704 9.3 8.256888
v 13.08704 11.7 8.256888
v 12 11.7 8.4
v 12 9.3 8.4
v 12 11.7 4.2
v 12 11.7 8.4
v 13.08704 11.7 8.256888
v 12 9.3 8.4
v 12 11.7 8.4
v 10.91296 11.7 8.256888
v 10.91296 9.3 8.256888
v 12 11.7 4.2
v 10.91296 11.7 8.256888
v 12 11.7 8.4
v 10.91296 9.3 8.256888
v 10.91296 11.7 8.256888
v 9.9 11.7 7.837307
v 9.9 9.3 7.837307
v 12 11.7 4.2
v 9.9 11.7 7.837307
v 10.91296 11.7 8.256888
v 9.9 9.3 7.837307
v 9.9 11.7 7.837307
v 9.030152 11.7 7.169848
v 9.030152 9.3 7.169848
v 12 11.7 4.2
v 9.030152 11.7 7.169848
v 9.9 11.7 7.837307
v 9.030152 9.3 7.169848
v 9.030152 11.7 7.169848
v 8.362693 11.7 6.3
v 8.362693 9.3 6.3
v 12 11.7 4.2
v 8.362693 11.7 6.3
v 9.030152 11.7 7.169848
v 8.362693 9.3 6.3
v 8.362693 11.7 6.3
v 7.943112 11.7 5.28704
v 7.943112 9.3 5.28704
v 12 11.7 4.2
v 7.943112 11.7 5.28704
v 8.362693 11.7 6.3
v 7.943112 9.3 5.28704
v 7.943112 11.7 5.28704
v 7.8 11.7 4.2
v 7.8 9.3 4.2
v 12 11.7 4.2
v 7.8 11.7 4.2
v 7.943112 11.7 5.28704
v 7.8 9.3 4.2
v 7.8 11.7 4.2
v 7.943112 11.7 3.11296
v 7.943112 9.3 3.11296
v 12 11.7 4.2
v 7.943112 11.7 3.11296
v 7.8 11.7 4.2
v 7.943112 9.3 3.11296
v 7.943112 11.7 3.11296
v 8.362693 11.7 2.1
v 8.362693 9.3 2.1
v 12 11.7 4.2
v 8.362693 11.7 2.1
v 7.943112 11.7 3.11296
v 8.362693 9.3 2.1
v 8.362693 11.7 2.1
v 9.030152 11.7 1.230152
v 9.030152 9.3 1.230152
v 12 11.7 4.2
v 9.030152 11.7 1.230152
v 8.362693 11.7 2.1
v 9.030152 9.3 1.230152
v 9.030152 11.7 1.230152
v 9.9 11.7 0.562693
v 9.9 9.3 0.562693
v 12 11.7 4.2
v 9.9 11.7 0.562693
v 9.030152 11.7 1.230152
v 9.9 9.3 0.562693
v 9.9 11.7 0.562693
v 10.91296 11.7 0.143112
v 10.91296 9.3 0.143112
v 12 11.7 4.2
v 10.91296 11.7 0.143112
v 9.9 11.7 0.562693
v 10.91296 9.3 0.143112
v 10.91296 11.7 0.143112
v 12 11.7 0
v 12 9.3 0
v 12 11.7 4.2
v 12 11.7 0
v 10.91296 11.7 0.143112
v 12 9.3 0
v 12 11.7 0
v 13.08704 11.7 0.143112
v 13.08704 9.3 0.143112
v 12 11.7 4.2
v 13.08704 11.7 0.143112
v 12 11.7 0
v 13.08704 9.3 0.143112
v 13.08704 11.7 0.143112
v 14.1 11.7 0.562693
v 14.1 9.3 0.562693
v 12 11.7 4.2
v 14.1 11.7 0.562693
v 13.08704 11.7 0.143112
v 14.1 9.3 0.562693
v 14.1 11.7 0.562693
v 14.969848 11.7 1.230152
v 14.969848 9.3 1.230152
v 12 11.7 4.2
v 14.969848 11.7 1.230152
v 14.1 11.7 0.562693
v 14.969848 9.3 1.230152
v 14.969848 11.7 1.230152
v 15.637307 11.7 2.1
v 15.637307 9.3 2.1
v 12 11.7 4.2
v 15.637307 11.7 2.1
v 14.969848 11.7 1.230152
v 15.637307 9.3 2.1
v 15.637307 11.7 2.1
v 16.056888 11.7 3.11296
v 16.056888 9.3 3.11296
v 12 11.7 4.2
v 16.056888 11.7 3.11296
v 15.637307 11.7 2.1
v 16.056888 9.3 3.11296
v 16.056888 11.7 3.11296
v 16.2 11.7 4.2
v 16.2 9.3 4.2
v 12 11.7 4.2
v 16.2 11.7 4.2
v 16.056888 11.7 3.11296
vt 0.28 0.47
vt 0.28 0.28
vt 0.287917 0.28
vt 0.287917 0.47
vt 0.875 0.875
vt 0.957587 0.852871
vt 0.9605 0.875
vt 0.287917 0.47
vt 0.287917 0.28
vt 0.295833 0.28
vt 0.295833 0.47
vt 0.875 0.875
vt 0.949045 0.83225
vt 0.957587 0.852871
vt 0.295833 0.47
vt 0.295833 0.28
vt 0.30375 0.28
vt 0.30375 0.47
vt 0.875 0.875
vt 0.935458 0.814542
vt 0.949045 0.83225
vt 0.30375 0.47
vt 0.30375 0.28
vt 0.311667 0.28
vt 0.311667 0.47
vt 0.875 0.875
vt 0.91775 0.800955
vt 0.935458 0.814542
vt 0.311667 0.47
vt 0.311667 0.28
vt 0.319583 0.28
vt 0.319583 0.47
vt 0.875 0.875
vt 0.897129 0.792413
vt 0.91775 0.800955
vt 0.319583 0.47
vt 0.319583 0.28
vt 0.3275 0.28
vt 0.3275 0.47
vt 0.875 0.875
vt 0.875 0.7895
vt 0.897129 0.792413
vt 0.3275 0.47
vt 0.3275 0.28
vt 0.335417 0.28
vt 0.335417 0.47
vt 0.875 0.875
vt 0.852871 0.792413
vt 0.875 0.7895
vt 0.335417 0.47
vt 0.335417 0.28
vt 0.343333 0.28
vt 0.343333 0.47
vt 0.875 0.875
vt 0.83225 0.800955
vt 0.852871 0.792413
vt 0.343333 0.47
vt 0.343333 0.28
vt 0.35125 0.28
vt 0.35125 0.47
vt 0.875 0.875
vt 0.814542 0.814542
vt 0.83225 0.800955
vt 0.35125 0.47
vt 0.35125 0.28
vt 0.359167 0.28
vt 0.359167 0.47
vt 0.875 0.875
vt 0.800955 0.83225
vt 0.814542 0.814542
vt 0.359167 0.47
vt 0.359167 0.28
vt 0.367083 0.28
vt 0.367083 0.47
vt 0.875 0.875
vt 0.792413 0.852871
vt 0.800955 0.83225
vt 0.367083 0.47
vt 0.367083 0.28
vt 0.375 0.28
vt 0.375 0.47
vt 0.875 0.875
vt 0.7895 0.875
vt 0.792413 0.852871
vt 0.375 0.47
vt 0.375 0.28
vt 0.382917 0.28
vt 0.382917 0.47
vt 0.875 0.875
vt 0.792413 0.897129
vt 0.7895 0.875
vt 0.382917 0.47
vt 0.382917 0.28
vt 0.390833 0.28
vt 0.390833 0.47
vt 0.875 0.875
vt 0.800955 0.91775
vt 0.792413 0.897129
vt 0.390833 0.47
vt 0.390833 0.28
vt 0.39875 0.28
vt 0.39875 0.47
vt 0.875 0.875
vt 0.814542 0.935458
vt 0.800955 0.91775
vt 0.39875 0.47
vt 0.39875 0.28
vt 0.406667 0.28
vt 0.406667 0.47
vt 0.875 0.875
vt 0.83225 0.949045
vt 0.814542 0.935458
vt 0.406667 0.47
vt 0.406667 0.28
vt 0.414583 0.28
vt 0.414583 0.47
vt 0.875 0.875
vt 0.852871 0.957587
vt 0.83225 0.949045
vt 0.414583 0.47
vt 0.414583 0.28
vt 0.4225 0.28
vt 0.4225 0.47
vt 0.875 0.875
vt 0.875 0.9605
vt 0.852871 0.957587
vt 0.4225 0.47
vt 0.4225 0.28
vt 0.430417 0.28
vt 0.430417 0.47
vt 0.875 0.875
vt 0.897129 0.957587
vt 0.875 0.9605
vt 0.430417 0.47
vt 0.430417 0.28
vt 0.438333 0.28
vt 0.438333 0.47
vt 0.875 0.875
vt 0.91775 0.949045
vt 0.897129 0.957587
vt 0.438333 0.47
vt 0.438333 0.28
vt 0.44625 0.28
vt 0.44625 0.47
vt 0.875 0.875
vt 0.935458 0.935458
vt 0.91775 0.949045
vt 0.44625 0.47
vt 0.44625 0.28
vt 0.454167 0.28
vt 0.454167 0.47
vt 0.875 0.875
vt 0.949045 0.91775
vt 0.935458 0.935458
vt 0.454167 0.47
vt 0.454167 0.28
vt 0.462083 0.28
vt 0.462083 0.47
vt 0.875 0.875
vt 0.957587 0.897129
vt 0.949045 0.91775
vt 0.462083 0.47
vt 0.462083 0.28
vt 0.47 0.28
vt 0.47 0.47
vt 0.875 0.875
vt 0.9605 0.875
vt 0.957587 0.897129
vn 0.991445 0 0.130526
vn 0.991445 0 0.130526
vn 0.991445 0 0.130526
vn 0.991445 0 0.130526
vn 0 1 0
vn 0 1 0
vn 0 1 0
vn 0.92388 0 0.382683
vn 0.92388 0 0.382683
vn 0.92388 0 0.382683
vn 0.92388 0 0.382683
vn 0 1 0
vn 0 1 0
vn 0 1 0
vn 0.793353 0 0.608761
vn 0.793353 0 0.608761
vn 0.793353 0 0.608761
vn 0.793353 0 0.608761
vn 0 1 0
vn 0 1 0
vn 0 1 0
vn 0.608761 0 0.793353
vn 0.608761 0 0.793353
vn 0.608761 0 0.793353
vn 0.608761 0 0.793353
vn 0 1 0
vn 0 1 0
vn 0 1 0
vn 0.382683 0 0.92388
vn 0.382683 0 0.92388
vn 0.382683 0 0.92388
vn 0.382683 0 0.92388
vn 0 1 0
vn 0 1 0
vn 0 1 0
vn 0.130526 0 0.991445
vn 0.130526 0 0.991445
vn 0.130526 0 0.991445
vn 0.130526 0 0.991445
vn 0 1 0
vn 0 1 0
vn 0 1 0
vn -0.130526 0 0.991445
vn -0.130526 0 0.991445
vn -0.130526 0 0.991445
vn -0.130526 0 0.991445
vn 0 1 0
vn 0 1 0
vn 0 1 0
vn -0.382683 0 0.92388
vn -0.382683 0 0.92388
vn -0.382683 0 0.92388
vn -0.382683 0 0.92388
vn 0 1 0
vn 0 1 0
vn 0 1 0
vn -0.608761 0 0.793353
vn -0.608761 0 0.793353
vn -0.608761 0 0.793353
vn -0.608761 0 0.793353
vn 0 1 0
vn 0 1 0
vn 0 1 0
vn -0.793353 0 0.608761
vn -0.793353 0 0.608761
vn -0.793353 0 0.608761
vn -0.793353 0 0.608761
vn 0 1 0
vn 0 1 0
vn 0 1 0
vn -0.92388 0 0.382683
vn -0.92388 0 0.382683
vn -0.92388 0 0.382683
vn -0.92388 0 0.382683
vn 0 1 0
vn 0 1 0
vn 0 1 0
vn -0.991445 0 0.130526
vn -0.991445 0 0.130526
vn -0.991445 0 0.130526
vn -0.991445 0 0.130526
vn 0 1 0
vn 0 1 0
vn 0 1 0
vn -0.991445 0 -0.130526
vn -0.991445 0 -0.130526
vn -0.991445 0 -0.130526
vn -0.991445 0 -0.130526
vn 0 1 0
vn 0 1 0
vn 0 1 0
vn -0.92388 0 -0.382683
vn -0.92388 0 -0.382683
vn -0.92388 0 -0.382683
vn -0.92388 0 -0.382683
vn 0 1 0
vn 0 1 0
vn 0 1 0
vn -0.793353 0 -0.608761
vn -0.793353 0 -0.608761
vn -0.793353 0 -0.608761
vn -0.793353 0 -0.608761
vn 0 1 0
vn 0 1 0
vn 0 1 0
vn -0.608761 0 -0.793353
vn -0.608761 0 -0.793353
vn -0.608761 0 -0.793353
vn -0.608761 0 -0.793353
vn 0 1 0
vn 0 1 0
vn 0 1 0
vn -0.382683 0 -0.92388
vn -0.382683 0 -0.92388
vn -0.382683 0 -0.92388
vn -0.382683 0 -0.92388
vn 0 1 0
vn 0 1 0
vn 0 1 0
vn -0.130526 0 -0.991445
vn -0.130526 0 -0.991445
vn -0.130526 0 -0.991445
vn -0.130526 0 -0.991445
vn 0 1 0
vn 0 1 0
vn 0 1 0
vn 0.130526 0 -0.991445
vn 0.130526 0 -0.991445
vn 0.130526 0 -0.991445
vn 0.130526 0 -0.991445
vn 0 1 0
vn 0 1 0
vn 0 1 0
vn 0.382683 0 -0.92388
vn 0.382683 0 -0.92388
vn 0.382683 0 -0.92388
vn 0.382683 0 -0.92388
vn 0 1 0
vn 0 1 0
vn 0 1 0
vn 0.608761 0 -0.793353
vn 0.608761 0 -0.793353
vn 0.608761 0 -0.793353
vn 0.608761 0 -0.793353
vn 0 1 0
vn 0 1 0
vn 0 1 0
vn 0.793353 0 -0.608761
vn 0.793353 0 -0.608761
vn 0.793353 0 -0.608761
vn 0.793353 0 -0.608761
vn 0 1 0
vn 0 1 0
vn 0 1 0
vn 0.92388 0 -0.382683
vn 0.92388 0 -0.382683
vn 0.92388 0 -0.382683
vn 0.92388 0 -0.382683
vn 0 1 0
vn 0 1 0
vn 0 1 0
vn 0.991445 0 -0.130526
vn 0.991445 0 -0.130526
vn 0.991445 0 -0.130526
vn 0.991445 0 -0.130526
vn 0 1 0
vn 0 1 0
vn 0 1 0
f 3181/3181/3181 3182/3182/3182 3183/3183/3183
f 3181/3181/3181 3183/3183/3183 3184/3184/3184
f 3185/3185/3185 3186/3186/3186 3187/3187/3187
f 3188/3188/3188 3189/3189/3189 3190/3190/3190
f 3188/3188/3188 3190/3190/3190 3191/3191/3191
f 3192/3192/3192 3193/3193/3193 3194/3194/3194
f 3195/3195/3195 3196/3196/3196 3197/3197/3197
f 3195/3195/3195 3197/3197/3197 3198/3198/3198
f 3199/3199/3199 3200/3200/3200 3201/3201/3201
f 3202/3202/3202 3203/3203/3203 3204/3204/3204
f 3202/3202/3202 3204/3204/3204 3205/3205/3205
f 3206/3206/3206 3207/3207/3207 3208/3208/3208
f 3209/3209/3209 3210/3210/3210 3211/3211/3211
f 3209/3209/3209 3211/3211/3211 3212/3212/3212
f 3213/3213/3213 3214/3214/3214 3215/3215/3215
f 3216/3216/3216 3217/3217/3217 3218/3218/3218
f 3216/3216/3216 3218/3218/3218 3219/3219/3219
f 3220/3220/3220 3221/3221/3221 3222/3222/3222
f 3223/3223/3223 3224/3224/3224 3225/3225/3225
f 3223/3223/3223 3225/3225/3225 3226/3226/3226
f 3227/3227/3227 3228/3228/3228 3229/3229/3229
f 3230/3230/3230 3231/3231/3231 3232/3232/3232
f 3230/3230/3230 3232/3232/3232 3233/3233/3233
f 3234/3234/3234 3235/3235/3235 3236/3236/3236
f 3237/3237/3237 3238/3238/3238 3239/3239/3239
f 3237/3237/3237 3239/3239/3239 3240/3240/3240
f 3241/3241/3241 3242/3242/3242 3243/3243/3243
f 3244/3244/3244 3245/3245/3245 3246/3246/3246
f 3244/3244/3244 3246/3246/3246 3247/3247/3247
f 3248/3248/3248 3249/3249/3249 3250/3250/3250
f 3251/3251/3251 3252/3252/3252 3253/3253/3253
f 3251/3251/3251 3253/3253/3253 3254/3254/3254
f 3255/3255/3255 3256/3256/3256 3257/3257/3257
f 3258/3258/3258 3259/3259/3259 3260/3260/3260
f 3258/3258/3258 3260/3260/3260 3261/3261/3261
f 3262/3262/3262 3263/3263/3263 3264/3264/3264
f 3265/3265/3265 3266/3266/3266 3267/3267/3267
f 3265/3265/3265 3267/3267/3267 3268/3268/3268
f 3269/3269/3269 3270/3270/3270 3271/3271/3271
f 3272/3272/3272 3273/3273/3273 3274/3274/3274
f 3272/3272/3272 3274/3274/3274 3275/3275/3275
f 3276/3276/3276 3277/3277/3277 3278/3278/3278
f 3279/3279/3279 3280/3280/3280 3281/3281/3281
f 3279/3279/3279 3281/3281/3281 3282/3282/3282
f 3283/3283/3283 3284/3284/3284 3285/3285/3285
f 3286/3286/3286 3287/3287/3287 3288/3288/3288
f 3286/3286/3286 3288/3288/3288 3289/3289/3289
f 3290/3290/3290 3291/3291/3291 3292/3292/3292
f 3293/3293/3293 3294/3294/3294 3295/3295/3295
f 3293/3293/3293 3295/3295/3295 3296/3296/3296
f 3297/3297/3297 3298/3298/3298 3299/3299/3299
f 3300/3300/3300 3301/3301/3301 3302/3302/3302
f 3300/3300/3300 3302/3302/3302 3303/3303/3303
f 3304/3304/3304 3305/3305/3305 3306/3306/3306
f 3307/3307/3307 3308/3308/3308 3309/3309/3309
f 3307/3307/3307 3309/3309/3309 3310/3310/3310
f 3311/3311/3311 3312/3312/3312 3313/3313/3313
f 3314/3314/3314 3315/3315/3315 3316/3316/3316
f 3314/3314/3314 3316/3316/3316 3317/3317/3317
f 3318/3318/3318 3319/3319/3319 3320/3320/3320
f 3321/3321/3321 3322/3322/3322 3323/3323/3323
f 3321/3321/3321 3323/3323/3323 3324/3324/3324
f 3325/3325/3325 3326/3326/3326 3327/3327/3327
f 3328/3328/3328 3329/3329/3329 3330/3330/3330
f 3328/3328/3328 3330/3330/3330 3331/3331/3331
f 3332/3332/3332 3333/3333/3333 3334/3334/3334
f 3335/3335/3335 3336/3336/3336 3337/3337/3337
f 3335/3335/3335 3337/3337/3337 3338/3338/3338
f 3339/3339/3339 3340/3340/3340 3341/3341/3341
f 3342/3342/3342 3343/3343/3343 3344/3344/3344
f 3342/3342/3342 3344/3344/3344 3345/3345/3345
f 3346/3346/3346 3347/3347/3347 3348/3348/3348
o TIRE_RF
usemtl ObjectsGDI
v 16.2 -11.7 4.2
v 16.2 -9.3 4.2
v 16.056888 -9.3 5.28704
v 16.056888 -11.7 5.28704
v 12 -11.7 4.2
v 16.2 -11.7 4.2
v 16.056888 -11.7 5.28704
v 16.056888 -11.7 5.28704
v 16.056888 -9.3 5.28704
v 15.637307 -9.3 6.3
v 15.637307 -11.7 6.3
v 12 -11.7 4.2
v 16.056888 -11.7 5.28704
v 15.637307 -11.7 6.3
v 15.637307 -11.7 6.3
v 15.637307 -9.3 6.3
v 14.969848 -9.3 7.169848
v 14.969848 -11.7 7.169848
v 12 -11.7 4.2
v 15.637307 -11.7 6.3
v 14.969848 -11.7 7.169848
v 14.969848 -11.7 7.169848
v 14.969848 -9.3 7.169848
v 14.1 -9.3 7.837307
v 14.1 -11.7 7.837307
v 12 -11.7 4.2
v 14.969848 -11.7 7.169848
v 14.1 -11.7 7.837307
v 14.1 -11.7 7.837307
v 14.1 -9.3 7.837307
v 13.08704 -9.3 8.256888
v 13.08704 -11.7 8.256888
v 12 -11.7 4.2
v 14.1 -11.7 7.837307
v 13.08704 -11.7 8.256888
v 13.08704 -11.7 8.256888
v 13.08704 -9.3 8.256888
v 12 -9.3 8.4
v 12 -11.7 8.4
v 12 -11.7 4.2
v 13.08704 -11.7 8.256888
v 12 -11.7 8.4
v 12 -11.7 8.4
v 12 -9.3 8.4
v 10.91296 -9.3 8.256888
v 10.91296 -11.7 8.256888
v 12 -11.7 4.2
v 12 -11.7 8.4
v 10.91296 -11.7 8.256888
v 10.91296 -11.7 8.256888
v 10.91296 -9.3 8.256888
v 9.9 -9.3 7.837307
v 9.9 -11.7 7.837307
v 12 -11.7 4.2
v 10.91296 -11.7 8.256888
v 9.9 -11.7 7.837307
v 9.9 -11.7 7.837307
v 9.9 -9.3 7.837307
v 9.030152 -9.3 7.169848
v 9.030152 -11.7 7.169848
v 12 -11.7 4.2
v 9.9 -11.7 7.837307
v 9.030152 -11.7 7.169848
v 9.030152 -11.7 7.169848
v 9.030152 -9.3 7.169848
v 8.362693 -9.3 6.3
v 8.362693 -11.7 6.3
v 12 -11.7 4.2
v 9.030152 -11.7 7.169848
v 8.362693 -11.7 6.3
v 8.362693 -11.7 6.3
v 8.362693 -9.3 6.3
v 7.943112 -9.3 5.28704
v 7.943112 -11.7 5.28704
v 12 -11.7 4.2
v 8.362693 -11.7 6.3
v 7.943112 -11.7 5.28704
v 7.943112 -11.7 5.28704
v 7.943112 -9.3 5.28704
v 7.8 -9.3 4.2
v 7.8 -11.7 4.2
v 12 -11.7 4.2
v 7.943112 -11.7 5.28704
v 7.8 -11.7 4.2
v 7.8 -11.7 4.2
v 7.8 -9.3 4.2
v 7.943112 -9.3 3.11296
v 7.943112 -11.7 3.11296
v 12 -11.7 4.2
v 7.8 -11.7 4.2
v 7.943112 -11.7 3.11296
v 7.943112 -11.7 3.11296
v 7.943112 -9.3 3.11296
v 8.362693 -9.3 2.1
v 8.362693 -11.7 2.1
v 12 -11.7 4.2
v 7.943112 -11.7 3.11296
v 8.362693 -11.7 2.1
v 8.362693 -11.7 2.1
v 8.362693 -9.3 2.1
v 9.030152 -9.3 1.230152
v 9.030152 -11.7 1.230152
v 12 -11.7 4.2
v 8.362693 -11.7 2.1
v 9.030152 -11.7 1.230152
v 9.030152 -11.7 1.230152
v 9.030152 -9.3 1.230152
v 9.9 -9.3 0.562693
v 9.9 -11.7 0.562693
v 12 -11.7 4.2
v 9.030152 -11.7 1.230152
v 9.9 -11.7 0.562693
v 9.9 -11.7 0.562693
v 9.9 -9.3 0.562693
v 10.91296 -9.3 0.143112
v 10.91296 -11.7 0.143112
v 12 -11.7 4.2
v 9.9 -11.7 0.562693
v 10.91296 -11.7 0.143112
v 10.91296 -11.7 0.143112
v 10.91296 -9.3 0.143112
v 12 -9.3 0
v 12 -11.7 0
v 12 -11.7 4.2
v 10.91296 -11.7 0.143112
v 12 -11.7 0
v 12 -11.7 0
v 12 -9.3 0
v 13.08704 -9.3 0.143112
v 13.08704 -11.7 0.143112
v 12 -11.7 4.2
v 12 -11.7 0
v 13.08704 -11.7 0.143112
v 13.08704 -11.7 0.143112
v 13.08704 -9.3 0.143112
v 14.1 -9.3 0.562693
v 14.1 -11.7 0.562693
v 12 -11.7 4.2
v 13.08704 -11.7 0.143112
v 14.1 -11.7 0.562693
v 14.1 -11.7 0.562693
v 14.1 -9.3 0.562693
v 14.969848 -9.3 1.230152
v 14.969848 -11.7 1.230152
v 12 -11.7 4.2
v 14.1 -11.7 0.562693
v 14.969848 -11.7 1.230152
v 14.969848 -11.7 1.230152
v 14.969848 -9.3 1.230152
v 15.637307 -9.3 2.1
v 15.637307 -11.7 2.1
v 12 -11.7 4.2
v 14.969848 -11.7 1.230152
v 15.637307 -11.7 2.1
v 15.637307 -11.7 2.1
v 15.637307 -9.3 2.1
v 16.056888 -9.3 3.11296
v 16.056888 -11.7 3.11296
v 12 -11.7 4.2
v 15.637307 -11.7 2.1
v 16.056888 -11.7 3.11296
v 16.056888 -11.7 3.11296
v 16.056888 -9.3 3.11296
v 16.2 -9.3 4.2
v 16.2 -11.7 4.2
v 12 -11.7 4.2
v 16.056888 -11.7 3.11296
v 16.2 -11.7 4.2
vt 0.28 0.47
vt 0.28 0.28
vt 0.287917 0.28
vt 0.287917 0.47
vt 0.875 0.875
vt 0.9605 0.875
vt 0.957587 0.852871
vt 0.287917 0.47
vt 0.287917 0.28
vt 0.295833 0.28
vt 0.295833 0.47
vt 0.875 0.875
vt 0.957587 0.852871
vt 0.949045 0.83225
vt 0.295833 0.47
vt 0.295833 0.28
vt 0.30375 0.28
vt 0.30375 0.47
vt 0.875 0.875
vt 0.949045 0.83225
vt 0.935458 0.814542
vt 0.30375 0.47
vt 0.30375 0.28
vt 0.311667 0.28
vt 0.311667 0.47
vt 0.875 0.875
vt 0.935458 0.814542
vt 0.91775 0.800955
vt 0.311667 0.47
vt 0.311667 0.28
vt 0.319583 0.28
vt 0.319583 0.47
vt 0.875 0.875
vt 0.91775 0.800955
vt 0.897129 0.792413
vt 0.319583 0.47
vt 0.319583 0.28
vt 0.3275 0.28
vt 0.3275 0.47
vt 0.875 0.875
vt 0.897129 0.792413
vt 0.875 0.7895
vt 0.3275 0.47
vt 0.3275 0.28
vt 0.335417 0.28
vt 0.335417 0.47
vt 0.875 0.875
vt 0.875 0.7895
vt 0.852871 0.792413
vt 0.335417 0.47
vt 0.335417 0.28
vt 0.343333 0.28
vt 0.343333 0.47
vt 0.875 0.875
vt 0.852871 0.792413
vt 0.83225 0.800955
vt 0.343333 0.47
vt 0.343333 0.28
vt 0.35125 0.28
vt 0.35125 0.47
vt 0.875 0.875
vt 0.83225 0.800955
vt 0.814542 0.814542
vt 0.35125 0.47
vt 0.35125 0.28
vt 0.359167 0.28
vt 0.359167 0.47
vt 0.875 0.875
vt 0.814542 0.814542
vt 0.800955 0.83225
vt 0.359167 0.47
vt 0.359167 0.28
vt 0.367083 0.28
vt 0.367083 0.47
vt 0.875 0.875
vt 0.800955 0.83225
vt 0.792413 0.852871
vt 0.367083 0.47
vt 0.367083 0.28
vt 0.375 0.28
vt 0.375 0.47
vt 0.875 0.875
vt 0.792413 0.852871
vt 0.7895 0.875
vt 0.375 0.47
vt 0.375 0.28
vt 0.382917 0.28
vt 0.382917 0.47
vt 0.875 0.875
vt 0.7895 0.875
vt 0.792413 0.897129
vt 0.382917 0.47
vt 0.382917 0.28
vt 0.390833 0.28
vt 0.390833 0.47
vt 0.875 0.875
vt 0.792413 0.897129
vt 0.800955 0.91775
vt 0.390833 0.47
vt 0.390833 0.28
vt 0.39875 0.28
vt 0.39875 0.47
vt 0.875 0.875
vt 0.800955 0.91775
vt 0.814542 0.935458
vt 0.39875 0.47
vt 0.39875 0.28
vt 0.406667 0.28
vt 0.406667 0.47
vt 0.875 0.875
vt 0.814542 0.935458
vt 0.83225 0.949045
vt 0.406667 0.47
vt 0.406667 0.28
vt 0.414583 0.28
vt 0.414583 0.47
vt 0.875 0.875
vt 0.83225 0.949045
vt 0.852871 0.957587
vt 0.414583 0.47
vt 0.414583 0.28
vt 0.4225 0.28
vt 0.4225 0.47
vt 0.875 0.875
vt 0.852871 0.957587
vt 0.875 0.9605
vt 0.4225 0.47
vt 0.4225 0.28
vt 0.430417 0.28
vt 0.430417 0.47
vt 0.875 0.875
vt 0.875 0.9605
vt 0.897129 0.957587
vt 0.430417 0.47
vt 0.430417 0.28
vt 0.438333 0.28
vt 0.438333 0.47
vt 0.875 0.875
vt 0.897129 0.957587
vt 0.91775 0.949045
vt 0.438333 0.47
vt 0.438333 0.28
vt 0.44625 0.28
vt 0.44625 0.47
vt 0.875 0.875
vt 0.91775 0.949045
vt 0.935458 0.935458
vt 0.44625 0.47
vt 0.44625 0.28
vt 0.454167 0.28
vt 0.454167 0.47
vt 0.875 0.875
vt 0.935458 0.935458
vt 0.949045 0.91775
vt 0.454167 0.47
vt 0.454167 0.28
vt 0.462083 0.28
vt 0.462083 0.47
vt 0.875 0.875
vt 0.949045 0.91775
vt 0.957587 0.897129
vt 0.462083 0.47
vt 0.462083 0.28
vt 0.47 0.28
vt 0.47 0.47
vt 0.875 0.875
vt 0.957587 0.897129
vt 0.9605 0.875
vn 0.991445 0 0.130526
vn 0.991445 0 0.130526
vn 0.991445 0 0.130526
vn 0.991445 0 0.130526
vn 0 -1 0
vn 0 -1 0
vn 0 -1 0
vn 0.92388 0 0.382683
vn 0.92388 0 0.382683
vn 0.92388 0 0.382683
vn 0.92388 0 0.382683
vn 0 -1 0
vn 0 -1 0
vn 0 -1 0
vn 0.793353 0 0.608761
vn 0.793353 0 0.608761
vn 0.793353 0 0.608761
vn 0.793353 0 0.608761
vn 0 -1 0
vn 0 -1 0
vn 0 -1 0
vn 0.608761 0 0.793353
vn 0.608761 0 0.793353
vn 0.608761 0 0.793353
vn 0.608761 0 0.793353
vn 0 -1 0
vn 0 -1 0
vn 0 -1 0
vn 0.382683 0 0.92388
vn 0.382683 0 0.92388
vn 0.382683 0 0.92388
vn 0.382683 0 0.92388
vn 0 -1 0
vn 0 -1 0
vn 0 -1 0
vn 0.130526 0 0.991445
vn 0.130526 0 0.991445
vn 0.130526 0 0.991445
vn 0.130526 0 0.991445
vn 0 -1 0
vn 0 -1 0
vn 0 -1 0
vn -0.130526 0 0.991445
vn -0.130526 0 0.991445
vn -0.130526 0 0.991445
vn -0.130526 0 0.991445
vn 0 -1 0
vn 0 -1 0
vn 0 -1 0
vn -0.382683 0 0.92388
vn -0.382683 0 0.92388
vn -0.382683 0 0.92388
vn -0.382683 0 0.92388
vn 0 -1 0
vn 0 -1 0
vn 0 -1 0
vn -0.608761 0 0.793353
vn -0.608761 0 0.793353
vn -0.608761 0 0.793353
vn -0.608761 0 0.793353
vn 0 -1 0
vn 0 -1 0
vn 0 -1 0
vn -0.793353 0 0.608761
vn -0.793353 0 0.608761
vn -0.793353 0 0.608761
vn -0.793353 0 0.608761
vn 0 -1 0
vn 0 -1 0
vn 0 -1 0
vn -0.92388 0 0.382683
vn -0.92388 0 0.382683
vn -0.92388 0 0.382683
vn -0.92388 0 0.382683
vn 0 -1 0
vn 0 -1 0
vn 0 -1 0
vn -0.991445 0 0.130526
vn -0.991445 0 0.130526
vn -0.991445 0 0.130526
vn -0.991445 0 0.130526
vn 0 -1 0
vn 0 -1 0
vn 0 -1 0
vn -0.991445 0 -0.130526
vn -0.991445 0 -0.130526
vn -0.991445 0 -0.130526
vn -0.991445 0 -0.130526
vn 0 -1 0
vn 0 -1 0
vn 0 -1 0
vn -0.92388 0 -0.382683
vn -0.92388 0 -0.382683
vn -0.92388 0 -0.382683
vn -0.92388 0 -0.382683
vn 0 -1 0
vn 0 -1 0
vn 0 -1 0
vn -0.793353 0 -0.608761
vn -0.793353 0 -0.608761
vn -0.793353 0 -0.608761
vn -0.793353 0 -0.608761
vn 0 -1 0
vn 0 -1 0
vn 0 -1 0
vn -0.608761 0 -0.793353
vn -0.608761 0 -0.793353
vn -0.608761 0 -0.793353
vn -0.608761 0 -0.793353
vn 0 -1 0
vn 0 -1 0
vn 0 -1 0
vn -0.382683 0 -0.92388
vn -0.382683 0 -0.92388
vn -0.382683 0 -0.92388
vn -0.382683 0 -0.92388
vn 0 -1 0
vn 0 -1 0
vn 0 -1 0
vn -0.130526 0 -0.991445
vn -0.130526 0 -0.991445
vn -0.130526 0 -0.991445
vn -0.130526 0 -0.991445
vn 0 -1 0
vn 0 -1 0
vn 0 -1 0
vn 0.130526 0 -0.991445
vn 0.130526 0 -0.991445
vn 0.130526 0 -0.991445
vn 0.130526 0 -0.991445
vn 0 -1 0
vn 0 -1 0
vn 0 -1 0
vn 0.382683 0 -0.92388
vn 0.382683 0 -0.92388
vn 0.382683 0 -0.92388
vn 0.382683 0 -0.92388
vn 0 -1 0
vn 0 -1 0
vn 0 -1 0
vn 0.608761 0 -0.793353
vn 0.608761 0 -0.793353
vn 0.608761 0 -0.793353
vn 0.608761 0 -0.793353
vn 0 -1 0
vn 0 -1 0
vn 0 -1 0
vn 0.793353 0 -0.608761
vn 0.793353 0 -0.608761
vn 0.793353 0 -0.608761
vn 0.793353 0 -0.608761
vn 0 -1 0
vn 0 -1 0
vn 0 -1 0
vn 0.92388 0 -0.382683
vn 0.92388 0 -0.382683
vn 0.92388 0 -0.382683
vn 0.92388 0 -0.382683
vn 0 -1 0
vn 0 -1 0
vn 0 -1 0
vn 0.991445 0 -0.130526
vn 0.991445 0 -0.130526
vn 0.991445 0 -0.130526
vn 0.991445 0 -0.130526
vn 0 -1 0
vn 0 -1 0
vn 0 -1 0
f 3349/3349/3349 3350/3350/3350 3351/3351/3351
f 3349/3349/3349 3351/3351/3351 3352/3352/3352
f 3353/3353/3353 3354/3354/3354 3355/3355/3355
f 3356/3356/3356 3357/3357/3357 3358/3358/3358
f 3356/3356/3356 3358/3358/3358 3359/3359/3359
f 3360/3360/3360 3361/3361/3361 3362/3362/3362
f 3363/3363/3363 3364/3364/3364 3365/3365/3365
f 3363/3363/3363 3365/3365/3365 3366/3366/3366
f 3367/3367/3367 3368/3368/3368 3369/3369/3369
f 3370/3370/3370 3371/3371/3371 3372/3372/3372
f 3370/3370/3370 3372/3372/3372 3373/3373/3373
f 3374/3374/3374 3375/3375/3375 3376/3376/3376
f 3377/3377/3377 3378/3378/3378 3379/3379/3379
f 3377/3377/3377 3379/3379/3379 3380/3380/3380
f 3381/3381/3381 3382/3382/3382 3383/3383/3383
f 3384/3384/3384 3385/3385/3385 3386/3386/3386
f 3384/3384/3384 3386/3386/3386 3387/3387/3387
f 3388/3388/3388 3389/3389/3389 3390/3390/3390
f 3391/3391/3391 3392/3392/3392 3393/3393/3393
f 3391/3391/3391 3393/3393/3393 3394/3394/3394
f 3395/3395/3395 3396/3396/3396 3397/3397/3397
f 3398/3398/3398 3399/3399/3399 3400/3400/3400
f 3398/3398/3398 3400/3400/3400 3401/3401/3401
f 3402/3402/3402 3403/3403/3403 3404/3404/3404
f 3405/3405/3405 3406/3406/3406 3407/3407/3407
f 3405/3405/3405 3407/3407/3407 3408/3408/3408
f 3409/3409/3409 3410/3410/3410 3411/3411/3411
f 3412/3412/3412 3413/3413/3413 3414/3414/3414
f 3412/3412/3412 3414/3414/3414 3415/3415/3415
f 3416/3416/3416 3417/3417/3417 3418/3418/3418
f 3419/3419/3419 3420/3420/3420 3421/3421/3421
f 3419/3419/3419 3421/3421/3421 3422/3422/3422
f 3423/3423/3423 3424/3424/3424 3425/3425/3425
f 3426/3426/3426 3427/3427/3427 3428/3428/3428
f 3426/3426/3426 3428/3428/3428 3429/3429/3429
f 3430/3430/3430 3431/3431/3431 3432/3432/3432
f 3433/3433/3433 3434/3434/3434 3435/3435/3435
f 3433/3433/3433 3435/3435/3435 3436/3436/3436
f 3437/3437/3437 3438/3438/3438 3439/3439/3439
f 3440/3440/3440 3441/3441/3441 3442/3442/3442
f 3440/3440/3440 3442/3442/3442 3443/3443/3443
f 3444/3444/3444 3445/3445/3445 3446/3446/3446
f 3447/3447/3447 3448/3448/3448 3449/3449/3449
f 3447/3447/3447 3449/3449/3449 3450/3450/3450
f 3451/3451/3451 3452/3452/3452 3453/3453/3453
f 3454/3454/3454 3455/3455/3455 3456/3456/3456
f 3454/3454/3454 3456/3456/3456 3457/3457/3457
f 3458/3458/3458 3459/3459/3459 3460/3460/3460
f 3461/3461/3461 3462/3462/3462 3463/3463/3463
f 3461/3461/3461 3463/3463/3463 3464/3464/3464
f 3465/3465/3465 3466/3466/3466 3467/3467/3467
f 3468/3468/3468 3469/3469/3469 3470/3470/3470
f 3468/3468/3468 3470/3470/3470 3471/3471/3471
f 3472/3472/3472 3473/3473/3473 3474/3474/3474
f 3475/3475/3475 3476/3476/3476 3477/3477/3477
f 3475/3475/3475 3477/3477/3477 3478/3478/3478
f 3479/3479/3479 3480/3480/3480 3481/3481/3481
f 3482/3482/3482 3483/3483/3483 3484/3484/3484
f 3482/3482/3482 3484/3484/3484 3485/3485/3485
f 3486/3486/3486 3487/3487/3487 3488/3488/3488
f 3489/3489/3489 3490/3490/3490 3491/3491/3491
f 3489/3489/3489 3491/3491/3491 3492/3492/3492
f 3493/3493/3493 3494/3494/3494 3495/3495/3495
f 3496/3496/3496 3497/3497/3497 3498/3498/3498
f 3496/3496/3496 3498/3498/3498 3499/3499/3499
f 3500/3500/3500 3501/3501/3501 3502/3502/3502
f 3503/3503/3503 3504/3504/3504 3505/3505/3505
f 3503/3503/3503 3505/3505/3505 3506/3506/3506
f 3507/3507/3507 3508/3508/3508 3509/3509/3509
f 3510/3510/3510 3511/3511/3511 3512/3512/3512
f 3510/3510/3510 3512/3512/3512 3513/3513/3513
f 3514/3514/3514 3515/3515/3515 3516/3516/3516
o TIRE_LR
usemtl ObjectsGDI
v -7.8 9.3 4.2
v -7.8 11.7 4.2
v -7.943112 11.7 5.28704
v -7.943112 9.3 5.28704
v -12 11.7 4.2
v -7.943112 11.7 5.28704
v -7.8 11.7 4.2
v -7.943112 9.3 5.28704
v -7.943112 11.7 5.28704
v -8.362693 11.7 6.3
v -8.362693 9.3 6.3
v -12 11.7 4.2
v -8.362693 11.7 6.3
v -7.943112 11.7 5.28704
v -8.362693 9.3 6.3
v -8.362693 11.7 6.3
v -9.030152 11.7 7.169848
v -9.030152 9.3 7.169848
v -12 11.7 4.2
v -9.030152 11.7 7.169848
v -8.362693 11.7 6.3
v -9.030152 9.3 7.169848
v -9.030152 11.7 7.169848
v -9.9 11.7 7.837307
v -9.9 9.3 7.837307
v -12 11.7 4.2
v -9.9 11.7 7.837307
v -9.030152 11.7 7.169848
v -9.9 9.3 7.837307
v -9.9 11.7 7.837307
v -10.91296 11.7 8.256888
v -10.91296 9.3 8.256888
v -12 11.7 4.2
v -10.91296 11.7 8.256888
v -9.9 11.7 7.837307
v -10.91296 9.3 8.256888
v -10.91296 11.7 8.256888
v -12 11.7 8.4
v -12 9.3 8.4
v -12 11.7 4.2
v -12 11.7 8.4
v -10.91296 11.7 8.256888
v -12 9.3 8.4
v -12 11.7 8.4
v -13.08704 11.7 8.256888
v -13.08704 9.3 8.256888
v -12 11.7 4.2
v -13.08704 11.7 8.256888
v -12 11.7 8.4
v -13.08704 9.3 8.256888
v -13.08704 11.7 8.256888
v -14.1 11.7 7.837307
v -14.1 9.3 7.837307
v -12 11.7 4.2
v -14.1 11.7 7.837307
v -13.08704 11.7 8.256888
v -14.1 9.3 7.837307
v -14.1 11.7 7.837307
v -14.969848 11.7 7.169848
v -14.969848 9.3 7.169848
v -12 11.7 4.2
v -14.969848 11.7 7.169848
v -14.1 11.7 7.837307
v -14.969848 9.3 7.169848
v -14.969848 11.7 7.169848
v -15.637307 11.7 6.3
v -15.637307 9.3 6.3
v -12 11.7 4.2
v -15.637307 11.7 6.3
v -14.969848 11.7 7.169848
v -15.637307 9.3 6.3
v -15.637307 11.7 6.3
v -16.056888 11.7 5.28704
v -16.056888 9.3 5.28704
v -12 11.7 4.2
v -16.056888 11.7 5.28704
v -15.637307 11.7 6.3
v -16.056888 9.3 5.28704
v -16.056888 11.7 5.28704
v -16.2 11.7 4.2
v -16.2 9.3 4.2
v -12 11.7 4.2
v -16.2 11.7 4.2
v -16.056888 11.7 5.28704
v -16.2 9.3 4.2
v -16.2 11.7 4.2
v -16.056888 11.7 3.11296
v -16.056888 9.3 3.11296
v -12 11.7 4.2
v -16.056888 11.7 3.11296
v -16.2 11.7 4.2
v -16.056888 9.3 3.11296
v -16.056888 11.7 3.11296
v -15.637307 11.7 2.1
v -15.637307 9.3 2.1
v -12 11.7 4.2
v -15.637307 11.7 2.1
v -16.056888 11.7 3.11296
v -15.637307 9.3 2.1
v -15.637307 11.7 2.1
v -14.969848 11.7 1.230152
v -14.969848 9.3 1.230152
v -12 11.7 4.2
v -14.969848 11.7 1.230152
v -15.637307 11.7 2.1
v -14.969848 9.3 1.230152
v -14.969848 11.7 1.230152
v -14.1 11.7 0.562693
v -14.1 9.3 0.562693
v -12 11.7 4.2
v -14.1 11.7 0.562693
v -14.969848 11.7 1.230152
v -14.1 9.3 0.562693
v -14.1 11.7 0.562693
v -13.08704 11.7 0.143112
v -13.08704 9.3 0.143112
v -12 11.7 4.2
v -13.08704 11.7 0.143112
v -14.1 11.7 0.562693
v -13.08704 9.3 0.143112
v -13.08704 11.7 0.143112
v -12 11.7 0
v -12 9.3 0
v -12 11.7 4.2
v -12 11.7 0
v -13.08704 11.7 0.143112
v -12 9.3 0
v -12 11.7 0
v -10.91296 11.7 0.143112
v -10.91296 9.3 0.143112
v -12 11.7 4.2
v -10.91296 11.7 0.143112
v -12 11.7 0
v -10.91296 9.3 0.143112
v -10.91296 11.7 0.143112
v -9.9 11.7 0.562693
v -9.9 9.3 0.562693
v -12 11.7 4.2
v -9.9 11.7 0.562693
v -10.91296 11.7 0.143112
v -9.9 9.3 0.562693
v -9.9 11.7 0.562693
v -9.030152 11.7 1.230152
v -9.030152 9.3 1.230152
v -12 11.7 4.2
v -9.030152 11.7 1.230152
v -9.9 11.7 0.562693
v -9.030152 9.3 1.230152
v -9.030152 11.7 1.230152
v -8.362693 11.7 2.1
v -8.362693 9.3 2.1
v -12 11.7 4.2
v -8.362693 11.7 2.1
v -9.030152 11.7 1.230152
v -8.362693 9.3 2.1
v -8.362693 11.7 2.1
v -7.943112 11.7 3.11296
v -7.943112 9.3 3.11296
v -12 11.7 4.2
v -7.943112 11.7 3.11296
v -8.362693 11.7 2.1
v -7.943112 9.3 3.11296
v -7.943112 11.7 3.11296
v -7.8 11.7 4.2
v -7.8 9.3 4.2
v -12 11.7 4.2
v -7.8 11.7 4.2
v -7.943112 11.7 3.11296
vt 0.28 0.47
vt 0.28 0.28
vt 0.287917 0.28
vt 0.287917 0.47
vt 0.875 0.875
vt 0.957587 0.852871
vt 0.9605 0.875
vt 0.287917 0.47
vt 0.287917 0.28
vt 0.295833 0.28
vt 0.295833 0.47
vt 0.875 0.875
vt 0.949045 0.83225
vt 0.957587 0.852871
vt 0.295833 0.47
vt 0.295833 0.28
vt 0.30375 0.28
vt 0.30375 0.47
vt 0.875 0.875
vt 0.935458 0.814542
vt 0.949045 0.83225
vt 0.30375 0.47
vt 0.30375 0.28
vt 0.311667 0.28
vt 0.311667 0.47
vt 0.875 0.875
vt 0.91775 0.800955
vt 0.935458 0.814542
vt 0.311667 0.47
vt 0.311667 0.28
vt 0.319583 0.28
vt 0.319583 0.47
vt 0.875 0.875
vt 0.897129 0.792413
vt 0.91775 0.800955
vt 0.319583 0.47
vt 0.319583 0.28
vt 0.3275 0.28
vt 0.3275 0.47
vt 0.875 0.875
vt 0.875 0.7895
vt 0.897129 0.792413
vt 0.3275 0.47
vt 0.3275 0.28
vt 0.335417 0.28
vt 0.335417 0.47
vt 0.875 0.875
vt 0.852871 0.792413
vt 0.875 0.7895
vt 0.335417 0.47
vt 0.335417 0.28
vt 0.343333 0.28
vt 0.343333 0.47
vt 0.875 0.875
vt 0.83225 0.800955
vt 0.852871 0.792413
vt 0.343333 0.47
vt 0.343333 0.28
vt 0.35125 0.28
vt 0.35125 0.47
vt 0.875 0.875
vt 0.814542 0.814542
vt 0.83225 0.800955
vt 0.35125 0.47
vt 0.35125 0.28
vt 0.359167 0.28
vt 0.359167 0.47
vt 0.875 0.875
vt 0.800955 0.83225
vt 0.814542 0.814542
vt 0.359167 0.47
vt 0.359167 0.28
vt 0.367083 0.28
vt 0.367083 0.47
vt 0.875 0.875
vt 0.792413 0.852871
vt 0.800955 0.83225
vt 0.367083 0.47
vt 0.367083 0.28
vt 0.375 0.28
vt 0.375 0.47
vt 0.875 0.875
vt 0.7895 0.875
vt 0.792413 0.852871
vt 0.375 0.47
vt 0.375 0.28
vt 0.382917 0.28
vt 0.382917 0.47
vt 0.875 0.875
vt 0.792413 0.897129
vt 0.7895 0.875
vt 0.382917 0.47
vt 0.382917 0.28
vt 0.390833 0.28
vt 0.390833 0.47
vt 0.875 0.875
vt 0.800955 0.91775
vt 0.792413 0.897129
vt 0.390833 0.47
vt 0.390833 0.28
vt 0.39875 0.28
vt 0.39875 0.47
vt 0.875 0.875
vt 0.814542 0.935458
vt 0.800955 0.91775
vt 0.39875 0.47
vt 0.39875 0.28
vt 0.406667 0.28
vt 0.406667 0.47
vt 0.875 0.875
vt 0.83225 0.949045
vt 0.814542 0.935458
vt 0.406667 0.47
vt 0.406667 0.28
vt 0.414583 0.28
vt 0.414583 0.47
vt 0.875 0.875
vt 0.852871 0.957587
vt 0.83225 0.949045
vt 0.414583 0.47
vt 0.414583 0.28
vt 0.4225 0.28
vt 0.4225 0.47
vt 0.875 0.875
vt 0.875 0.9605
vt 0.852871 0.957587
vt 0.4225 0.47
vt 0.4225 0.28
vt 0.430417 0.28
vt 0.430417 0.47
vt 0.875 0.875
vt 0.897129 0.957587
vt 0.875 0.9605
vt 0.430417 0.47
vt 0.430417 0.28
vt 0.438333 0.28
vt 0.438333 0.47
vt 0.875 0.875
vt 0.91775 0.949045
vt 0.897129 0.957587
vt 0.438333 0.47
vt 0.438333 0.28
vt 0.44625 0.28
vt 0.44625 0.47
vt 0.875 0.875
vt 0.935458 0.935458
vt 0.91775 0.949045
vt 0.44625 0.47
vt 0.44625 0.28
vt 0.454167 0.28
vt 0.454167 0.47
vt 0.875 0.875
vt 0.949045 0.91775
vt 0.935458 0.935458
vt 0.454167 0.47
vt 0.454167 0.28
vt 0.462083 0.28
vt 0.462083 0.47
vt 0.875 0.875
vt 0.957587 0.897129
vt 0.949045 0.91775
vt 0.462083 0.47
vt 0.462083 0.28
vt 0.47 0.28
vt 0.47 0.47
vt 0.875 0.875
vt 0.9605 0.875
vt 0.957587 0.897129
vn 0.991445 0 0.130526
vn 0.991445 0 0.130526
vn 0.991445 0 0.130526
vn 0.991445 0 0.130526
vn 0 1 0
vn 0 1 0
vn 0 1 0
vn 0.92388 0 0.382683
vn 0.92388 0 0.382683
vn 0.92388 0 0.382683
vn 0.92388 0 0.382683
vn 0 1 0
vn 0 1 0
vn 0 1 0
vn 0.793353 0 0.608761
vn 0.793353 0 0.608761
vn 0.793353 0 0.608761
vn 0.793353 0 0.608761
vn 0 1 0
vn 0 1 0
vn 0 1 0
vn 0.608761 0 0.793353
vn 0.608761 0 0.793353
vn 0.608761 0 0.793353
vn 0.608761 0 0.793353
vn 0 1 0
vn 0 1 0
vn 0 1 0
vn 0.382683 0 0.92388
vn 0.382683 0 0.92388
vn 0.382683 0 0.92388
vn 0.382683 0 0.92388
vn 0 1 0
vn 0 1 0
vn 0 1 0
vn 0.130526 0 0.991445
vn 0.130526 0 0.991445
vn 0.130526 0 0.991445
vn 0.130526 0 0.991445
vn 0 1 0
vn 0 1 0
vn 0 1 0
vn -0.130526 0 0.991445
vn -0.130526 0 0.991445
vn -0.130526 0 0.991445
vn -0.130526 0 0.991445
vn 0 1 0
vn 0 1 0
vn 0 1 0
vn -0.382683 0 0.92388
vn -0.382683 0 0.92388
vn -0.382683 0 0.92388
vn -0.382683 0 0.92388
vn 0 1 0
vn 0 1 0
vn 0 1 0
vn -0.608761 0 0.793353
vn -0.608761 0 0.793353
vn -0.608761 0 0.793353
vn -0.608761 0 0.793353
vn 0 1 0
vn 0 1 0
vn 0 1 0
vn -0.793353 0 0.608761
vn -0.793353 0 0.608761
vn -0.793353 0 0.608761
vn -0.793353 0 0.608761
vn 0 1 0
vn 0 1 0
vn 0 1 0
vn -0.92388 0 0.382683
vn -0.92388 0 0.382683
vn -0.92388 0 0.382683
vn -0.92388 0 0.382683
vn 0 1 0
vn 0 1 0
vn 0 1 0
vn -0.991445 0 0.130526
vn -0.991445 0 0.130526
vn -0.991445 0 0.130526
vn -0.991445 0 0.130526
vn 0 1 0
vn 0 1 0
vn 0 1 0
vn -0.991445 0 -0.130526
vn -0.991445 0 -0.130526
vn -0.991445 0 -0.130526
vn -0.991445 0 -0.130526
vn 0 1 0
vn 0 1 0
vn 0 1 0
vn -0.92388 0 -0.382683
vn -0.92388 0 -0.382683
vn -0.92388 0 -0.382683
vn -0.92388 0 -0.382683
vn 0 1 0
vn 0 1 0
vn 0 1 0
vn -0.793353 0 -0.608761
vn -0.793353 0 -0.608761
vn -0.793353 0 -0.608761
vn -0.793353 0 -0.608761
vn 0 1 0
vn 0 1 0
vn 0 1 0
vn -0.608761 0 -0.793353
vn -0.608761 0 -0.793353
vn -0.608761 0 -0.793353
vn -0.608761 0 -0.793353
vn 0 1 0
vn 0 1 0
vn 0 1 0
vn -0.382683 0 -0.92388
vn -0.382683 0 -0.92388
vn -0.382683 0 -0.92388
vn -0.382683 0 -0.92388
vn 0 1 0
vn 0 1 0
vn 0 1 0
vn -0.130526 0 -0.991445
vn -0.130526 0 -0.991445
vn -0.130526 0 -0.991445
vn -0.130526 0 -0.991445
vn 0 1 0
vn 0 1 0
vn 0 1 0
vn 0.130526 0 -0.991445
vn 0.130526 0 -0.991445
vn 0.130526 0 -0.991445
vn 0.130526 0 -0.991445
vn 0 1 0
vn 0 1 0
vn 0 1 0
vn 0.382683 0 -0.92388
vn 0.382683 0 -0.92388
vn 0.382683 0 -0.92388
vn 0.382683 0 -0.92388
vn 0 1 0
vn 0 1 0
vn 0 1 0
vn 0.608761 0 -0.793353
vn 0.608761 0 -0.793353
vn 0.608761 0 -0.793353
vn 0.608761 0 -0.793353
vn 0 1 0
vn 0 1 0
vn 0 1 0
vn 0.793353 0 -0.608761
vn 0.793353 0 -0.608761
vn 0.793353 0 -0.608761
vn 0.793353 0 -0.608761
vn 0 1 0
vn 0 1 0
vn 0 1 0
vn 0.92388 0 -0.382683
vn 0.92388 0 -0.382683
vn 0.92388 0 -0.382683
vn 0.92388 0 -0.382683
vn 0 1 0
vn 0 1 0
vn 0 1 0
vn 0.991445 0 -0.130526
vn 0.991445 0 -0.130526
vn 0.991445 0 -0.130526
vn 0.991445 0 -0.130526
vn 0 1 0
vn 0 1 0
vn 0 1 0
f 3517/3517/3517 3518/3518/3518 3519/3519/3519
f 3517/3517/3517 3519/3519/3519 3520/3520/3520
f 3521/3521/3521 3522/3522/3522 3523/3523/3523
f 3524/3524/3524 3525/3525/3525 3526/3526/3526
f 3524/3524/3524 3526/3526/3526 3527/3527/3527
f 3528/3528/3528 3529/3529/3529 3530/3530/3530
f 3531/3531/3531 3532/3532/3532 3533/3533/3533
f 3531/3531/3531 3533/3533/3533 3534/3534/3534
f 3535/3535/3535 3536/3536/3536 3537/3537/3537
f 3538/3538/3538 3539/3539/3539 3540/3540/3540
f 3538/3538/3538 3540/3540/3540 3541/3541/3541
f 3542/3542/3542 3543/3543/3543 3544/3544/3544
f 3545/3545/3545 3546/3546/3546 3547/3547/3547
f 3545/3545/3545 3547/3547/3547 3548/3548/3548
f 3549/3549/3549 3550/3550/3550 3551/3551/3551
f 3552/3552/3552 3553/3553/3553 3554/3554/3554
f 3552/3552/3552 3554/3554/3554 3555/3555/3555
f 3556/3556/3556 3557/3557/3557 3558/3558/3558
f 3559/3559/3559 3560/3560/3560 3561/3561/3561
f 3559/3559/3559 3561/3561/3561 3562/3562/3562
f 3563/3563/3563 3564/3564/3564 3565/3565/3565
f 3566/3566/3566 3567/3567/3567 3568/3568/3568
f 3566/3566/3566 3568/3568/3568 3569/3569/3569
f 3570/3570/3570 3571/3571/3571 3572/3572/3572
f 3573/3573/3573 3574/3574/3574 3575/3575/3575
f 3573/3573/3573 3575/3575/3575 3576/3576/3576
f 3577/3577/3577 3578/3578/3578 3579/3579/3579
f 3580/3580/3580 3581/3581/3581 3582/3582/3582
f 3580/3580/3580 3582/3582/3582 3583/3583/3583
f 3584/3584/3584 3585/3585/3585 3586/3586/3586
f 3587/3587/3587 3588/3588/3588 3589/3589/3589
f 3587/3587/3587 3589/3589/3589 3590/3590/3590
f 3591/3591/3591 3592/3592/3592 3593/3593/3593
f 3594/3594/3594 3595/3595/3595 3596/3596/3596
f 3594/3594/3594 3596/3596/3596 3597/3597/3597
f 3598/3598/3598 3599/3599/3599 3600/3600/3600
f 3601/3601/3601 3602/3602/3602 3603/3603/3603
f 3601/3601/3601 3603/3603/3603 3604/3604/3604
f 3605/3605/3605 3606/3606/3606 3607/3607/3607
f 3608/3608/3608 3609/3609/3609 3610/3610/3610
f 3608/3608/3608 3610/3610/3610 3611/3611/3611
f 3612/3612/3612 3613/3613/3613 3614/3614/3614
f 3615/3615/3615 3616/3616/3616 3617/3617/3617
f 3615/3615/3615 3617/3617/3617 3618/3618/3618
f 3619/3619/3619 3620/3620/3620 3621/3621/3621
f 3622/3622/3622 3623/3623/3623 3624/3624/3624
f 3622/3622/3622 3624/3624/3624 3625/3625/3625
f 3626/3626/3626 3627/3627/3627 3628/3628/3628
f 3629/3629/3629 3630/3630/3630 3631/3631/3631
f 3629/3629/3629 3631/3631/3631 3632/3632/3632
f 3633/3633/3633 3634/3634/3634 3635/3635/3635
f 3636/3636/3636 3637/3637/3637 3638/3638/3638
f 3636/3636/3636 3638/3638/3638 3639/3639/3639
f 3640/3640/3640 3641/3641/3641 3642/3642/3642
f 3643/3643/3643 3644/3644/3644 3645/3645/3645
f 3643/3643/3643 3645/3645/3645 3646/3646/3646
f 3647/3647/3647 3648/3648/3648 3649/3649/3649
f 3650/3650/3650 3651/3651/3651 3652/3652/3652
f 3650/3650/3650 3652/3652/3652 3653/3653/3653
f 3654/3654/3654 3655/3655/3655 3656/3656/3656
f 3657/3657/3657 3658/3658/3658 3659/3659/3659
f 3657/3657/3657 3659/3659/3659 3660/3660/3660
f 3661/3661/3661 3662/3662/3662 3663/3663/3663
f 3664/3664/3664 3665/3665/3665 3666/3666/3666
f 3664/3664/3664 3666/3666/3666 3667/3667/3667
f 3668/3668/3668 3669/3669/3669 3670/3670/3670
f 3671/3671/3671 3672/3672/3672 3673/3673/3673
f 3671/3671/3671 3673/3673/3673 3674/3674/3674
f 3675/3675/3675 3676/3676/3676 3677/3677/3677
f 3678/3678/3678 3679/3679/3679 3680/3680/3680
f 3678/3678/3678 3680/3680/3680 3681/3681/3681
f 3682/3682/3682 3683/3683/3683 3684/3684/3684
o TIRE_RR
usemtl ObjectsGDI
v -7.8 -11.7 4.2
v -7.8 -9.3 4.2
v -7.943112 -9.3 5.28704
v -7.943112 -11.7 5.28704
v -12 -11.7 4.2
v -7.8 -11.7 4.2
v -7.943112 -11.7 5.28704
v -7.943112 -11.7 5.28704
v -7.943112 -9.3 5.28704
v -8.362693 -9.3 6.3
v -8.362693 -11.7 6.3
v -12 -11.7 4.2
v -7.943112 -11.7 5.28704
v -8.362693 -11.7 6.3
v -8.362693 -11.7 6.3
v -8.362693 -9.3 6.3
v -9.030152 -9.3 7.169848
v -9.030152 -11.7 7.169848
v -12 -11.7 4.2
v -8.362693 -11.7 6.3
v -9.030152 -11.7 7.169848
v -9.030152 -11.7 7.169848
v -9.030152 -9.3 7.169848
v -9.9 -9.3 7.837307
v -9.9 -11.7 7.837307
v -12 -11.7 4.2
v -9.030152 -11.7 7.169848
v -9.9 -11.7 7.837307
v -9.9 -11.7 7.837307
v -9.9 -9.3 7.837307
v -10.91296 -9.3 8.256888
v -10.91296 -11.7 8.256888
v -12 -11.7 4.2
v -9.9 -11.7 7.837307
v -10.91296 -11.7 8.256888
v -10.91296 -11.7 8.256888
v -10.91296 -9.3 8.256888
v -12 -9.3 8.4
v -12 -11.7 8.4
v -12 -11.7 4.2
v -10.91296 -11.7 8.256888
v -12 -11.7 8.4
v -12 -11.7 8.4
v -12 -9.3 8.4
v -13.08704 -9.3 8.256888
v -13.08704 -11.7 8.256888
v -12 -11.7 4.2
v -12 -11.7 8.4
v -13.08704 -11.7 8.256888
v -13.08704 -11.7 8.256888
v -13.08704 -9.3 8.256888
v -14.1 -9.3 7.837307
v -14.1 -11.7 7.837307
v -12 -11.7 4.2
v -13.08704 -11.7 8.256888
v -14.1 -11.7 7.837307
v -14.1 -11.7 7.837307
v -14.1 -9.3 7.837307
v -14.969848 -9.3 7.169848
v -14.969848 -11.7 7.169848
v -12 -11.7 4.2
v -14.1 -11.7 7.837307
v -14.969848 -11.7 7.169848
v -14.969848 -11.7 7.169848
v -14.969848 -9.3 7.169848
v -15.637307 -9.3 6.3
v -15.637307 -11.7 6.3
v -12 -11.7 4.2
v -14.969848 -11.7 7.169848
v -15.637307 -11.7 6.3
v -15.637307 -11.7 6.3
v -15.637307 -9.3 6.3
v -16.056888 -9.3 5.28704
v -16.056888 -11.7 5.28704
v -12 -11.7 4.2
v -15.637307 -11.7 6.3
v -16.056888 -11.7 5.28704
v -16.056888 -11.7 5.28704
v -16.056888 -9.3 5.28704
v -16.2 -9.3 4.2
v -16.2 -11.7 4.2
v -12 -11.7 4.2
v -16.056888 -11.7 5.28704
v -16.2 -11.7 4.2
v -16.2 -11.7 4.2
v -16.2 -9.3 4.2
v -16.056888 -9.3 3.11296
v -16.056888 -11.7 3.11296
v -12 -11.7 4.2
v -16.2 -11.7 4.2
v -16.056888 -11.7 3.11296
v -16.056888 -11.7 3.11296
v -16.056888 -9.3 3.11296
v -15.637307 -9.3 2.1
v -15.637307 -11.7 2.1
v -12 -11.7 4.2
v -16.056888 -11.7 3.11296
v -15.637307 -11.7 2.1
v -15.637307 -11.7 2.1
v -15.637307 -9.3 2.1
v -14.969848 -9.3 1.230152
v -14.969848 -11.7 1.230152
v -12 -11.7 4.2
v -15.637307 -11.7 2.1
v -14.969848 -11.7 1.230152
v -14.969848 -11.7 1.230152
v -14.969848 -9.3 1.230152
v -14.1 -9.3 0.562693
v -14.1 -11.7 0.562693
v -12 -11.7 4.2
v -14.969848 -11.7 1.230152
v -14.1 -11.7 0.562693
v -14.1 -11.7 0.562693
v -14.1 -9.3 0.562693
v -13.08704 -9.3 0.143112
v -13.08704 -11.7 0.143112
v -12 -11.7 4.2
v -14.1 -11.7 0.562693
v -13.08704 -11.7 0.143112
v -13.08704 -11.7 0.143112
v -13.08704 -9.3 0.143112
v -12 -9.3 0
v -12 -11.7 0
v -12 -11.7 4.2
v -13.08704 -11.7 0.143112
v -12 -11.7 0
v -12 -11.7 0
v -12 -9.3 0
v -10.91296 -9.3 0.143112
v -10.91296 -11.7 0.143112
v -12 -11.7 4.2
v -12 -11.7 0
v -10.91296 -11.7 0.143112
v -10.91296 -11.7 0.143112
v -10.91296 -9.3 0.143112
v -9.9 -9.3 0.562693
v -9.9 -11.7 0.562693
v -12 -11.7 4.2
v -10.91296 -11.7 0.143112
v -9.9 -11.7 0.562693
v -9.9 -11.7 0.562693
v -9.9 -9.3 0.562693
v -9.030152 -9.3 1.230152
v -9.030152 -11.7 1.230152
v -12 -11.7 4.2
v -9.9 -11.7 0.562693
v -9.030152 -11.7 1.230152
v -9.030152 -11.7 1.230152
v -9.030152 -9.3 1.230152
v -8.362693 -9.3 2.1
v -8.362693 -11.7 2.1
v -12 -11.7 4.2
v -9.030152 -11.7 1.230152
v -8.362693 -11.7 2.1
v -8.362693 -11.7 2.1
v -8.362693 -9.3 2.1
v -7.943112 -9.3 3.11296
v -7.943112 -11.7 3.11296
v -12 -11.7 4.2
v -8.362693 -11.7 2.1
v -7.943112 -11.7 3.11296
v -7.943112 -11.7 3.11296
v -7.943112 -9.3 3.11296
v -7.8 -9.3 4.2
v -7.8 -11.7 4.2
v -12 -11.7 4.2
v -7.943112 -11.7 3.11296
v -7.8 -11.7 4.2
vt 0.28 0.47
vt 0.28 0.28
vt 0.287917 0.28
vt 0.287917 0.47
vt 0.875 0.875
vt 0.9605 0.875
vt 0.957587 0.852871
vt 0.287917 0.47
vt 0.287917 0.28
vt 0.295833 0.28
vt 0.295833 0.47
vt 0.875 0.875
vt 0.957587 0.852871
vt 0.949045 0.83225
vt 0.295833 0.47
vt 0.295833 0.28
vt 0.30375 0.28
vt 0.30375 0.47
vt 0.875 0.875
vt 0.949045 0.83225
vt 0.935458 0.814542
vt 0.30375 0.47
vt 0.30375 0.28
vt 0.311667 0.28
vt 0.311667 0.47
vt 0.875 0.875
vt 0.935458 0.814542
vt 0.91775 0.800955
vt 0.311667 0.47
vt 0.311667 0.28
vt 0.319583 0.28
vt 0.319583 0.47
vt 0.875 0.875
vt 0.91775 0.800955
vt 0.897129 0.792413
vt 0.319583 0.47
vt 0.319583 0.28
vt 0.3275 0.28
vt 0.3275 0.47
vt 0.875 0.875
vt 0.897129 0.792413
vt 0.875 0.7895
vt 0.3275 0.47
vt 0.3275 0.28
vt 0.335417 0.28
vt 0.335417 0.47
vt 0.875 0.875
vt 0.875 0.7895
vt 0.852871 0.792413
vt 0.335417 0.47
vt 0.335417 0.28
vt 0.343333 0.28
vt 0.343333 0.47
vt 0.875 0.875
vt 0.852871 0.792413
vt 0.83225 0.800955
vt 0.343333 0.47
vt 0.343333 0.28
vt 0.35125 0.28
vt 0.35125 0.47
vt 0.875 0.875
vt 0.83225 0.800955
vt 0.814542 0.814542
vt 0.35125 0.47
vt 0.35125 0.28
vt 0.359167 0.28
vt 0.359167 0.47
vt 0.875 0.875
vt 0.814542 0.814542
vt 0.800955 0.83225
vt 0.359167 0.47
vt 0.359167 0.28
vt 0.367083 0.28
vt 0.367083 0.47
vt 0.875 0.875
vt 0.800955 0.83225
vt 0.792413 0.852871
vt 0.367083 0.47
vt 0.367083 0.28
vt 0.375 0.28
vt 0.375 0.47
vt 0.875 0.875
vt 0.792413 0.852871
vt 0.7895 0.875
vt 0.375 0.47
vt 0.375 0.28
vt 0.382917 0.28
vt 0.382917 0.47
vt 0.875 0.875
vt 0.7895 0.875
vt 0.792413 0.897129
vt 0.382917 0.47
vt 0.382917 0.28
vt 0.390833 0.28
vt 0.390833 0.47
vt 0.875 0.875
vt 0.792413 0.897129
vt 0.800955 0.91775
vt 0.390833 0.47
vt 0.390833 0.28
vt 0.39875 0.28
vt 0.39875 0.47
vt 0.875 0.875
vt 0.800955 0.91775
vt 0.814542 0.935458
vt 0.39875 0.47
vt 0.39875 0.28
vt 0.406667 0.28
vt 0.406667 0.47
vt 0.875 0.875
vt 0.814542 0.935458
vt 0.83225 0.949045
vt 0.406667 0.47
vt 0.406667 0.28
vt 0.414583 0.28
vt 0.414583 0.47
vt 0.875 0.875
vt 0.83225 0.949045
vt 0.852871 0.957587
vt 0.414583 0.47
vt 0.414583 0.28
vt 0.4225 0.28
vt 0.4225 0.47
vt 0.875 0.875
vt 0.852871 0.957587
vt 0.875 0.9605
vt 0.4225 0.47
vt 0.4225 0.28
vt 0.430417 0.28
vt 0.430417 0.47
vt 0.875 0.875
vt 0.875 0.9605
vt 0.897129 0.957587
vt 0.430417 0.47
vt 0.430417 0.28
vt 0.438333 0.28
vt 0.438333 0.47
vt 0.875 0.875
vt 0.897129 0.957587
vt 0.91775 0.949045
vt 0.438333 0.47
vt 0.438333 0.28
vt 0.44625 0.28
vt 0.44625 0.47
vt 0.875 0.875
vt 0.91775 0.949045
vt 0.935458 0.935458
vt 0.44625 0.47
vt 0.44625 0.28
vt 0.454167 0.28
vt 0.454167 0.47
vt 0.875 0.875
vt 0.935458 0.935458
vt 0.949045 0.91775
vt 0.454167 0.47
vt 0.454167 0.28
vt 0.462083 0.28
vt 0.462083 0.47
vt 0.875 0.875
vt 0.949045 0.91775
vt 0.957587 0.897129
vt 0.462083 0.47
vt 0.462083 0.28
vt 0.47 0.28
vt 0.47 0.47
vt 0.875 0.875
vt 0.957587 0.897129
vt 0.9605 0.875
vn 0.991445 0 0.130526
vn 0.991445 0 0.130526
vn 0.991445 0 0.130526
vn 0.991445 0 0.130526
vn 0 -1 0
vn 0 -1 0
vn 0 -1 0
vn 0.92388 0 0.382683
vn 0.92388 0 0.382683
vn 0.92388 0 0.382683
vn 0.92388 0 0.382683
vn 0 -1 0
vn 0 -1 0
vn 0 -1 0
vn 0.793353 0 0.608761
vn 0.793353 0 0.608761
vn 0.793353 0 0.608761
vn 0.793353 0 0.608761
vn 0 -1 0
vn 0 -1 0
vn 0 -1 0
vn 0.608761 0 0.793353
vn 0.608761 0 0.793353
vn 0.608761 0 0.793353
vn 0.608761 0 0.793353
vn 0 -1 0
vn 0 -1 0
vn 0 -1 0
vn 0.382683 0 0.92388
vn 0.382683 0 0.92388
vn 0.382683 0 0.92388
vn 0.382683 0 0.92388
vn 0 -1 0
vn 0 -1 0
vn 0 -1 0
vn 0.130526 0 0.991445
vn 0.130526 0 0.991445
vn 0.130526 0 0.991445
vn 0.130526 0 0.991445
vn 0 -1 0
vn 0 -1 0
vn 0 -1 0
vn -0.130526 0 0.991445
vn -0.130526 0 0.991445
vn -0.130526 0 0.991445
vn -0.130526 0 0.991445
vn 0 -1 0
vn 0 -1 0
vn 0 -1 0
vn -0.382683 0 0.92388
vn -0.382683 0 0.92388
vn -0.382683 0 0.92388
vn -0.382683 0 0.92388
vn 0 -1 0
vn 0 -1 0
vn 0 -1 0
vn -0.608761 0 0.793353
vn -0.608761 0 0.793353
vn -0.608761 0 0.793353
vn -0.608761 0 0.793353
vn 0 -1 0
vn 0 -1 0
vn 0 -1 0
vn -0.793353 0 0.608761
vn -0.793353 0 0.608761
vn -0.793353 0 0.608761
vn -0.793353 0 0.608761
vn 0 -1 0
vn 0 -1 0
vn 0 -1 0
vn -0.92388 0 0.382683
vn -0.92388 0 0.382683
vn -0.92388 0 0.382683
vn -0.92388 0 0.382683
vn 0 -1 0
vn 0 -1 0
vn 0 -1 0
vn -0.991445 0 0.130526
vn -0.991445 0 0.130526
vn -0.991445 0 0.130526
vn -0.991445 0 0.130526
vn 0 -1 0
vn 0 -1 0
vn 0 -1 0
vn -0.991445 0 -0.130526
vn -0.991445 0 -0.130526
vn -0.991445 0 -0.130526
vn -0.991445 0 -0.130526
vn 0 -1 0
vn 0 -1 0
vn 0 -1 0
vn -0.92388 0 -0.382683
vn -0.92388 0 -0.382683
vn -0.92388 0 -0.382683
vn -0.92388 0 -0.382683
vn 0 -1 0
vn 0 -1 0
vn 0 -1 0
vn -0.793353 0 -0.608761
vn -0.793353 0 -0.608761
vn -0.793353 0 -0.608761
vn -0.793353 0 -0.608761
vn 0 -1 0
vn 0 -1 0
vn 0 -1 0
vn -0.608761 0 -0.793353
vn -0.608761 0 -0.793353
vn -0.608761 0 -0.793353
vn -0.608761 0 -0.793353
vn 0 -1 0
vn 0 -1 0
vn 0 -1 0
vn -0.382683 0 -0.92388
vn -0.382683 0 -0.92388
vn -0.382683 0 -0.92388
vn -0.382683 0 -0.92388
vn 0 -1 0
vn 0 -1 0
vn 0 -1 0
vn -0.130526 0 -0.991445
vn -0.130526 0 -0.991445
vn -0.130526 0 -0.991445
vn -0.130526 0 -0.991445
vn 0 -1 0
vn 0 -1 0
vn 0 -1 0
vn 0.130526 0 -0.991445
vn 0.130526 0 -0.991445
vn 0.130526 0 -0.991445
vn 0.130526 0 -0.991445
vn 0 -1 0
vn 0 -1 0
vn 0 -1 0
vn 0.382683 0 -0.92388
vn 0.382683 0 -0.92388
vn 0.382683 0 -0.92388
vn 0.382683 0 -0.92388
vn 0 -1 0
vn 0 -1 0
vn 0 -1 0
vn 0.608761 0 -0.793353
vn 0.608761 0 -0.793353
vn 0.608761 0 -0.793353
vn 0.608761 0 -0.793353
vn 0 -1 0
vn 0 -1 0
vn 0 -1 0
vn 0.793353 0 -0.608761
vn 0.793353 0 -0.608761
vn 0.793353 0 -0.608761
vn 0.793353 0 -0.608761
vn 0 -1 0
vn 0 -1 0
vn 0 -1 0
vn 0.92388 0 -0.382683
vn 0.92388 0 -0.382683
vn 0.92388 0 -0.382683
vn 0.92388 0 -0.382683
vn 0 -1 0
vn 0 -1 0
vn 0 -1 0
vn 0.991445 0 -0.130526
vn 0.991445 0 -0.130526
vn 0.991445 0 -0.130526
vn 0.991445 0 -0.130526
vn 0 -1 0
vn 0 -1 0
vn 0 -1 0
f 3685/3685/3685 3686/3686/3686 3687/3687/3687
f 3685/3685/3685 3687/3687/3687 3688/3688/3688
f 3689/3689/3689 3690/3690/3690 3691/3691/3691
f 3692/3692/3692 3693/3693/3693 3694/3694/3694
f 3692/3692/3692 3694/3694/3694 3695/3695/3695
f 3696/3696/3696 3697/3697/3697 3698/3698/3698
f 3699/3699/3699 3700/3700/3700 3701/3701/3701
f 3699/3699/3699 3701/3701/3701 3702/3702/3702
f 3703/3703/3703 3704/3704/3704 3705/3705/3705
f 3706/3706/3706 3707/3707/3707 3708/3708/3708
f 3706/3706/3706 3708/3708/3708 3709/3709/3709
f 3710/3710/3710 3711/3711/3711 3712/3712/3712
f 3713/3713/3713 3714/3714/3714 3715/3715/3715
f 3713/3713/3713 3715/3715/3715 3716/3716/3716
f 3717/3717/3717 3718/3718/3718 3719/3719/3719
f 3720/3720/3720 3721/3721/3721 3722/3722/3722
f 3720/3720/3720 3722/3722/3722 3723/3723/3723
f 3724/3724/3724 3725/3725/3725 3726/3726/3726
f 3727/3727/3727 3728/3728/3728 3729/3729/3729
f 3727/3727/3727 3729/3729/3729 3730/3730/3730
f 3731/3731/3731 3732/3732/3732 3733/3733/3733
f 3734/3734/3734 3735/3735/3735 3736/3736/3736
f 3734/3734/3734 3736/3736/3736 3737/3737/3737
f 3738/3738/3738 3739/3739/3739 3740/3740/3740
f 3741/3741/3741 3742/3742/3742 3743/3743/3743
f 3741/3741/3741 3743/3743/3743 3744/3744/3744
f 3745/3745/3745 3746/3746/3746 3747/3747/3747
f 3748/3748/3748 3749/3749/3749 3750/3750/3750
f 3748/3748/3748 3750/3750/3750 3751/3751/3751
f 3752/3752/3752 3753/3753/3753 3754/3754/3754
f 3755/3755/3755 3756/3756/3756 3757/3757/3757
f 3755/3755/3755 3757/3757/3757 3758/3758/3758
f 3759/3759/3759 3760/3760/3760 3761/3761/3761
f 3762/3762/3762 3763/3763/3763 3764/3764/3764
f 3762/3762/3762 3764/3764/3764 3765/3765/3765
f 3766/3766/3766 3767/3767/3767 3768/3768/3768
f 3769/3769/3769 3770/3770/3770 3771/3771/3771
f 3769/3769/3769 3771/3771/3771 3772/3772/3772
f 3773/3773/3773 3774/3774/3774 3775/3775/3775
f 3776/3776/3776 3777/3777/3777 3778/3778/3778
f 3776/3776/3776 3778/3778/3778 3779/3779/3779
f 3780/3780/3780 3781/3781/3781 3782/3782/3782
f 3783/3783/3783 3784/3784/3784 3785/3785/3785
f 3783/3783/3783 3785/3785/3785 3786/3786/3786
f 3787/3787/3787 3788/3788/3788 3789/3789/3789
f 3790/3790/3790 3791/3791/3791 3792/3792/3792
f 3790/3790/3790 3792/3792/3792 3793/3793/3793
f 3794/3794/3794 3795/3795/3795 3796/3796/3796
f 3797/3797/3797 3798/3798/3798 3799/3799/3799
f 3797/3797/3797 3799/3799/3799 3800/3800/3800
f 3801/3801/3801 3802/3802/3802 3803/3803/3803
f 3804/3804/3804 3805/3805/3805 3806/3806/3806
f 3804/3804/3804 3806/3806/3806 3807/3807/3807
f 3808/3808/3808 3809/3809/3809 3810/3810/3810
f 3811/3811/3811 3812/3812/3812 3813/3813/3813
f 3811/3811/3811 3813/3813/3813 3814/3814/3814
f 3815/3815/3815 3816/3816/3816 3817/3817/3817
f 3818/3818/3818 3819/3819/3819 3820/3820/3820
f 3818/3818/3818 3820/3820/3820 3821/3821/3821
f 3822/3822/3822 3823/3823/3823 3824/3824/3824
f 3825/3825/3825 3826/3826/3826 3827/3827/3827
f 3825/3825/3825 3827/3827/3827 3828/3828/3828
f 3829/3829/3829 3830/3830/3830 3831/3831/3831
f 3832/3832/3832 3833/3833/3833 3834/3834/3834
f 3832/3832/3832 3834/3834/3834 3835/3835/3835
f 3836/3836/3836 3837/3837/3837 3838/3838/3838
f 3839/3839/3839 3840/3840/3840 3841/3841/3841
f 3839/3839/3839 3841/3841/3841 3842/3842/3842
f 3843/3843/3843 3844/3844/3844 3845/3845/3845
f 3846/3846/3846 3847/3847/3847 3848/3848/3848
f 3846/3846/3846 3848/3848/3848 3849/3849/3849
f 3850/3850/3850 3851/3851/3851 3852/3852/3852
o TreadsStop
usemtl ObjectsGDI
v 16 -9.2 0.8
v 16 9.2 0.8
v 16 9.2 1.2
v 16 -9.2 1.2
v -16 9.2 0.8
v -16 -9.2 0.8
v -16 -9.2 1.2
v -16 9.2 1.2
v 16 9.2 0.8
v -16 9.2 0.8
v -16 9.2 1.2
v 16 9.2 1.2
v -16 -9.2 0.8
v 16 -9.2 0.8
v 16 -9.2 1.2
v -16 -9.2 1.2
v -16 -9.2 1.2
v 16 -9.2 1.2
v 16 9.2 1.2
v -16 9.2 1.2
v 16 -9.2 0.8
v -16 -9.2 0.8
v -16 9.2 0.8
v 16 9.2 0.8
vt 0.28 0.47
vt 0.47 0.47
vt 0.47 0.28
vt 0.28 0.28
vt 0.28 0.47
vt 0.47 0.47
vt 0.47 0.28
vt 0.28 0.28
vt 0.28 0.47
vt 0.47 0.47
vt 0.47 0.28
vt 0.28 0.28
vt 0.28 0.47
vt 0.47 0.47
vt 0.47 0.28
vt 0.28 0.28
vt 0.28 0.47
vt 0.47 0.47
vt 0.47 0.28
vt 0.28 0.28
vt 0.28 0.47
vt 0.47 0.47
vt 0.47 0.28
vt 0.28 0.28
vn 1 0 0
vn 1 0 0
vn 1 0 0
vn 1 0 0
vn -1 0 0
vn -1 0 0
vn -1 0 0
vn -1 0 0
vn 0 1 0
vn 0 1 0
vn 0 1 0
vn 0 1 0
vn 0 -1 0
vn 0 -1 0
vn 0 -1 0
vn 0 -1 0
vn 0 0 1
vn 0 0 1
vn 0 0 1
vn 0 0 1
vn 0 0 -1
vn 0 0 -1
vn 0 0 -1
vn 0 0 -1
f 3853/3853/3853 3854/3854/3854 3855/3855/3855
f 3853/3853/3853 3855/3855/3855 3856/3856/3856
f 3857/3857/3857 3858/3858/3858 3859/3859/3859
f 3857/3857/3857 3859/3859/3859 3860/3860/3860
f 3861/3861/3861 3862/3862/3862 3863/3863/3863
f 3861/3861/3861 3863/3863/3863 3864/3864/3864
f 3865/3865/3865 3866/3866/3866 3867/3867/3867
f 3865/3865/3865 3867/3867/3867 3868/3868/3868
f 3869/3869/3869 3870/3870/3870 3871/3871/3871
f 3869/3869/3869 3871/3871/3871 3872/3872/3872
f 3873/3873/3873 3874/3874/3874 3875/3875/3875
f 3873/3873/3873 3875/3875/3875 3876/3876/3876
o TreadsMove
usemtl ObjectsGDI
v 16 -9.2 0.8
v 16 9.2 0.8
v 16 9.2 1.2
v 16 -9.2 1.2
v -16 9.2 0.8
v -16 -9.2 0.8
v -16 -9.2 1.2
v -16 9.2 1.2
v 16 9.2 0.8
v -16 9.2 0.8
v -16 9.2 1.2
v 16 9.2 1.2
v -16 -9.2 0.8
v 16 -9.2 0.8
v 16 -9.2 1.2
v -16 -9.2 1.2
v -16 -9.2 1.2
v 16 -9.2 1.2
v 16 9.2 1.2
v -16 9.2 1.2
v 16 -9.2 0.8
v -16 -9.2 0.8
v -16 9.2 0.8
v 16 9.2 0.8
vt 0.28 0.47
vt 0.47 0.47
vt 0.47 0.28
vt 0.28 0.28
vt 0.28 0.47
vt 0.47 0.47
vt 0.47 0.28
vt 0.28 0.28
vt 0.28 0.47
vt 0.47 0.47
vt 0.47 0.28
vt 0.28 0.28
vt 0.28 0.47
vt 0.47 0.47
vt 0.47 0.28
vt 0.28 0.28
vt 0.28 0.47
vt 0.47 0.47
vt 0.47 0.28
vt 0.28 0.28
vt 0.28 0.47
vt 0.47 0.47
vt 0.47 0.28
vt 0.28 0.28
vn 1 0 0
vn 1 0 0
vn 1 0 0
vn 1 0 0
vn -1 0 0
vn -1 0 0
vn -1 0 0
vn -1 0 0
vn 0 1 0
vn 0 1 0
vn 0 1 0
vn 0 1 0
vn 0 -1 0
vn 0 -1 0
vn 0 -1 0
vn 0 -1 0
vn 0 0 1
vn 0 0 1
vn 0 0 1
vn 0 0 1
vn 0 0 -1
vn 0 0 -1
vn 0 0 -1
vn 0 0 -1
f 3877/3877/3877 3878/3878/3878 3879/3879/3879
f 3877/3877/3877 3879/3879/3879 3880/3880/3880
f 3881/3881/3881 3882/3882/3882 3883/3883/3883
f 3881/3881/3881 3883/3883/3883 3884/3884/3884
f 3885/3885/3885 3886/3886/3886 3887/3887/3887
f 3885/3885/3885 3887/3887/3887 3888/3888/3888
f 3889/3889/3889 3890/3890/3890 3891/3891/3891
f 3889/3889/3889 3891/3891/3891 3892/3892/3892
f 3893/3893/3893 3894/3894/3894 3895/3895/3895
f 3893/3893/3893 3895/3895/3895 3896/3896/3896
f 3897/3897/3897 3898/3898/3898 3899/3899/3899
f 3897/3897/3897 3899/3899/3899 3900/3900/3900
o TreadsTurnLeft
usemtl ObjectsGDI
v 16 -9.2 0.8
v 16 9.2 0.8
v 16 9.2 1.2
v 16 -9.2 1.2
v -16 9.2 0.8
v -16 -9.2 0.8
v -16 -9.2 1.2
v -16 9.2 1.2
v 16 9.2 0.8
v -16 9.2 0.8
v -16 9.2 1.2
v 16 9.2 1.2
v -16 -9.2 0.8
v 16 -9.2 0.8
v 16 -9.2 1.2
v -16 -9.2 1.2
v -16 -9.2 1.2
v 16 -9.2 1.2
v 16 9.2 1.2
v -16 9.2 1.2
v 16 -9.2 0.8
v -16 -9.2 0.8
v -16 9.2 0.8
v 16 9.2 0.8
vt 0.28 0.47
vt 0.47 0.47
vt 0.47 0.28
vt 0.28 0.28
vt 0.28 0.47
vt 0.47 0.47
vt 0.47 0.28
vt 0.28 0.28
vt 0.28 0.47
vt 0.47 0.47
vt 0.47 0.28
vt 0.28 0.28
vt 0.28 0.47
vt 0.47 0.47
vt 0.47 0.28
vt 0.28 0.28
vt 0.28 0.47
vt 0.47 0.47
vt 0.47 0.28
vt 0.28 0.28
vt 0.28 0.47
vt 0.47 0.47
vt 0.47 0.28
vt 0.28 0.28
vn 1 0 0
vn 1 0 0
vn 1 0 0
vn 1 0 0
vn -1 0 0
vn -1 0 0
vn -1 0 0
vn -1 0 0
vn 0 1 0
vn 0 1 0
vn 0 1 0
vn 0 1 0
vn 0 -1 0
vn 0 -1 0
vn 0 -1 0
vn 0 -1 0
vn 0 0 1
vn 0 0 1
vn 0 0 1
vn 0 0 1
vn 0 0 -1
vn 0 0 -1
vn 0 0 -1
vn 0 0 -1
f 3901/3901/3901 3902/3902/3902 3903/3903/3903
f 3901/3901/3901 3903/3903/3903 3904/3904/3904
f 3905/3905/3905 3906/3906/3906 3907/3907/3907
f 3905/3905/3905 3907/3907/3907 3908/3908/3908
f 3909/3909/3909 3910/3910/3910 3911/3911/3911
f 3909/3909/3909 3911/3911/3911 3912/3912/3912
f 3913/3913/3913 3914/3914/3914 3915/3915/3915
f 3913/3913/3913 3915/3915/3915 3916/3916/3916
f 3917/3917/3917 3918/3918/3918 3919/3919/3919
f 3917/3917/3917 3919/3919/3919 3920/3920/3920
f 3921/3921/3921 3922/3922/3922 3923/3923/3923
f 3921/3921/3921 3923/3923/3923 3924/3924/3924
o TreadsTurnRight
usemtl ObjectsGDI
v 16 -9.2 0.8
v 16 9.2 0.8
v 16 9.2 1.2
v 16 -9.2 1.2
v -16 9.2 0.8
v -16 -9.2 0.8
v -16 -9.2 1.2
v -16 9.2 1.2
v 16 9.2 0.8
v -16 9.2 0.8
v -16 9.2 1.2
v 16 9.2 1.2
v -16 -9.2 0.8
v 16 -9.2 0.8
v 16 -9.2 1.2
v -16 -9.2 1.2
v -16 -9.2 1.2
v 16 -9.2 1.2
v 16 9.2 1.2
v -16 9.2 1.2
v 16 -9.2 0.8
v -16 -9.2 0.8
v -16 9.2 0.8
v 16 9.2 0.8
vt 0.28 0.47
vt 0.47 0.47
vt 0.47 0.28
vt 0.28 0.28
vt 0.28 0.47
vt 0.47 0.47
vt 0.47 0.28
vt 0.28 0.28
vt 0.28 0.47
vt 0.47 0.47
vt 0.47 0.28
vt 0.28 0.28
vt 0.28 0.47
vt 0.47 0.47
vt 0.47 0.28
vt 0.28 0.28
vt 0.28 0.47
vt 0.47 0.47
vt 0.47 0.28
vt 0.28 0.28
vt 0.28 0.47
vt 0.47 0.47
vt 0.47 0.28
vt 0.28 0.28
vn 1 0 0
vn 1 0 0
vn 1 0 0
vn 1 0 0
vn -1 0 0
vn -1 0 0
vn -1 0 0
vn -1 0 0
vn 0 1 0
vn 0 1 0
vn 0 1 0
vn 0 1 0
vn 0 -1 0
vn 0 -1 0
vn 0 -1 0
vn 0 -1 0
vn 0 0 1
vn 0 0 1
vn 0 0 1
vn 0 0 1
vn 0 0 -1
vn 0 0 -1
vn 0 0 -1
vn 0 0 -1
f 3925/3925/3925 3926/3926/3926 3927/3927/3927
f 3925/3925/3925 3927/3927/3927 3928/3928/3928
f 3929/3929/3929 3930/3930/3930 3931/3931/3931
f 3929/3929/3929 3931/3931/3931 3932/3932/3932
f 3933/3933/3933 3934/3934/3934 3935/3935/3935
f 3933/3933/3933 3935/3935/3935 3936/3936/3936
f 3937/3937/3937 3938/3938/3938 3939/3939/3939
f 3937/3937/3937 3939/3939/3939 3940/3940/3940
f 3941/3941/3941 3942/3942/3942 3943/3943/3943
f 3941/3941/3941 3943/3943/3943 3944/3944/3944
f 3945/3945/3945 3946/3946/3946 3947/3947/3947
f 3945/3945/3945 3947/3947/3947 3948/3948/3948
